district,pincode,future_biometric_load
?,181206,2
Adilabad,504001,21602
Adilabad,504002,53
Adilabad,504101,2261
Adilabad,504102,4982
Adilabad,504103,9189
Adilabad,504104,2185
Adilabad,504105,1540
Adilabad,504106,6696
Adilabad,504109,2999
Adilabad,504110,2944
Adilabad,504201,5237
Adilabad,504202,3229
Adilabad,504203,4095
Adilabad,504204,3448
Adilabad,504205,3423
Adilabad,504206,2229
Adilabad,504207,2507
Adilabad,504208,6841
Adilabad,504209,1000
Adilabad,504214,5371
Adilabad,504215,4024
Adilabad,504216,3070
Adilabad,504218,419
Adilabad,504219,5522
Adilabad,504220,134
Adilabad,504231,3974
Adilabad,504251,7605
Adilabad,504272,2135
Adilabad,504273,5401
Adilabad,504292,2372
Adilabad,504293,6303
Adilabad,504294,4856
Adilabad,504295,3090
Adilabad,504296,8881
Adilabad,504299,17450
Adilabad,504301,1704
Adilabad,504302,2418
Adilabad,504303,1372
Adilabad,504304,5397
Adilabad,504306,1942
Adilabad,504307,7147
Adilabad,504308,4564
Adilabad,504309,8502
Adilabad,504310,2341
Adilabad,504311,12529
Adilabad,504312,6679
Adilabad,504313,3826
Adilabad,504323,2586
Adilabad,504346,7714
Agar Malwa,465230,2113
Agar Malwa,465441,6069
Agar Malwa,465445,6615
Agar Malwa,465447,5952
Agar Malwa,465449,6306
Agar Malwa,465550,2905
Agra,202412,2
Agra,209401,4
Agra,209821,5
Agra,212641,2
Agra,212653,2
Agra,224164,2
Agra,250611,4
Agra,282001,53900
Agra,282002,20474
Agra,282003,10569
Agra,282004,7963
Agra,282005,16057
Agra,282006,33899
Agra,282007,25132
Agra,282008,52
Agra,282009,10939
Agra,282010,18705
Agra,283101,12103
Agra,283102,8785
Agra,283104,12204
Agra,283105,8051
Agra,283110,16682
Agra,283111,23489
Agra,283112,6907
Agra,283113,6737
Agra,283114,11502
Agra,283115,9309
Agra,283119,8302
Agra,283121,8874
Agra,283122,7407
Agra,283123,10718
Agra,283124,11030
Agra,283125,22146
Agra,283126,10629
Agra,283201,17534
Agra,283202,8717
Ahilyanagar,400003,14
Ahilyanagar,400012,16
Ahilyanagar,400033,18
Ahilyanagar,400037,175
Ahilyanagar,412210,397
Ahilyanagar,413201,10130
Ahilyanagar,413204,5820
Ahilyanagar,413205,4474
Ahilyanagar,413701,10159
Ahilyanagar,413702,6502
Ahilyanagar,413703,6107
Ahilyanagar,413704,4809
Ahilyanagar,413705,16182
Ahilyanagar,413706,8525
Ahilyanagar,413707,3886
Ahilyanagar,413708,3295
Ahilyanagar,413709,14426
Ahilyanagar,413710,6370
Ahilyanagar,413711,4478
Ahilyanagar,413712,1454
Ahilyanagar,413713,2951
Ahilyanagar,413714,6051
Ahilyanagar,413715,8960
Ahilyanagar,413716,6310
Ahilyanagar,413717,1436
Ahilyanagar,413718,2488
Ahilyanagar,413719,3703
Ahilyanagar,413720,3257
Ahilyanagar,413721,5009
Ahilyanagar,413722,1809
Ahilyanagar,413723,2452
Ahilyanagar,413725,5381
Ahilyanagar,413726,4729
Ahilyanagar,413728,6602
Ahilyanagar,413736,4991
Ahilyanagar,413737,3489
Ahilyanagar,413738,3516
Ahilyanagar,413739,5194
Ahilyanagar,414001,33276
Ahilyanagar,414002,9170
Ahilyanagar,414003,9560
Ahilyanagar,414005,7963
Ahilyanagar,414006,4605
Ahilyanagar,414101,4437
Ahilyanagar,414102,21736
Ahilyanagar,414103,8220
Ahilyanagar,414105,9774
Ahilyanagar,414106,13037
Ahilyanagar,414111,8003
Ahilyanagar,414113,5296
Ahilyanagar,414201,3808
Ahilyanagar,414301,4868
Ahilyanagar,414302,6051
Ahilyanagar,414303,2256
Ahilyanagar,414304,7541
Ahilyanagar,414305,3457
Ahilyanagar,414306,5177
Ahilyanagar,414307,2646
Ahilyanagar,414401,10791
Ahilyanagar,414402,12425
Ahilyanagar,414403,10305
Ahilyanagar,414501,8977
Ahilyanagar,414502,18571
Ahilyanagar,414503,6076
Ahilyanagar,414504,1014
Ahilyanagar,414505,5513
Ahilyanagar,414601,7115
Ahilyanagar,414602,3366
Ahilyanagar,414603,15123
Ahilyanagar,414604,6107
Ahilyanagar,414605,1648
Ahilyanagar,414606,2459
Ahilyanagar,414607,2267
Ahilyanagar,414609,1532
Ahilyanagar,414701,8024
Ahilyanagar,422601,21544
Ahilyanagar,422602,2730
Ahilyanagar,422603,4407
Ahilyanagar,422604,20373
Ahilyanagar,422605,32451
Ahilyanagar,422608,1607
Ahilyanagar,422610,11365
Ahilyanagar,422611,6650
Ahilyanagar,422620,5800
Ahilyanagar,422622,7097
Ahilyanagar,423107,13407
Ahilyanagar,423109,12568
Ahilyanagar,423601,14776
Ahilyanagar,423602,3633
Ahilyanagar,423603,5822
Ahilyanagar,423604,1447
Ahilyanagar,423605,3548
Ahilyanagar,423607,868
Ahilyanagar,431105,16
Ahmadabad,363421,2
Ahmadabad,363610,7
Ahmadabad,380001,6265
Ahmadabad,380002,9
Ahmadabad,380004,2732
Ahmadabad,380005,84
Ahmadabad,380006,114
Ahmadabad,380007,1044
Ahmadabad,380008,1114
Ahmadabad,380009,64
Ahmadabad,380013,2415
Ahmadabad,380014,32
Ahmadabad,380015,1292
Ahmadabad,380016,198
Ahmadabad,380018,116
Ahmadabad,380019,20
Ahmadabad,380021,802
Ahmadabad,380022,1094
Ahmadabad,380023,155
Ahmadabad,380024,882
Ahmadabad,380026,1010
Ahmadabad,380027,23
Ahmadabad,380028,1258
Ahmadabad,380050,374
Ahmadabad,380051,1322
Ahmadabad,380052,93
Ahmadabad,380054,159
Ahmadabad,380055,278
Ahmadabad,380058,560
Ahmadabad,380059,93
Ahmadabad,380060,30
Ahmadabad,380061,483
Ahmadabad,380063,107
Ahmadabad,382110,12
Ahmadabad,382145,2
Ahmadabad,382150,9
Ahmadabad,382170,5
Ahmadabad,382210,84
Ahmadabad,382213,4
Ahmadabad,382220,39
Ahmadabad,382255,2
Ahmadabad,382260,4
Ahmadabad,382330,344
Ahmadabad,382340,233
Ahmadabad,382345,650
Ahmadabad,382350,351
Ahmadabad,382405,109
Ahmadabad,382415,114
Ahmadabad,382418,43
Ahmadabad,382425,121
Ahmadabad,382427,2
Ahmadabad,382430,2
Ahmadabad,382433,7
Ahmadabad,382435,5
Ahmadabad,382440,355
Ahmadabad,382443,255
Ahmadabad,382445,200
Ahmadabad,382449,62
Ahmadabad,382450,5
Ahmadabad,382463,2
Ahmadabad,382470,11
Ahmadabad,382475,32
Ahmadabad,382480,184
Ahmadabad,382481,351
Ahmadabad,387810,118
Ahmed Nagar,400037,9
Ahmed Nagar,413201,41
Ahmed Nagar,413204,2
Ahmed Nagar,413205,23
Ahmed Nagar,413701,4
Ahmed Nagar,413702,2
Ahmed Nagar,413703,2
Ahmed Nagar,413704,2
Ahmed Nagar,413705,16
Ahmed Nagar,413706,20
Ahmed Nagar,413708,62
Ahmed Nagar,413709,4
Ahmed Nagar,413710,16
Ahmed Nagar,413711,4
Ahmed Nagar,413712,5
Ahmed Nagar,413713,4
Ahmed Nagar,413714,1014
Ahmed Nagar,413715,21
Ahmed Nagar,413717,2
Ahmed Nagar,413719,25
Ahmed Nagar,413720,107
Ahmed Nagar,413723,11
Ahmed Nagar,413728,9
Ahmed Nagar,413736,282
Ahmed Nagar,413737,59
Ahmed Nagar,413738,269
Ahmed Nagar,413739,12
Ahmed Nagar,414001,786
Ahmed Nagar,414002,139
Ahmed Nagar,414003,30
Ahmed Nagar,414005,98
Ahmed Nagar,414006,103
Ahmed Nagar,414101,14
Ahmed Nagar,414102,4
Ahmed Nagar,414103,50
Ahmed Nagar,414105,2
Ahmed Nagar,414106,21
Ahmed Nagar,414111,93
Ahmed Nagar,414113,7
Ahmed Nagar,414201,135
Ahmed Nagar,414302,2
Ahmed Nagar,414304,11
Ahmed Nagar,414307,2
Ahmed Nagar,414401,12
Ahmed Nagar,414402,143
Ahmed Nagar,414403,11
Ahmed Nagar,414502,23
Ahmed Nagar,414505,5
Ahmed Nagar,414601,87
Ahmed Nagar,414602,57
Ahmed Nagar,414603,4
Ahmed Nagar,414604,118
Ahmed Nagar,414605,2
Ahmed Nagar,414606,2
Ahmed Nagar,414607,2
Ahmed Nagar,422601,12
Ahmed Nagar,422602,4
Ahmed Nagar,422603,772
Ahmed Nagar,422604,697
Ahmed Nagar,422605,3493
Ahmed Nagar,422608,123
Ahmed Nagar,422610,403
Ahmed Nagar,422611,561
Ahmed Nagar,422620,116
Ahmed Nagar,422622,7
Ahmed Nagar,423107,153
Ahmed Nagar,423109,29
Ahmed Nagar,423601,50
Ahmedabad,363421,23
Ahmedabad,363425,25
Ahmedabad,363610,2755
Ahmedabad,380001,31905
Ahmedabad,380002,141
Ahmedabad,380004,16301
Ahmedabad,380005,13541
Ahmedabad,380006,2826
Ahmedabad,380007,12137
Ahmedabad,380008,15168
Ahmedabad,380009,1921
Ahmedabad,380013,17185
Ahmedabad,380014,561
Ahmedabad,380015,14179
Ahmedabad,380016,26818
Ahmedabad,380018,13295
Ahmedabad,380019,2345
Ahmedabad,380021,17996
Ahmedabad,380022,18767
Ahmedabad,380023,8796
Ahmedabad,380024,16428
Ahmedabad,380026,25694
Ahmedabad,380027,1320
Ahmedabad,380028,21873
Ahmedabad,380049,7
Ahmedabad,380050,5675
Ahmedabad,380051,16643
Ahmedabad,380052,3184
Ahmedabad,380054,3398
Ahmedabad,380055,11707
Ahmedabad,380057,14
Ahmedabad,380058,11590
Ahmedabad,380059,4125
Ahmedabad,380060,6696
Ahmedabad,380061,12502
Ahmedabad,380063,1541
Ahmedabad,382110,10316
Ahmedabad,382115,2521
Ahmedabad,382120,4196
Ahmedabad,382130,3133
Ahmedabad,382140,2096
Ahmedabad,382145,2276
Ahmedabad,382150,18691
Ahmedabad,382170,3644
Ahmedabad,382210,11032
Ahmedabad,382213,1878
Ahmedabad,382220,10980
Ahmedabad,382225,845
Ahmedabad,382230,7026
Ahmedabad,382240,3464
Ahmedabad,382245,185
Ahmedabad,382250,1807
Ahmedabad,382255,1777
Ahmedabad,382260,2019
Ahmedabad,382265,2432
Ahmedabad,382315,98
Ahmedabad,382320,2
Ahmedabad,382330,21953
Ahmedabad,382340,12490
Ahmedabad,382345,21752
Ahmedabad,382350,25221
Ahmedabad,382355,2
Ahmedabad,382405,16194
Ahmedabad,382415,19660
Ahmedabad,382418,14802
Ahmedabad,382421,793
Ahmedabad,382424,10431
Ahmedabad,382425,3191
Ahmedabad,382427,1736
Ahmedabad,382430,7798
Ahmedabad,382433,3999
Ahmedabad,382435,3970
Ahmedabad,382440,19765
Ahmedabad,382443,8587
Ahmedabad,382445,8605
Ahmedabad,382449,7279
Ahmedabad,382450,2545
Ahmedabad,382455,1850
Ahmedabad,382460,6686
Ahmedabad,382463,1210
Ahmedabad,382465,1618
Ahmedabad,382470,6559
Ahmedabad,382475,4943
Ahmedabad,382480,10260
Ahmedabad,382481,15954
Ahmedabad,382721,9
Ahmedabad,382845,7
Ahmedabad,384210,57
Ahmedabad,387810,13127
Aizawl,796001,13088
Aizawl,796004,4
Aizawl,796005,7078
Aizawl,796007,4179
Aizawl,796008,3322
Aizawl,796009,5813
Aizawl,796012,4287
Aizawl,796014,2725
Aizawl,796015,1028
Aizawl,796017,7500
Aizawl,796025,795
Aizawl,796036,1130
Aizawl,796101,2
Aizawl,796111,3849
Aizawl,796161,2284
Aizawl,796190,2074
Aizawl,796230,105
Aizawl,796261,5433
Aizawl,796410,2345
Aizawl,796441,98
Ajmer,305001,37176
Ajmer,305002,1630
Ajmer,305003,2534
Ajmer,305004,2046
Ajmer,305005,1575
Ajmer,305007,89
Ajmer,305012,841
Ajmer,305021,638
Ajmer,305022,4904
Ajmer,305023,5574
Ajmer,305024,1525
Ajmer,305025,6094
Ajmer,305201,1092
Ajmer,305202,4535
Ajmer,305203,2215
Ajmer,305204,3475
Ajmer,305205,2459
Ajmer,305206,3380
Ajmer,305207,2582
Ajmer,305401,3934
Ajmer,305402,2135
Ajmer,305403,4282
Ajmer,305404,7456
Ajmer,305405,2500
Ajmer,305406,2555
Ajmer,305407,5314
Ajmer,305408,2117
Ajmer,305412,4806
Ajmer,305415,2769
Ajmer,305601,7311
Ajmer,305621,4253
Ajmer,305622,4772
Ajmer,305623,12479
Ajmer,305624,10086
Ajmer,305625,1459
Ajmer,305627,2701
Ajmer,305628,3396
Ajmer,305629,25
Ajmer,305801,17345
Ajmer,305802,4193
Ajmer,305811,3432
Ajmer,305812,1584
Ajmer,305813,4745
Ajmer,305814,5209
Ajmer,305815,2040
Ajmer,305816,780
Ajmer,305819,1287
Ajmer,305901,27023
Ajmer,305922,3275
Ajmer,305923,1844
Ajmer,305924,1543
Ajmer,305925,2801
Ajmer,305926,3861
Ajmer,305927,3101
Akhera,122107,2
Akola,444001,56266
Akola,444002,20056
Akola,444003,10779
Akola,444004,5492
Akola,444005,6832
Akola,444006,12691
Akola,444101,30615
Akola,444102,14350
Akola,444103,12461
Akola,444104,6602
Akola,444105,160
Akola,444106,8965
Akola,444107,21542
Akola,444108,19487
Akola,444109,10237
Akola,444110,560
Akola,444111,2621
Akola,444115,346
Akola,444117,2186
Akola,444126,3842
Akola,444302,10975
Akola,444303,116
Akola,444311,9343
Akola,444401,12566
Akola,444402,34
Akola,444403,12
Akola,444405,7691
Akola,444407,6240
Akola,444501,22328
Akola,444502,7096
Akola,444503,1103
Akola,444511,6189
Akola,444802,27
Alappuzha,686102,355
Alappuzha,686103,41
Alappuzha,686534,472
Alappuzha,688001,1965
Alappuzha,688002,1916
Alappuzha,688003,1757
Alappuzha,688004,3291
Alappuzha,688005,2662
Alappuzha,688006,3482
Alappuzha,688007,1372
Alappuzha,688008,764
Alappuzha,688009,577
Alappuzha,688011,996
Alappuzha,688012,980
Alappuzha,688013,1012
Alappuzha,688014,552
Alappuzha,688501,1313
Alappuzha,688502,184
Alappuzha,688503,889
Alappuzha,688504,1358
Alappuzha,688505,1171
Alappuzha,688506,1151
Alappuzha,688521,1267
Alappuzha,688522,2568
Alappuzha,688523,1272
Alappuzha,688524,3215
Alappuzha,688525,2192
Alappuzha,688526,3035
Alappuzha,688527,1700
Alappuzha,688528,672
Alappuzha,688529,1363
Alappuzha,688530,2995
Alappuzha,688531,1755
Alappuzha,688532,1483
Alappuzha,688533,682
Alappuzha,688534,2901
Alappuzha,688535,1698
Alappuzha,688536,932
Alappuzha,688537,3161
Alappuzha,688538,3863
Alappuzha,688539,3231
Alappuzha,688540,1260
Alappuzha,688541,1919
Alappuzha,688546,4
Alappuzha,688555,855
Alappuzha,688561,3154
Alappuzha,688562,1037
Alappuzha,688570,652
Alappuzha,688582,1094
Alappuzha,689109,549
Alappuzha,689121,1042
Alappuzha,689122,479
Alappuzha,689123,292
Alappuzha,689124,1130
Alappuzha,689126,428
Alappuzha,689504,793
Alappuzha,689505,1212
Alappuzha,689506,745
Alappuzha,689508,875
Alappuzha,689509,1281
Alappuzha,689510,1115
Alappuzha,689511,1091
Alappuzha,689512,403
Alappuzha,689520,649
Alappuzha,689521,497
Alappuzha,689571,232
Alappuzha,689572,1064
Alappuzha,689573,1212
Alappuzha,689574,317
Alappuzha,689590,266
Alappuzha,689595,1472
Alappuzha,689622,2067
Alappuzha,689623,1035
Alappuzha,689624,802
Alappuzha,689627,192
Alappuzha,690101,1304
Alappuzha,690102,590
Alappuzha,690103,1597
Alappuzha,690104,866
Alappuzha,690105,1126
Alappuzha,690106,1736
Alappuzha,690107,1356
Alappuzha,690108,340
Alappuzha,690110,998
Alappuzha,690112,2
Alappuzha,690501,1905
Alappuzha,690502,3225
Alappuzha,690503,2541
Alappuzha,690504,2026
Alappuzha,690505,2186
Alappuzha,690506,1919
Alappuzha,690507,1151
Alappuzha,690508,1377
Alappuzha,690509,1114
Alappuzha,690510,611
Alappuzha,690511,1369
Alappuzha,690512,1299
Alappuzha,690513,729
Alappuzha,690514,2536
Alappuzha,690515,2110
Alappuzha,690516,2750
Alappuzha,690517,2527
Alappuzha,690527,1050
Alappuzha,690529,994
Alappuzha,690530,791
Alappuzha,690531,1221
Alappuzha,690532,873
Alappuzha,690533,1898
Alappuzha,690534,666
Alappuzha,690535,1538
Alappuzha,690537,677
Alappuzha,690547,486
Alappuzha,690548,1105
Alappuzha,690558,1294
Alappuzha,690559,1048
Alappuzha,690571,207
Alappuzha,690572,1552
Aligarh,202001,104995
Aligarh,202002,23844
Aligarh,202121,8480
Aligarh,202122,6570
Aligarh,202123,8475
Aligarh,202124,9685
Aligarh,202125,12914
Aligarh,202126,6016
Aligarh,202127,6509
Aligarh,202128,3516
Aligarh,202129,10373
Aligarh,202130,9564
Aligarh,202131,7769
Aligarh,202132,8318
Aligarh,202133,17263
Aligarh,202134,7741
Aligarh,202135,4715
Aligarh,202136,3845
Aligarh,202137,8115
Aligarh,202138,7955
Aligarh,202139,34
Aligarh,202140,7899
Aligarh,202141,4947
Aligarh,202142,3796
Aligarh,202143,1761
Aligarh,202145,9129
Aligarh,202150,4950
Aligarh,202155,5160
Aligarh,202165,8038
Aligarh,202170,2844
Aligarh,202280,13254
Aligarh,202281,6736
Aligarh,202282,5173
Aligarh,204101,80
Aligarh,204212,2
Aligarh,204213,1450
Aligarh,204215,2219
Aligarh,204216,1363
Alipurduar,735204,864
Alipurduar,735208,55
Alipurduar,735211,1449
Alipurduar,735213,96
Alipurduar,735214,388
Alipurduar,735215,141
Alipurduar,735216,387
Alipurduar,735217,552
Alipurduar,735220,636
Alipurduar,735226,16
Alipurduar,735227,34
Alipurduar,735228,66
Alipurduar,736121,1832
Alipurduar,736122,269
Alipurduar,736123,693
Alipurduar,736165,2
Alipurduar,736182,438
Alipurduar,736201,171
Alipurduar,736202,1187
Alipurduar,736203,408
Alipurduar,736204,973
Alipurduar,736205,55
Alipurduar,736206,1205
Alipurduar,736207,870
Alipurduar,736208,800
Alirajpur,457001,4
Alirajpur,457114,2
Alirajpur,457661,71
Alirajpur,457775,5
Alirajpur,457777,4
Alirajpur,457882,22892
Alirajpur,457885,3747
Alirajpur,457887,13053
Alirajpur,457888,19578
Alirajpur,457893,14624
Alirajpur,457990,35446
Alirajpur,457993,1290
Alluri Sitharama Raju,507111,554
Alluri Sitharama Raju,507121,428
Alluri Sitharama Raju,507126,50
Alluri Sitharama Raju,507129,1089
Alluri Sitharama Raju,507134,504
Alluri Sitharama Raju,507135,601
Alluri Sitharama Raju,531024,2354
Alluri Sitharama Raju,531027,9
Alluri Sitharama Raju,531029,2240
Alluri Sitharama Raju,531030,189
Alluri Sitharama Raju,531040,3624
Alluri Sitharama Raju,531077,1900
Alluri Sitharama Raju,531084,456
Alluri Sitharama Raju,531087,1035
Alluri Sitharama Raju,531105,406
Alluri Sitharama Raju,531110,69
Alluri Sitharama Raju,531111,2701
Alluri Sitharama Raju,531115,7
Alluri Sitharama Raju,531116,107
Alluri Sitharama Raju,531118,634
Alluri Sitharama Raju,531133,903
Alluri Sitharama Raju,531149,1720
Alluri Sitharama Raju,531151,1620
Alluri Sitharama Raju,533284,82
Alluri Sitharama Raju,533285,86
Alluri Sitharama Raju,533286,62
Alluri Sitharama Raju,533288,3129
Alluri Sitharama Raju,533295,1114
Alluri Sitharama Raju,533339,483
Alluri Sitharama Raju,533347,317
Alluri Sitharama Raju,533348,166
Alluri Sitharama Raju,533351,4
Alluri Sitharama Raju,533428,841
Alluri Sitharama Raju,533429,69
Alluri Sitharama Raju,533436,884
Alluri Sitharama Raju,533483,1306
Alluri Sitharama Raju,534315,16
Alluri Sitharama Raju,535145,1372
Alluri Sitharama Raju,535273,25
Almora,244715,608
Almora,246440,2
Almora,263134,4
Almora,263601,7263
Almora,263619,4
Almora,263621,1067
Almora,263622,3635
Almora,263623,3259
Almora,263624,1917
Almora,263625,4134
Almora,263626,1668
Almora,263628,303
Almora,263629,584
Almora,263630,2
Almora,263634,4
Almora,263636,887
Almora,263637,1698
Almora,263638,501
Almora,263639,237
Almora,263641,4
Almora,263642,7
Almora,263643,474
Almora,263645,6249
Almora,263646,1704
Almora,263651,135
Almora,263652,1506
Almora,263653,3436
Almora,263655,950
Almora,263656,2798
Almora,263658,1231
Almora,263659,1753
Almora,263660,362
Almora,263661,2673
Almora,263663,777
Almora,263664,570
Almora,263665,285
Almora,263667,2065
Almora,263676,1124
Almora,263678,946
Almora,263680,923
Almora,263686,2
Alwar,301001,48178
Alwar,301002,61
Alwar,301018,2227
Alwar,301019,4840
Alwar,301020,3183
Alwar,301021,5775
Alwar,301022,9555
Alwar,301024,19605
Alwar,301025,9036
Alwar,301026,11704
Alwar,301027,7252
Alwar,301028,9268
Alwar,301030,6696
Alwar,301035,6543
Alwar,301401,4209
Alwar,301402,20325
Alwar,301403,3156
Alwar,301404,13961
Alwar,301405,18862
Alwar,301406,9505
Alwar,301407,2543
Alwar,301408,17675
Alwar,301409,9350
Alwar,301410,8931
Alwar,301411,22509
Alwar,301412,4703
Alwar,301413,6770
Alwar,301414,5588
Alwar,301415,640
Alwar,301416,2199
Alwar,301427,3779
Alwar,301604,7894
Alwar,301701,9690
Alwar,301702,7003
Alwar,301703,3902
Alwar,301704,5487
Alwar,301705,3386
Alwar,301706,3664
Alwar,301707,15166
Alwar,301708,1926
Alwar,301709,3346
Alwar,301712,1871
Alwar,301713,2668
Alwar,301714,1071
Alwar,321605,8845
Alwar,321606,9651
Alwar,321607,8213
Alwar,321633,5761
Ambala,133001,19191
Ambala,133004,7042
Ambala,133005,2872
Ambala,133006,495
Ambala,133021,829
Ambala,133101,2265
Ambala,133102,3211
Ambala,133104,5209
Ambala,133105,7
Ambala,133201,6354
Ambala,133202,2252
Ambala,133203,4947
Ambala,133204,2
Ambala,133205,6051
Ambala,133206,1205
Ambala,134003,40362
Ambala,134007,3117
Ambala,134011,1085
Ambala,134118,314
Ambala,134201,2169
Ambala,134202,6009
Ambala,134203,14647
Ambala,135001,4
Ambala,135003,2
Ambala,135101,4
Ambala,135102,2
Ambedkar Nagar,224001,2
Ambedkar Nagar,224121,4
Ambedkar Nagar,224122,13088
Ambedkar Nagar,224125,3172
Ambedkar Nagar,224126,11
Ambedkar Nagar,224129,7703
Ambedkar Nagar,224132,2660
Ambedkar Nagar,224135,2
Ambedkar Nagar,224137,2678
Ambedkar Nagar,224139,5658
Ambedkar Nagar,224141,2630
Ambedkar Nagar,224143,7664
Ambedkar Nagar,224145,5545
Ambedkar Nagar,224146,3653
Ambedkar Nagar,224147,8559
Ambedkar Nagar,224149,13352
Ambedkar Nagar,224151,4027
Ambedkar Nagar,224152,4293
Ambedkar Nagar,224153,4
Ambedkar Nagar,224155,4729
Ambedkar Nagar,224157,1860
Ambedkar Nagar,224159,5643
Ambedkar Nagar,224161,2
Ambedkar Nagar,224168,5396
Ambedkar Nagar,224171,2
Ambedkar Nagar,224172,4
Ambedkar Nagar,224176,4177
Ambedkar Nagar,224181,6866
Ambedkar Nagar,224183,1709
Ambedkar Nagar,224186,6579
Ambedkar Nagar,224189,4
Ambedkar Nagar,224190,16960
Ambedkar Nagar,224202,4
Ambedkar Nagar,224205,919
Ambedkar Nagar,224208,2
Ambedkar Nagar,224210,3398
Ambedkar Nagar,224227,3202
Ambedkar Nagar,224230,2571
Ambedkar Nagar,224231,2689
Ambedkar Nagar,224232,23
Ambedkar Nagar,224234,1639
Ambedkar Nagar,224235,2322
Ambedkar Nagar,224238,16
Amethi,222302,9
Amethi,227304,5
Amethi,227405,12741
Amethi,227406,2723
Amethi,227407,2742
Amethi,227408,3115
Amethi,227409,14166
Amethi,227411,4549
Amethi,227412,2397
Amethi,227413,4790
Amethi,227801,10303
Amethi,227805,706
Amethi,227806,2805
Amethi,227807,2495
Amethi,227808,14
Amethi,227809,13085
Amethi,227811,9453
Amethi,227812,4
Amethi,227813,8568
Amethi,227814,9
Amethi,227815,4293
Amethi,227816,8318
Amethi,227817,2181
Amethi,228001,9
Amethi,228125,2
Amethi,228132,7
Amethi,228141,5
Amethi,228145,2
Amethi,228159,5570
Amethi,229001,20
Amethi,229103,2
Amethi,229121,2
Amethi,229123,2
Amethi,229124,1973
Amethi,229126,1796
Amethi,229127,7044
Amethi,229128,966
Amethi,229129,2238
Amethi,229135,1810
Amethi,229204,2
Amethi,229206,4
Amethi,229301,5
Amethi,229302,3617
Amethi,229303,4
Amethi,229304,4713
Amethi,229305,4834
Amethi,229306,456
Amethi,229307,2325
Amethi,229309,9018
Amethi,229310,2815
Amethi,229401,1178
Amethi,229402,187
Amethi,229801,3166
Amethi,229802,2942
Amethi,230501,18
Amravati,442302,1641
Amravati,444601,42057
Amravati,444602,20088
Amravati,444603,6256
Amravati,444604,11814
Amravati,444605,5501
Amravati,444606,18605
Amravati,444607,8894
Amravati,444701,39197
Amravati,444702,35696
Amravati,444704,14079
Amravati,444705,27164
Amravati,444706,8218
Amravati,444707,7873
Amravati,444708,19924
Amravati,444709,19633
Amravati,444710,3184
Amravati,444711,4182
Amravati,444717,7641
Amravati,444719,14204
Amravati,444720,7229
Amravati,444723,7691
Amravati,444728,4765
Amravati,444801,16196
Amravati,444802,6468
Amravati,444803,18753
Amravati,444804,5278
Amravati,444805,8915
Amravati,444806,32000
Amravati,444807,15797
Amravati,444808,13201
Amravati,444809,6672
Amravati,444810,3414
Amravati,444813,10066
Amravati,444901,14339
Amravati,444902,7342
Amravati,444903,9172
Amravati,444904,30815
Amravati,444905,20537
Amravati,444906,31640
Amravati,444907,5724
Amravati,444908,10852
Amravati,444911,82
Amreli,360050,187
Amreli,362730,679
Amreli,364465,29
Amreli,364490,32
Amreli,364510,30
Amreli,364515,10535
Amreli,364521,886
Amreli,364522,3548
Amreli,364525,3332
Amreli,364530,2311
Amreli,365220,5640
Amreli,365410,2165
Amreli,365421,7354
Amreli,365430,4827
Amreli,365435,1543
Amreli,365440,5084
Amreli,365450,2135
Amreli,365455,675
Amreli,365456,1115
Amreli,365460,1146
Amreli,365480,2500
Amreli,365535,2787
Amreli,365540,7233
Amreli,365541,438
Amreli,365545,2137
Amreli,365550,3717
Amreli,365555,16
Amreli,365560,10989
Amreli,365565,6695
Amreli,365601,11264
Amreli,365610,1548
Amreli,365620,2044
Amreli,365630,4343
Amreli,365635,1142
Amreli,365640,6231
Amreli,365645,590
Amreli,365650,2995
Amreli,365660,1663
Amreli,365665,501
Amreli,365730,2
Amritsar,143001,78339
Amritsar,143002,3029
Amritsar,143003,706
Amritsar,143005,36
Amritsar,143006,328
Amritsar,143008,5013
Amritsar,143009,4533
Amritsar,143022,5095
Amritsar,143026,223
Amritsar,143101,9615
Amritsar,143102,25084
Amritsar,143103,4982
Amritsar,143104,444
Amritsar,143105,15057
Amritsar,143107,5736
Amritsar,143108,5863
Amritsar,143109,6846
Amritsar,143110,10635
Amritsar,143111,5328
Amritsar,143112,4166
Amritsar,143113,3387
Amritsar,143114,4790
Amritsar,143115,4940
Amritsar,143116,6695
Amritsar,143117,21
Amritsar,143118,2
Amritsar,143119,3644
Amritsar,143149,4266
Amritsar,143201,2992
Amritsar,143202,3261
Amritsar,143203,2741
Amritsar,143204,1023
Amritsar,143205,3820
Amritsar,143301,2
Amritsar,143302,61
Amritsar,143303,2
Amritsar,143304,16
Amritsar,143305,30
Amritsar,143401,25
Amritsar,143406,5
Amritsar,143409,2
Amritsar,143410,2
Amritsar,143411,2
Amritsar,143413,3619
Amritsar,143416,5
Amritsar,143419,2
Amritsar,143501,8518
Amritsar,143502,6759
Amritsar,143504,2830
Amritsar,143601,11256
Amritsar,143603,4300
Amritsar,143606,6141
Amroha,244102,4097
Amroha,244221,38303
Amroha,244222,11803
Amroha,244223,267
Amroha,244225,10838
Amroha,244231,15777
Amroha,244235,18860
Amroha,244236,6557
Amroha,244241,21408
Amroha,244242,13090
Amroha,244245,2
Amroha,244251,12144
Amroha,244255,9043
Amroha,244301,4
Amroha,244303,77
Amroha,244304,2
Amroha,244501,2858
Amroha,244925,5
Anakapalli,517541,14
Anakapalli,517640,2
Anakapalli,530046,30
Anakapalli,531001,887
Anakapalli,531002,94
Anakapalli,531011,401
Anakapalli,531019,159
Anakapalli,531020,52
Anakapalli,531021,230
Anakapalli,531022,32
Anakapalli,531023,27
Anakapalli,531025,406
Anakapalli,531026,210
Anakapalli,531027,595
Anakapalli,531028,212
Anakapalli,531030,228
Anakapalli,531031,542
Anakapalli,531032,511
Anakapalli,531033,102
Anakapalli,531034,110
Anakapalli,531035,643
Anakapalli,531036,515
Anakapalli,531055,699
Anakapalli,531060,32
Anakapalli,531061,308
Anakapalli,531075,30
Anakapalli,531081,599
Anakapalli,531082,23
Anakapalli,531083,159
Anakapalli,531084,205
Anakapalli,531085,456
Anakapalli,531113,602
Anakapalli,531114,372
Anakapalli,531115,228
Anakapalli,531116,1217
Anakapalli,531117,148
Anakapalli,531118,12
Anakapalli,531126,736
Anakapalli,531127,112
Anakapalli,535183,37
Anand,387115,595
Anand,387210,1545
Anand,387220,991
Anand,387240,4808
Anand,387310,3501
Anand,387345,625
Anand,387375,1119
Anand,387380,1206
Anand,387530,503
Anand,387710,684
Anand,388001,16258
Anand,388110,1958
Anand,388120,1912
Anand,388121,150
Anand,388130,3917
Anand,388140,1475
Anand,388150,2450
Anand,388160,2762
Anand,388170,2375
Anand,388180,7511
Anand,388205,5369
Anand,388210,5893
Anand,388215,383
Anand,388220,7707
Anand,388235,2
Anand,388305,2006
Anand,388306,1900
Anand,388307,7803
Anand,388310,1194
Anand,388315,3093
Anand,388320,2999
Anand,388325,4403
Anand,388330,643
Anand,388335,2717
Anand,388340,1565
Anand,388345,1352
Anand,388350,3751
Anand,388355,723
Anand,388360,2097
Anand,388365,3840
Anand,388370,2325
Anand,388410,1258
Anand,388421,1044
Anand,388430,2365
Anand,388440,2719
Anand,388450,7386
Anand,388460,2913
Anand,388465,1410
Anand,388470,506
Anand,388480,1908
Anand,388510,6948
Anand,388520,3673
Anand,388530,5513
Anand,388540,7869
Anand,388543,829
Anand,388545,312
Anand,388550,5636
Anand,388560,4157
Anand,388570,1415
Anand,388580,4339
Anand,388590,811
Anand,388610,1429
Anand,388620,10112
Anand,388625,4132
Anand,388630,711
Anand,388640,5087
Anantapur,515001,8076
Anantapur,515002,1306
Anantapur,515003,107
Anantapur,515004,2830
Anantapur,515005,2
Anantapur,515101,1508
Anantapur,515110,1682
Anantapur,515122,1834
Anantapur,515123,1900
Anantapur,515124,969
Anantapur,515133,939
Anantapur,515134,1058
Anantapur,515144,1310
Anantapur,515154,859
Anantapur,515159,339
Anantapur,515164,609
Anantapur,515201,4645
Anantapur,515211,1169
Anantapur,515212,898
Anantapur,515231,2254
Anantapur,515241,998
Anantapur,515261,740
Anantapur,515271,1518
Anantapur,515281,1411
Anantapur,515286,1105
Anantapur,515291,911
Anantapur,515301,2199
Anantapur,515303,973
Anantapur,515305,1203
Anantapur,515311,1841
Anantapur,515321,1005
Anantapur,515331,1474
Anantapur,515341,419
Anantapur,515401,3530
Anantapur,515402,1349
Anantapur,515405,1258
Anantapur,515408,1739
Anantapur,515411,3983
Anantapur,515414,1069
Anantapur,515415,337
Anantapur,515425,3147
Anantapur,515435,877
Anantapur,515445,1445
Anantapur,515455,1001
Anantapur,515465,1639
Anantapur,515501,1041
Anantapur,515511,1850
Anantapur,515521,1784
Anantapur,515531,627
Anantapur,515541,1025
Anantapur,515551,987
Anantapur,515556,727
Anantapur,515561,1169
Anantapur,515571,1702
Anantapur,515581,1941
Anantapur,515591,4303
Anantapur,515601,827
Anantapur,515611,1213
Anantapur,515621,1196
Anantapur,515631,1126
Anantapur,515641,1183
Anantapur,515651,731
Anantapur,515661,1053
Anantapur,515671,3316
Anantapur,515672,1848
Anantapur,515701,3124
Anantapur,515711,1479
Anantapur,515721,1016
Anantapur,515722,1445
Anantapur,515731,2215
Anantapur,515741,1821
Anantapur,515751,2527
Anantapur,515761,3437
Anantapur,515763,1374
Anantapur,515765,1652
Anantapur,515766,2782
Anantapur,515767,1857
Anantapur,515774,871
Anantapur,515775,3792
Anantapur,515787,1140
Anantapur,515801,5266
Anantapur,515803,1089
Anantapur,515812,4166
Anantapur,515822,1228
Anantapur,515832,2103
Anantapur,515842,1953
Anantapur,515863,1761
Anantapur,515865,7482
Anantapur,515867,1447
Anantapur,515870,2120
Anantapur,515871,5734
Anantapur,515872,736
Ananthapur,515001,8175
Ananthapur,515002,768
Ananthapur,515003,71
Ananthapur,515004,2929
Ananthapur,515005,109
Ananthapur,515101,1206
Ananthapur,515110,1397
Ananthapur,515122,936
Ananthapur,515123,727
Ananthapur,515124,433
Ananthapur,515133,339
Ananthapur,515134,989
Ananthapur,515144,693
Ananthapur,515154,435
Ananthapur,515159,581
Ananthapur,515164,365
Ananthapur,515201,7568
Ananthapur,515211,1794
Ananthapur,515212,707
Ananthapur,515231,2543
Ananthapur,515241,574
Ananthapur,515261,820
Ananthapur,515271,1410
Ananthapur,515281,957
Ananthapur,515286,1030
Ananthapur,515291,200
Ananthapur,515301,2060
Ananthapur,515303,360
Ananthapur,515305,1137
Ananthapur,515311,764
Ananthapur,515321,258
Ananthapur,515331,1012
Ananthapur,515341,103
Ananthapur,515401,3762
Ananthapur,515402,1258
Ananthapur,515405,1392
Ananthapur,515408,1787
Ananthapur,515411,4572
Ananthapur,515414,579
Ananthapur,515415,773
Ananthapur,515425,2619
Ananthapur,515435,269
Ananthapur,515445,1010
Ananthapur,515455,1422
Ananthapur,515465,1181
Ananthapur,515501,1042
Ananthapur,515511,1181
Ananthapur,515521,1160
Ananthapur,515531,658
Ananthapur,515541,1060
Ananthapur,515551,298
Ananthapur,515556,351
Ananthapur,515561,1249
Ananthapur,515571,1140
Ananthapur,515581,882
Ananthapur,515591,4020
Ananthapur,515601,323
Ananthapur,515611,371
Ananthapur,515621,1721
Ananthapur,515631,1344
Ananthapur,515641,2685
Ananthapur,515651,914
Ananthapur,515661,1233
Ananthapur,515671,5957
Ananthapur,515672,3592
Ananthapur,515701,2186
Ananthapur,515711,1447
Ananthapur,515721,608
Ananthapur,515722,766
Ananthapur,515731,1306
Ananthapur,515741,1374
Ananthapur,515751,1969
Ananthapur,515761,3503
Ananthapur,515763,668
Ananthapur,515765,2233
Ananthapur,515766,1826
Ananthapur,515767,1659
Ananthapur,515774,285
Ananthapur,515775,1998
Ananthapur,515787,1311
Ananthapur,515801,5333
Ananthapur,515803,887
Ananthapur,515812,2819
Ananthapur,515822,618
Ananthapur,515832,957
Ananthapur,515842,1867
Ananthapur,515863,1082
Ananthapur,515865,7912
Ananthapur,515867,2022
Ananthapur,515870,1937
Ananthapur,515871,5413
Ananthapur,515872,670
Ananthapuramu,515001,11160
Ananthapuramu,515002,1609
Ananthapuramu,515003,269
Ananthapuramu,515004,5136
Ananthapuramu,515005,289
Ananthapuramu,515101,1128
Ananthapuramu,515110,2172
Ananthapuramu,515122,1559
Ananthapuramu,515123,991
Ananthapuramu,515124,419
Ananthapuramu,515133,748
Ananthapuramu,515134,1440
Ananthapuramu,515144,1308
Ananthapuramu,515154,764
Ananthapuramu,515159,666
Ananthapuramu,515164,324
Ananthapuramu,515201,4825
Ananthapuramu,515202,11
Ananthapuramu,515211,508
Ananthapuramu,515212,558
Ananthapuramu,515231,3646
Ananthapuramu,515241,829
Ananthapuramu,515261,830
Ananthapuramu,515271,588
Ananthapuramu,515281,1178
Ananthapuramu,515286,517
Ananthapuramu,515291,208
Ananthapuramu,515301,1598
Ananthapuramu,515303,342
Ananthapuramu,515305,342
Ananthapuramu,515311,1226
Ananthapuramu,515321,723
Ananthapuramu,515331,1996
Ananthapuramu,515341,333
Ananthapuramu,515401,5447
Ananthapuramu,515402,2044
Ananthapuramu,515405,1527
Ananthapuramu,515408,2762
Ananthapuramu,515411,6745
Ananthapuramu,515413,5
Ananthapuramu,515414,834
Ananthapuramu,515415,827
Ananthapuramu,515425,3341
Ananthapuramu,515435,510
Ananthapuramu,515445,1080
Ananthapuramu,515455,1939
Ananthapuramu,515465,1704
Ananthapuramu,515501,1871
Ananthapuramu,515511,2069
Ananthapuramu,515521,1791
Ananthapuramu,515531,813
Ananthapuramu,515541,1208
Ananthapuramu,515551,533
Ananthapuramu,515556,469
Ananthapuramu,515561,1600
Ananthapuramu,515571,2498
Ananthapuramu,515581,2366
Ananthapuramu,515591,5234
Ananthapuramu,515601,445
Ananthapuramu,515611,1083
Ananthapuramu,515621,1687
Ananthapuramu,515631,567
Ananthapuramu,515641,1734
Ananthapuramu,515651,347
Ananthapuramu,515661,944
Ananthapuramu,515671,5162
Ananthapuramu,515672,2750
Ananthapuramu,515701,4068
Ananthapuramu,515711,2496
Ananthapuramu,515721,675
Ananthapuramu,515722,1137
Ananthapuramu,515731,2662
Ananthapuramu,515741,2366
Ananthapuramu,515751,2967
Ananthapuramu,515761,5449
Ananthapuramu,515763,1689
Ananthapuramu,515765,3275
Ananthapuramu,515766,2978
Ananthapuramu,515767,2365
Ananthapuramu,515774,1215
Ananthapuramu,515775,4180
Ananthapuramu,515787,1454
Ananthapuramu,515801,7778
Ananthapuramu,515803,1458
Ananthapuramu,515812,4948
Ananthapuramu,515822,1737
Ananthapuramu,515832,2473
Ananthapuramu,515842,2186
Ananthapuramu,515863,1919
Ananthapuramu,515865,7832
Ananthapuramu,515867,1629
Ananthapuramu,515870,2464
Ananthapuramu,515871,6474
Ananthapuramu,515872,1249
Anantnag,192101,10439
Anantnag,192102,909
Anantnag,192124,9186
Anantnag,192125,3190
Anantnag,192126,8293
Anantnag,192129,2268
Anantnag,192201,13299
Anantnag,192202,12402
Anantnag,192210,1853
Anantnag,192211,6110
Anantnag,192212,5968
Anantnag,192221,3512
Anantnag,192231,3992
Anantnag,192232,94
Anantnag,192305,9
Anantnag,192401,3241
Andamans,744101,2359
Andamans,744102,2
Andamans,744103,383
Andamans,744105,356
Andamans,744106,289
Andamans,744107,69
Andamans,744112,69
Andamans,744202,5
Andamans,744206,46
Andamans,744207,7
Andamans,744209,2
Andamans,744211,2
Angul,759022,1176
Angul,759037,43
Angul,759040,1035
Angul,759100,6939
Angul,759101,86
Angul,759102,116
Angul,759103,6862
Angul,759104,1850
Angul,759105,2967
Angul,759106,127
Angul,759107,1641
Angul,759111,4
Angul,759116,540
Angul,759117,4886
Angul,759118,3986
Angul,759119,5852
Angul,759120,11
Angul,759122,1527
Angul,759123,3273
Angul,759124,4211
Angul,759125,12433
Angul,759126,9867
Angul,759127,10440
Angul,759128,5093
Angul,759129,7129
Angul,759130,4681
Angul,759132,7869
Angul,759135,12
Angul,759141,4535
Angul,759143,2719
Angul,759145,1914
Angul,759146,32
Angul,759147,32
Angul,759148,255
Anjaw,792104,2087
Annamayya,516101,1201
Annamayya,516104,55
Annamayya,516105,146
Annamayya,516107,563
Annamayya,516108,321
Annamayya,516110,77
Annamayya,516115,584
Annamayya,516126,533
Annamayya,516127,68
Annamayya,516128,198
Annamayya,516129,135
Annamayya,516130,364
Annamayya,516150,182
Annamayya,516151,93
Annamayya,516214,285
Annamayya,516215,171
Annamayya,516257,255
Annamayya,516267,444
Annamayya,516268,134
Annamayya,516269,1755
Annamayya,516270,46
Annamayya,516504,440
Annamayya,517213,82
Annamayya,517214,998
Annamayya,517234,285
Annamayya,517235,66
Annamayya,517236,66
Annamayya,517237,32
Annamayya,517247,14
Annamayya,517277,50
Annamayya,517280,201
Annamayya,517291,62
Annamayya,517297,579
Annamayya,517299,175
Annamayya,517305,89
Annamayya,517319,226
Annamayya,517325,4171
Annamayya,517326,16
Annamayya,517350,89
Annamayya,517351,128
Annamayya,517352,2
Annamayya,517370,679
Annamayya,517390,285
Annamayya,517391,280
Annamayya,517417,451
Annamayya,517418,230
Anugal,759119,7
Anugul,759018,2
Anugul,759022,32
Anugul,759040,80
Anugul,759100,93
Anugul,759102,12
Anugul,759103,29
Anugul,759104,29
Anugul,759105,30
Anugul,759106,25
Anugul,759107,16
Anugul,759116,12
Anugul,759117,12
Anugul,759118,408
Anugul,759119,761
Anugul,759122,162
Anugul,759123,216
Anugul,759124,2
Anugul,759125,55
Anugul,759126,4
Anugul,759127,182
Anugul,759128,720
Anugul,759129,41
Anugul,759130,11
Anugul,759132,299
Anugul,759141,2
Anugul,759143,198
Anugul,759145,315
Anugul,759148,4
Anugul *,759107,2
Anuppur,484001,740
Anuppur,484113,6158
Anuppur,484116,3348
Anuppur,484117,160
Anuppur,484220,643
Anuppur,484224,16912
Anuppur,484330,11198
Anuppur,484334,15699
Anuppur,484336,5811
Anuppur,484440,8094
Anuppur,484444,2156
Anuppur,484446,7725
Anuppur,484555,2
Anuppur,484660,2
Anuppur,484661,5
Anuppur,484669,2
Anuppur,484774,4
Anuppur,484881,38582
Anuppur,484886,9874
Anuppur,484887,2
Anuppur,486661,7
Anuppur,486882,4
Anuppur,486892,14
Araria,854102,5485
Araria,854113,7
Araria,854201,1552
Araria,854202,3482
Araria,854304,1333
Araria,854311,42579
Araria,854312,28254
Araria,854316,7395
Araria,854318,42745
Araria,854325,18518
Araria,854327,732
Araria,854328,3261
Araria,854329,21383
Araria,854331,11996
Araria,854332,6796
Araria,854333,31847
Araria,854334,28983
Araria,854335,11342
Araria,854336,9261
Araria,855101,20
Araria,855107,20
Ariyalur,608703,132
Ariyalur,608901,5595
Ariyalur,612901,3364
Ariyalur,612902,2917
Ariyalur,612903,3836
Ariyalur,612904,4013
Ariyalur,621651,1062
Ariyalur,621653,1260
Ariyalur,621701,9596
Ariyalur,621702,11
Ariyalur,621704,11066
Ariyalur,621705,5228
Ariyalur,621707,14088
Ariyalur,621709,862
Ariyalur,621710,4444
Ariyalur,621713,1456
Ariyalur,621714,5164
Ariyalur,621715,10321
Ariyalur,621716,306
Ariyalur,621718,3245
Ariyalur,621719,3234
Ariyalur,621722,230
Ariyalur,621729,61
Ariyalur,621730,1187
Ariyalur,621801,3380
Ariyalur,621802,6098
Ariyalur,621803,5446
Ariyalur,621804,17219
Ariyalur,621805,3567
Ariyalur,621806,5558
Ariyalur,621851,4106
Arvalli,383240,21
Arvalli,383245,1887
Arvalli,383246,1465
Arvalli,383250,1769
Arvalli,383251,2135
Arvalli,383260,994
Arvalli,383276,841
Arvalli,383307,1135
Arvalli,383310,3632
Arvalli,383315,8585
Arvalli,383316,1294
Arvalli,383317,1328
Arvalli,383320,766
Arvalli,383325,5358
Arvalli,383330,2473
Arvalli,383335,2539
Arvalli,383340,2447
Arvalli,383345,4747
Arvalli,383350,7855
Arvalli,383355,1442
Arvalli,383450,155
Arwal,804401,7023
Arwal,804402,7404
Arwal,804404,2
Arwal,804419,10123
Arwal,804420,2
Arwal,804421,8805
Arwal,804423,4537
Arwal,804424,5
Arwal,804425,69
Arwal,804426,3156
Arwal,804427,4
Arwal,804428,8781
Arwal,804429,14
Arwal,804430,262
Arwal,804432,9
Arwal,823003,4
Arwal,824127,3765
Arwal,824235,748
Ashok Nagar,473001,5
Ashok Nagar,473101,249
Ashok Nagar,473330,15145
Ashok Nagar,473331,32048
Ashok Nagar,473332,14
Ashok Nagar,473335,20496
Ashok Nagar,473338,29
Ashok Nagar,473440,7554
Ashok Nagar,473443,30562
Ashok Nagar,473445,4
Ashok Nagar,473446,25993
Ashok Nagar,473885,435
Auraiya,206120,1502
Auraiya,206121,10734
Auraiya,206122,20945
Auraiya,206123,5
Auraiya,206128,1785
Auraiya,206129,9086
Auraiya,206241,7985
Auraiya,206242,388
Auraiya,206243,9257
Auraiya,206244,13288
Auraiya,206246,4585
Auraiya,206247,8637
Auraiya,206248,4371
Auraiya,206249,3872
Auraiya,206250,2252
Auraiya,206251,1980
Auraiya,206252,9095
Auraiya,206253,4
Auraiya,206255,2812
Auraiya *,206244,2
Aurangabad,431010,5
Aurangabad,824101,7832
Aurangabad,824102,11442
Aurangabad,824103,9025
Aurangabad,824111,8354
Aurangabad,824112,8158
Aurangabad,824113,3817
Aurangabad,824114,2794
Aurangabad,824115,2623
Aurangabad,824116,226
Aurangabad,824120,8625
Aurangabad,824121,9043
Aurangabad,824122,7149
Aurangabad,824123,4679
Aurangabad,824124,14020
Aurangabad,824125,15727
Aurangabad,824127,294
Aurangabad,824129,1942
Aurangabad,824130,964
Aurangabad,824143,8637
Aurangabad,824202,11290
Aurangabad,824203,7400
Aurangabad,824205,412
Aurangabad,824208,7552
Aurangabad,824213,2
Aurangabad,824216,1066
Aurangabad,824218,1288
Aurangabad,824301,11684
Aurangabad,824302,3450
Aurangabad,824303,2331
Aurangabad(Bh),824101,39
Aurangabad(Bh),824103,12
Aurangabad(Bh),824111,4
Aurangabad(Bh),824112,11
Aurangabad(Bh),824114,2
Aurangabad(Bh),824115,2
Aurangabad(Bh),824120,20
Aurangabad(Bh),824121,137
Aurangabad(Bh),824122,4
Aurangabad(Bh),824123,23
Aurangabad(Bh),824124,84
Aurangabad(Bh),824125,7
Aurangabad(Bh),824129,2
Aurangabad(Bh),824202,4
Aurangabad(Bh),824203,5
Aurangabad(Bh),824205,2
Aurangabad(Bh),824208,5
Aurangabad(Bh),824216,2
Aurangabad(Bh),824218,4
Aurangabad(Bh),824301,5
Aurangabad(Bh),824302,32
Aurangabad(Bh),824303,9
Ayodhya,224001,2577
Ayodhya,224116,11
Ayodhya,224120,1205
Ayodhya,224121,358
Ayodhya,224123,647
Ayodhya,224126,203
Ayodhya,224127,404
Ayodhya,224132,57
Ayodhya,224133,52
Ayodhya,224135,451
Ayodhya,224141,533
Ayodhya,224153,456
Ayodhya,224158,360
Ayodhya,224161,597
Ayodhya,224164,415
Ayodhya,224171,110
Ayodhya,224172,130
Ayodhya,224182,112
Ayodhya,224188,374
Ayodhya,224189,217
Ayodhya,224195,298
Ayodhya,224201,358
Ayodhya,224202,239
Ayodhya,224203,310
Ayodhya,224204,838
Ayodhya,224205,381
Ayodhya,224206,105
Ayodhya,224207,100
Ayodhya,224208,260
Ayodhya,224209,486
Ayodhya,224225,46
Ayodhya,224228,102
Ayodhya,224229,207
Ayodhya,224234,55
Ayodhya,224284,116
Azamgarh,121705,5
Azamgarh,221601,2
Azamgarh,221602,2
Azamgarh,221705,2
Azamgarh,221706,4
Azamgarh,223221,9724
Azamgarh,223222,6002
Azamgarh,223223,8578
Azamgarh,223224,9025
Azamgarh,223225,5205
Azamgarh,223226,4020
Azamgarh,223227,6634
Azamgarh,224166,1180
Azamgarh,275101,7
Azamgarh,275301,25
Azamgarh,275303,948
Azamgarh,275305,2
Azamgarh,275306,2
Azamgarh,276001,19268
Azamgarh,276121,8017
Azamgarh,276122,9501
Azamgarh,276123,7263
Azamgarh,276124,5023
Azamgarh,276125,4546
Azamgarh,276126,5314
Azamgarh,276127,4261
Azamgarh,276128,6923
Azamgarh,276129,3662
Azamgarh,276131,6255
Azamgarh,276135,3886
Azamgarh,276136,4856
Azamgarh,276137,8281
Azamgarh,276138,5704
Azamgarh,276139,5524
Azamgarh,276140,1691
Azamgarh,276141,9115
Azamgarh,276142,6067
Azamgarh,276143,301
Azamgarh,276201,6673
Azamgarh,276202,16027
Azamgarh,276203,5194
Azamgarh,276204,12379
Azamgarh,276205,4221
Azamgarh,276206,7554
Azamgarh,276207,5690
Azamgarh,276208,5232
Azamgarh,276288,6771
Azamgarh,276301,8314
Azamgarh,276302,4588
Azamgarh,276303,5875
Azamgarh,276304,9836
Azamgarh,276305,12409
Azamgarh,276306,11
Azamgarh,276401,560
Azamgarh,276402,413
Azamgarh,276403,1962
Azamgarh,276404,12482
Azamgarh,276405,640
Azamgarh,276406,5328
Badgam,190005,7
Badgam,190007,2
Badgam,190008,5
Badgam,190014,20
Badgam,190015,53
Badgam,190018,189
Badgam,190021,16
Badgam,191101,32
Badgam,191111,8063
Badgam,191112,1832
Badgam,191113,5369
Badgam,192121,818
Badgam,192123,4
Badgam,193401,846
Badgam,193411,7942
Bagalkot,586113,189
Bagalkot,586125,572
Bagalkot,586126,1034
Bagalkot,587101,3097
Bagalkot,587102,821
Bagalkot,587103,4004
Bagalkot,587111,3425
Bagalkot,587112,2878
Bagalkot,587113,3598
Bagalkot,587114,1550
Bagalkot,587115,2602
Bagalkot,587116,9328
Bagalkot,587117,2790
Bagalkot,587118,4059
Bagalkot,587119,3181
Bagalkot,587120,3045
Bagalkot,587121,3013
Bagalkot,587122,3910
Bagalkot,587124,2094
Bagalkot,587125,5631
Bagalkot,587154,3995
Bagalkot,587155,2163
Bagalkot,587156,756
Bagalkot,587201,7894
Bagalkot,587202,2350
Bagalkot,587203,4449
Bagalkot,587204,2398
Bagalkot,587205,1939
Bagalkot,587206,5804
Bagalkot,587207,2578
Bagalkot,587301,9660
Bagalkot,587311,5757
Bagalkot,587312,4843
Bagalkot,587313,10337
Bagalkot,587314,2692
Bagalkot,587315,5392
Bagalkot,587316,114
Bagalkot,587330,3503
Bagalkot *,586126,2
Bagalkot *,587101,511
Bagalkot *,587102,137
Bagalkot *,587103,93
Bagalkot *,587111,9
Bagalkot *,587112,2
Bagalkot *,587116,481
Bagalkot *,587118,20
Bagalkot *,587120,4
Bagalkot *,587121,2
Bagalkot *,587124,4
Bagalkot *,587125,217
Bagalkot *,587154,2
Bagalkot *,587201,527
Bagalkot *,587202,2
Bagalkot *,587203,43
Bagalkot *,587204,2
Bagalkot *,587205,2
Bagalkot *,587206,57
Bagalkot *,587207,2
Bagalkot *,587301,381
Bagalkot *,587311,2
Bagalkot *,587312,2
Bagalkot *,587313,568
Bagalkot *,587315,4
Bageshwar,263619,1687
Bageshwar,263620,59
Bageshwar,263624,14
Bageshwar,263628,1814
Bageshwar,263630,838
Bageshwar,263631,1629
Bageshwar,263632,2678
Bageshwar,263633,2741
Bageshwar,263634,3860
Bageshwar,263635,4941
Bageshwar,263639,1046
Bageshwar,263640,1410
Bageshwar,263641,5157
Bageshwar,263642,6989
Bageshwar,263679,3441
Baghpat,250001,16
Baghpat,250101,12625
Baghpat,250342,2
Baghpat,250345,89
Baghpat,250502,5
Baghpat,250515,3400
Baghpat,250601,6759
Baghpat,250602,1003
Baghpat,250606,8195
Baghpat,250609,9539
Baghpat,250611,22208
Baghpat,250615,151
Baghpat,250617,8584
Baghpat,250619,4560
Baghpat,250620,36
Baghpat,250621,1917
Baghpat,250622,5394
Baghpat,250623,6397
Baghpat,250625,3074
Baghpat,250626,2521
Baghpat,250645,6928
Bagpat,250617,9
Bagpat,250622,4
Bagpat,250625,2
Bahraich,271801,28997
Bahraich,271802,9001
Bahraich,271803,845
Bahraich,271821,6429
Bahraich,271824,9140
Bahraich,271825,16326
Bahraich,271830,16748
Bahraich,271831,18
Bahraich,271835,1577
Bahraich,271840,5
Bahraich,271841,5397
Bahraich,271845,2263
Bahraich,271851,18270
Bahraich,271855,38009
Bahraich,271865,40828
Bahraich,271870,10524
Bahraich,271871,7350
Bahraich,271872,10879
Bahraich,271875,16631
Bahraich,271881,8776
Bahraich,271882,12277
Bahraich,271901,7023
Bahraich,271902,24995
Bahraich,271903,23124
Bahraich,271904,7236
Bajali,781316,2
Bajali,781318,12
Bajali,781325,7
Bajali,781326,5
Bajali,781328,2
Bajali,781329,4
Bajali,781352,4
Bajali,781355,2
Bajali,781375,4
Baksa,781313,4
Baksa,781315,7955
Baksa,781316,34
Baksa,781318,445
Baksa,781325,7
Baksa,781327,2072
Baksa,781328,210
Baksa,781329,315
Baksa,781330,597
Baksa,781333,768
Baksa,781335,2
Baksa,781340,68
Baksa,781343,818
Baksa,781344,1249
Baksa,781346,1873
Baksa,781349,880
Baksa,781352,2
Baksa,781355,356
Baksa,781360,3573
Baksa,781366,12
Baksa,781367,3060
Baksa,781368,1978
Baksa,781371,30
Baksa,781372,2452
Baksa,781373,754
Baksa,781377,1589
Balaghat,480661,11
Balaghat,480886,2
Balaghat,481001,21939
Balaghat,481051,19124
Balaghat,481102,5515
Balaghat,481105,12055
Balaghat,481111,10941
Balaghat,481115,16021
Balaghat,481116,5406
Balaghat,481117,7422
Balaghat,481222,14598
Balaghat,481224,5706
Balaghat,481226,14353
Balaghat,481331,23390
Balaghat,481332,7529
Balaghat,481335,9984
Balaghat,481337,6615
Balaghat,481441,11178
Balaghat,481445,10280
Balaghat,481449,11670
Balaghat,481551,5629
Balaghat,481556,6499
Balaghat,481661,2
Balaghat,481662,5
Balaghat,481663,5
Balaghat,481885,4
Balangir,767001,8281
Balangir,767002,10111
Balangir,767016,709
Balangir,767018,4
Balangir,767020,6222
Balangir,767021,1889
Balangir,767022,2443
Balangir,767024,5907
Balangir,767025,11919
Balangir,767026,14874
Balangir,767027,5599
Balangir,767028,6342
Balangir,767029,6791
Balangir,767030,2742
Balangir,767032,11910
Balangir,767033,13202
Balangir,767035,6764
Balangir,767037,11941
Balangir,767038,6509
Balangir,767039,11923
Balangir,767040,9961
Balangir,767041,2320
Balangir,767042,66
Balangir,767046,1515
Balangir,767048,2862
Balangir,767061,2470
Balangir,767065,6634
Balangir,767066,3405
Balangir,767067,4282
Balangir,767068,380
Balangir,767070,80
Baleshwar,756001,788
Baleshwar,756002,2081
Baleshwar,756003,1304
Baleshwar,756018,5
Baleshwar,756019,1254
Baleshwar,756020,1566
Baleshwar,756021,930
Baleshwar,756022,94
Baleshwar,756023,463
Baleshwar,756024,1830
Baleshwar,756025,1078
Baleshwar,756026,1367
Baleshwar,756027,1896
Baleshwar,756028,278
Baleshwar,756029,943
Baleshwar,756030,691
Baleshwar,756032,2447
Baleshwar,756033,3259
Baleshwar,756034,474
Baleshwar,756035,1684
Baleshwar,756036,1737
Baleshwar,756037,583
Baleshwar,756038,419
Baleshwar,756039,178
Baleshwar,756040,1504
Baleshwar,756041,1137
Baleshwar,756042,1126
Baleshwar,756043,921
Baleshwar,756044,709
Baleshwar,756045,2090
Baleshwar,756046,522
Baleshwar,756047,793
Baleshwar,756048,380
Baleshwar,756049,342
Baleshwar,756051,89
Baleshwar,756053,39
Baleshwar,756055,91
Baleshwar,756056,369
Baleshwar,756058,993
Baleshwar,756059,526
Baleshwar,756060,754
Baleshwar,756079,232
Baleshwar,756080,212
Baleshwar,756081,282
Baleshwar,756083,1057
Baleshwar,756084,66
Baleshwar,756085,324
Baleshwar,756086,4
Baleshwar,756111,86
Baleshwar,756115,221
Baleshwar,756123,32
Baleshwar,756126,634
Baleshwar,756134,668
Baleshwar,756165,14
Baleshwar,756166,185
Baleshwar,756168,168
Baleshwar,756182,178
Baleshwar,757016,14
Baleshwar,757017,12
Baleshwar,757028,4
Baleshwar,757055,36
Baleshwar,757082,93
Baleswar,756001,3788
Baleswar,756002,5330
Baleswar,756003,4997
Baleswar,756018,118
Baleswar,756019,6078
Baleswar,756020,4612
Baleswar,756021,2700
Baleswar,756022,1219
Baleswar,756023,3564
Baleswar,756024,4740
Baleswar,756025,2534
Baleswar,756026,4852
Baleswar,756027,7261
Baleswar,756028,2053
Baleswar,756029,5114
Baleswar,756030,3409
Baleswar,756032,9772
Baleswar,756033,6622
Baleswar,756034,2431
Baleswar,756035,5109
Baleswar,756036,6158
Baleswar,756037,2005
Baleswar,756038,2828
Baleswar,756039,957
Baleswar,756040,4385
Baleswar,756041,3719
Baleswar,756042,5264
Baleswar,756043,3977
Baleswar,756044,4621
Baleswar,756045,10148
Baleswar,756046,4482
Baleswar,756047,6219
Baleswar,756048,3272
Baleswar,756049,2830
Baleswar,756051,1524
Baleswar,756053,62
Baleswar,756055,1140
Baleswar,756056,2427
Baleswar,756058,3072
Baleswar,756059,2835
Baleswar,756060,2074
Baleswar,756079,2276
Baleswar,756080,2300
Baleswar,756081,2466
Baleswar,756083,3209
Baleswar,756084,716
Baleswar,756085,1696
Baleswar,756086,45
Baleswar,756126,5907
Baleswar,756133,2
Baleswar,756134,3325
Baleswar,756166,2322
Baleswar,756182,1958
Ballari,583101,23525
Ballari,583102,11800
Ballari,583103,7425
Ballari,583104,3949
Ballari,583111,2436
Ballari,583112,1132
Ballari,583113,3619
Ballari,583114,2496
Ballari,583115,6085
Ballari,583116,4877
Ballari,583117,6091
Ballari,583118,609
Ballari,583119,5574
Ballari,583120,7308
Ballari,583121,8138
Ballari,583122,4321
Ballari,583123,4521
Ballari,583124,1869
Ballari,583125,11
Ballari,583126,3243
Ballari,583127,4
Ballari,583128,2375
Ballari,583129,3861
Ballari,583130,2199
Ballari,583132,4423
Ballari,583134,4781
Ballari,583135,5572
Ballari,583136,1645
Ballari,583137,2
Ballari,583152,2
Ballari,583201,13901
Ballari,583203,64
Ballari,583211,927
Ballari,583212,6032
Ballari,583213,2
Ballari,583214,2509
Ballari,583215,82
Ballari,583216,3295
Ballari,583217,1834
Ballari,583218,2897
Ballari,583219,5766
Ballari,583220,1939
Ballari,583221,1889
Ballari,583222,6103
Ballari,583223,2543
Ballari,583224,2083
Ballari,583225,959
Ballari,583239,1345
Ballari,583275,114
Ballari,583276,9
Ballia,221701,10626
Ballia,221709,3150
Ballia,221711,12529
Ballia,221712,20116
Ballia,221713,4918
Ballia,221715,13429
Ballia,221716,7331
Ballia,221717,8012
Ballia,221718,4016
Ballia,277001,18340
Ballia,277121,5718
Ballia,277123,6577
Ballia,277124,4588
Ballia,277201,3551
Ballia,277202,6566
Ballia,277203,4031
Ballia,277204,2464
Ballia,277205,2439
Ballia,277207,8124
Ballia,277208,5374
Ballia,277209,8724
Ballia,277210,3225
Ballia,277211,8163
Ballia,277213,3461
Ballia,277214,2172
Ballia,277216,2172
Ballia,277219,4022
Ballia,277301,2523
Ballia,277302,5645
Ballia,277303,12256
Ballia,277304,6693
Ballia,277401,5095
Ballia,277402,4375
Ballia,277403,2161
Ballia,277501,3190
Ballia,277502,2709
Ballia,277503,3587
Ballia,277504,1572
Ballia,277506,3361
Bally Jagachha,711102,4
Bally Jagachha,711112,2
Bally Jagachha,711202,2
Bally Jagachha,711204,2
Balod,491107,2
Balod,491221,3099
Balod,491222,13716
Balod,491223,15424
Balod,491225,13320
Balod,491226,17639
Balod,491227,40209
Balod,491228,15086
Balod,491557,2
Balod,491661,1215
Balod,491665,2575
Balod,491771,22361
Balod,491995,2
Balod,493221,5
Balod,493344,12
Balod,493445,14
Balod,493558,4
Balod,494444,2
Balod,494661,2
Balod,495006,4
Balod,495116,4
Balod,495117,4
Balod,495690,4
Balod,496113,4
Balod,496118,2
Balod,496223,5
Balod,497331,5
Baloda Bazar,491441,2
Baloda Bazar,491445,2
Baloda Bazar,492112,5153
Baloda Bazar,493101,14612
Baloda Bazar,493113,7709
Baloda Bazar,493116,4
Baloda Bazar,493118,43901
Baloda Bazar,493195,4704
Baloda Bazar,493196,4002
Baloda Bazar,493222,13858
Baloda Bazar,493225,144
Baloda Bazar,493228,25107
Baloda Bazar,493229,12165
Baloda Bazar,493331,8249
Baloda Bazar,493332,21203
Baloda Bazar,493335,13639
Baloda Bazar,493338,18682
Baloda Bazar,493344,15556
Baloda Bazar,493445,11
Baloda Bazar,493526,23766
Baloda Bazar,493551,2848
Baloda Bazar,493559,15424
Baloda Bazar,494221,2
Baloda Bazar,494334,2
Baloda Bazar,494665,2
Baloda Bazar,494776,2
Baloda Bazar,495115,4
Baloda Bazar,495118,4
Baloda Bazar,495554,4
Baloda Bazar,495559,2
Baloda Bazar,495660,4
Baloda Bazar,495668,2
Baloda Bazar,495674,7
Baloda Bazar,495689,4
Baloda Bazar,496001,2
Baloda Bazar,496336,2
Baloda Bazar,497235,21
Balotra,344021,2
Balotra,344022,2
Balotra,344026,2
Balotra,344037,4
Balotra,344044,2
Balrampur,271201,27673
Balrampur,271203,2912
Balrampur,271205,12473
Balrampur,271206,11691
Balrampur,271207,11287
Balrampur,271208,17301
Balrampur,271209,2
Balrampur,271210,7195
Balrampur,271215,5292
Balrampur,271306,6950
Balrampur,271307,9116
Balrampur,271312,5
Balrampur,271403,5
Balrampur,271602,5
Balrampur,271603,7
Balrampur,271604,38561
Balrampur,271607,11093
Balrampur,271609,9271
Balrampur,271861,11116
Balrampur,496331,4
Balrampur,497001,6566
Balrampur,497118,16098
Balrampur,497119,10524
Balrampur,497220,17835
Balrampur,497223,6385
Balrampur,497224,17267
Balrampur,497225,18406
Balrampur,497229,9
Banas Kantha,385001,540
Banas Kantha,385010,4
Banas Kantha,385120,9
Banas Kantha,385130,2
Banas Kantha,385135,2
Banas Kantha,385210,11
Banas Kantha,385310,2
Banas Kantha,385320,4
Banas Kantha,385330,4
Banas Kantha,385410,7
Banas Kantha,385421,12
Banas Kantha,385505,86
Banas Kantha,385506,4
Banas Kantha,385510,2
Banas Kantha,385515,12
Banas Kantha,385520,4
Banas Kantha,385530,7
Banas Kantha,385535,235
Banas Kantha,385540,4
Banas Kantha,385545,4
Banas Kantha,385550,5
Banas Kantha,385555,5
Banas Kantha,385565,5
Banas Kantha,385566,2
Banas Kantha,385570,4
Banas Kantha,385575,2
Banaskantha,385001,25588
Banaskantha,385010,2297
Banaskantha,385110,8172
Banaskantha,385120,12039
Banaskantha,385130,2913
Banaskantha,385135,5617
Banaskantha,385210,5765
Banaskantha,385310,22611
Banaskantha,385320,13361
Banaskantha,385330,13803
Banaskantha,385410,4332
Banaskantha,385421,8854
Banaskantha,385505,4227
Banaskantha,385506,12
Banaskantha,385510,4380
Banaskantha,385515,5417
Banaskantha,385520,7244
Banaskantha,385530,5955
Banaskantha,385535,37271
Banaskantha,385540,4325
Banaskantha,385545,10349
Banaskantha,385550,11310
Banaskantha,385555,7450
Banaskantha,385560,3423
Banaskantha,385565,16745
Banaskantha,385566,12907
Banaskantha,385570,3594
Banaskantha,385575,10460
Banda,210001,37403
Banda,210120,7331
Banda,210121,23347
Banda,210123,4929
Banda,210125,15729
Banda,210126,12340
Banda,210128,6493
Banda,210129,21182
Banda,210201,12710
Banda,210202,7001
Banda,210203,16007
Banda,210205,12
Banda,210206,4
Banda,210207,12
Banda,210209,285
Banda,210431,5
Banda,210432,11
Banda,210502,4
Banda,210504,2
Banda,210507,5
Bandipore,193121,1180
Bandipore,193501,12696
Bandipore,193502,15742
Bandipore,193503,3428
Bandipore,193504,3257
Bandipur,193502,2
Bangalore Rural,560049,907
Bangalore Rural,560067,3744
Bangalore Rural,560087,811
Bangalore Rural,560117,4
Bangalore Rural,561101,2
Bangalore Rural,561201,5
Bangalore Rural,561203,13111
Bangalore Rural,561204,3412
Bangalore Rural,561205,1698
Bangalore Rural,562102,4
Bangalore Rural,562110,8480
Bangalore Rural,562111,3031
Bangalore Rural,562114,10567
Bangalore Rural,562117,14
Bangalore Rural,562122,4278
Bangalore Rural,562123,7384
Bangalore Rural,562126,4
Bangalore Rural,562127,23
Bangalore Rural,562129,3596
Bangalore Rural,562130,73
Bangalore Rural,562131,20
Bangalore Rural,562132,1474
Bangalore Rural,562135,5032
Bangalore Rural,562149,18
Bangalore Rural,562157,23
Bangalore Rural,562162,37
Bangalore Rural,563160,20
Bangalore Rural,571501,4
Banka,811308,232
Banka,812004,12
Banka,812005,2
Banka,813101,20677
Banka,813102,20736
Banka,813103,10681
Banka,813104,11456
Banka,813105,12229
Banka,813106,21645
Banka,813107,7213
Banka,813108,1217
Banka,813109,8375
Banka,813110,5626
Banka,813115,5
Banka,813116,820
Banka,813117,55
Banka,813118,2409
Banka,813119,1183
Banka,813121,645
Banka,813123,1026
Banka,813125,846
Banka,813126,7
Banka,813127,581
Banka,813128,633
Banka,813201,73
Banka,813202,6568
Banka,813205,7981
Banka,813207,9004
Banka,813209,5
Banka,813210,2
Banka,813211,11034
Banka,813212,2195
Banka,813224,1908
Banka,813321,20
Banka,814131,7919
Banka,853201,7
Banka,853204,4
Bankura,700004,2
Bankura,700050,2
Bankura,712612,27
Bankura,713142,173
Bankura,713151,5
Bankura,721504,1019
Bankura,721515,11
Bankura,722101,13026
Bankura,722102,2805
Bankura,722107,73
Bankura,722110,233
Bankura,722111,180
Bankura,722112,428
Bankura,722121,4127
Bankura,722122,6878
Bankura,722132,4179
Bankura,722133,5909
Bankura,722134,5098
Bankura,722135,4155
Bankura,722136,5827
Bankura,722137,5838
Bankura,722138,5091
Bankura,722139,2994
Bankura,722140,7299
Bankura,722141,6443
Bankura,722142,2138
Bankura,722143,4606
Bankura,722144,7010
Bankura,722145,1766
Bankura,722146,2386
Bankura,722147,641
Bankura,722148,3425
Bankura,722149,2151
Bankura,722150,6492
Bankura,722151,5230
Bankura,722152,5009
Bankura,722153,2005
Bankura,722154,2609
Bankura,722155,2954
Bankura,722156,1554
Bankura,722157,2694
Bankura,722158,3115
Bankura,722160,2368
Bankura,722161,2019
Bankura,722162,2055
Bankura,722163,314
Bankura,722164,2500
Bankura,722165,476
Bankura,722166,46
Bankura,722168,629
Bankura,722169,388
Bankura,722170,36
Bankura,722171,438
Bankura,722172,494
Bankura,722173,2190
Bankura,722174,396
Bankura,722175,836
Bankura,722176,239
Bankura,722177,549
Bankura,722178,62
Bankura,722179,404
Bankura,722180,283
Bankura,722181,244
Bankura,722182,519
Bankura,722183,171
Bankura,722201,2235
Bankura,722202,2652
Bankura,722203,5353
Bankura,722204,633
Bankura,722205,7452
Bankura,722206,9077
Bankura,722207,8092
Bankura,722208,1360
Bankura,722209,98
Bankura,723121,45
Bankura,723131,36
Bankura,723168,244
Banswara,314032,2
Banswara,314036,5
Banswara,327001,36337
Banswara,327021,6780
Banswara,327022,7949
Banswara,327023,12245
Banswara,327024,1103
Banswara,327025,5932
Banswara,327026,3068
Banswara,327027,9658
Banswara,327031,9733
Banswara,327032,7151
Banswara,327034,7661
Banswara,327601,13421
Banswara,327602,12470
Banswara,327604,5194
Banswara,327605,2006
Banswara,327606,3152
Banswara,327608,1570
Banswara,327801,21547
Bapatla,522101,980
Bapatla,522102,4
Bapatla,522111,324
Bapatla,522113,37
Bapatla,522211,45
Bapatla,522212,9
Bapatla,522256,146
Bapatla,522257,46
Bapatla,522258,53
Bapatla,522259,189
Bapatla,522261,239
Bapatla,522262,333
Bapatla,522264,93
Bapatla,522265,855
Bapatla,522268,335
Bapatla,522301,29
Bapatla,522309,139
Bapatla,522310,34
Bapatla,522311,119
Bapatla,522312,20
Bapatla,522313,52
Bapatla,522314,351
Bapatla,522315,4
Bapatla,522317,45
Bapatla,522318,66
Bapatla,522324,278
Bapatla,522325,69
Bapatla,522329,135
Bapatla,522341,21
Bapatla,523135,77
Bapatla,523155,419
Bapatla,523157,944
Bapatla,523165,64
Bapatla,523166,257
Bapatla,523167,374
Bapatla,523168,107
Bapatla,523169,392
Bapatla,523170,64
Bapatla,523171,23
Bapatla,523181,25
Bapatla,523183,2
Bapatla,523184,29
Bapatla,523185,34
Bapatla,523186,45
Bapatla,523187,360
Bapatla,523190,232
Bapatla,523201,745
Bapatla,523212,189
Bapatla,523213,69
Bapatla,523214,7
Bapatla,523260,119
Bapatla,523261,94
Bapatla,523263,5
Bapatla,523264,11
Bapatla,523301,488
Bapatla,523302,273
Bapatla,523303,162
Bara Banki,225001,14154
Bara Banki,225002,86
Bara Banki,225003,6267
Bara Banki,225119,4257
Bara Banki,225120,4273
Bara Banki,225121,8380
Bara Banki,225122,5476
Bara Banki,225123,1509
Bara Banki,225124,814
Bara Banki,225125,476
Bara Banki,225126,431
Bara Banki,225201,8710
Bara Banki,225202,4742
Bara Banki,225203,4314
Bara Banki,225204,6773
Bara Banki,225205,5061
Bara Banki,225206,9487
Bara Banki,225207,9086
Bara Banki,225208,3496
Bara Banki,225301,16584
Bara Banki,225302,11743
Bara Banki,225303,3956
Bara Banki,225304,9687
Bara Banki,225305,23937
Bara Banki,225306,10251
Bara Banki,225401,7391
Bara Banki,225402,34
Bara Banki,225403,6643
Bara Banki,225404,3712
Bara Banki,225405,6438
Bara Banki,225406,7
Bara Banki,225408,125
Bara Banki,225409,16490
Bara Banki,225412,9929
Bara Banki,225413,7794
Bara Banki,225414,6930
Bara Banki,225415,12067
Bara Banki,225416,8056
Bara Banki,227131,14088
Bara Banki,227301,14906
Bara Banki,227302,5889
Barabanki,225001,2960
Barabanki,225002,52
Barabanki,225003,754
Barabanki,225121,253
Barabanki,225122,326
Barabanki,225123,73
Barabanki,225202,9
Barabanki,225203,166
Barabanki,225204,110
Barabanki,225205,2
Barabanki,225206,105
Barabanki,225208,2
Barabanki,225301,893
Barabanki,225302,2
Barabanki,225304,2
Barabanki,225305,269
Barabanki,225306,4
Barabanki,225403,5
Barabanki,225405,34
Barabanki,225407,2
Barabanki,225409,5
Barabanki,225412,1037
Barabanki,225413,4
Barabanki,225414,168
Barabanki,225416,5
Barabanki,227131,18
Barabanki,227301,266
Barabanki,227302,4
Baramula,192125,23
Baramula,192231,4
Baramula,193101,12506
Baramula,193103,3172
Baramula,193108,78
Baramula,193121,15774
Baramula,193122,8945
Baramula,193123,6770
Baramula,193198,3836
Baramula,193201,25667
Baramula,193202,5822
Baramula,193221,205
Baramula,193301,9462
Baramula,193303,4633
Baramula,193401,1919
Baramula,193402,7301
Baramula,193403,1445
Baramula,193404,2801
Baramula,193501,2
Baran,325004,4
Baran,325202,11543
Baran,325203,4
Baran,325205,19122
Baran,325206,4792
Baran,325207,1336
Baran,325209,2849
Baran,325215,9811
Baran,325216,21401
Baran,325217,18632
Baran,325218,5895
Baran,325219,5134
Baran,325220,17308
Baran,325221,17217
Baran,325222,4259
Baran,325223,3699
Baran,325602,5
Barddhaman,712134,41
Barddhaman,712146,2562
Barddhaman,712308,198
Barddhaman,712402,292
Barddhaman,712410,1784
Barddhaman,712413,45
Barddhaman,712512,1016
Barddhaman,713101,11191
Barddhaman,713102,6991
Barddhaman,713103,3229
Barddhaman,713104,1960
Barddhaman,713121,2407
Barddhaman,713122,3231
Barddhaman,713123,987
Barddhaman,713124,1894
Barddhaman,713125,6579
Barddhaman,713126,2573
Barddhaman,713127,1639
Barddhaman,713128,5998
Barddhaman,713129,7085
Barddhaman,713130,6736
Barddhaman,713131,1042
Barddhaman,713140,1990
Barddhaman,713141,5406
Barddhaman,713142,2833
Barddhaman,713143,7867
Barddhaman,713144,3060
Barddhaman,713145,4090
Barddhaman,713146,9767
Barddhaman,713147,2776
Barddhaman,713148,4485
Barddhaman,713149,1246
Barddhaman,713150,4640
Barddhaman,713151,3218
Barddhaman,713152,3336
Barddhaman,713153,412
Barddhaman,713154,1415
Barddhaman,713155,536
Barddhaman,713156,312
Barddhaman,713157,437
Barddhaman,713158,292
Barddhaman,713160,86
Barddhaman,713162,34
Barddhaman,713165,340
Barddhaman,713166,3471
Barddhaman,713167,682
Barddhaman,713168,643
Barddhaman,713169,397
Barddhaman,713170,176
Barddhaman,713171,25
Barddhaman,713172,401
Barddhaman,713173,59
Barddhaman,713201,1957
Barddhaman,713202,583
Barddhaman,713203,2954
Barddhaman,713204,2167
Barddhaman,713205,3024
Barddhaman,713206,1965
Barddhaman,713207,670
Barddhaman,713208,748
Barddhaman,713209,184
Barddhaman,713210,985
Barddhaman,713211,736
Barddhaman,713212,4688
Barddhaman,713213,3313
Barddhaman,713214,66
Barddhaman,713215,374
Barddhaman,713216,576
Barddhaman,713217,492
Barddhaman,713218,94
Barddhaman,713219,406
Barddhaman,713301,3076
Barddhaman,713302,4752
Barddhaman,713303,2268
Barddhaman,713304,2762
Barddhaman,713305,196
Barddhaman,713315,1814
Barddhaman,713321,2953
Barddhaman,713322,1107
Barddhaman,713323,1550
Barddhaman,713324,1743
Barddhaman,713325,6456
Barddhaman,713326,192
Barddhaman,713330,1140
Barddhaman,713331,296
Barddhaman,713332,417
Barddhaman,713333,1743
Barddhaman,713334,2147
Barddhaman,713335,2464
Barddhaman,713336,2197
Barddhaman,713337,1657
Barddhaman,713338,1358
Barddhaman,713339,2521
Barddhaman,713340,1155
Barddhaman,713341,1217
Barddhaman,713342,151
Barddhaman,713343,2814
Barddhaman,713344,470
Barddhaman,713346,1908
Barddhaman,713347,3510
Barddhaman,713357,889
Barddhaman,713358,2108
Barddhaman,713359,4893
Barddhaman,713360,1231
Barddhaman,713361,200
Barddhaman,713362,1139
Barddhaman,713363,2717
Barddhaman,713364,506
Barddhaman,713365,46
Barddhaman,713367,100
Barddhaman,713368,417
Barddhaman,713369,130
Barddhaman,713370,777
Barddhaman,713371,643
Barddhaman,713372,62
Barddhaman,713373,2106
Barddhaman,713376,68
Barddhaman,713377,319
Barddhaman,713378,1636
Barddhaman,713380,55
Barddhaman,713381,1262
Barddhaman,713383,160
Barddhaman,713384,310
Barddhaman,713385,217
Barddhaman,713401,2356
Barddhaman,713402,30
Barddhaman,713403,3997
Barddhaman,713404,2063
Barddhaman,713405,3318
Barddhaman,713406,3113
Barddhaman,713407,2507
Barddhaman,713408,6196
Barddhaman,713409,2297
Barddhaman,713419,2
Barddhaman,713420,950
Barddhaman,713421,2261
Barddhaman,713422,8778
Barddhaman,713423,5084
Barddhaman,713424,6534
Barddhaman,713425,474
Barddhaman,713426,2480
Barddhaman,713427,2917
Barddhaman,713428,3494
Barddhaman,713429,109
Barddhaman,713430,891
Barddhaman,713432,315
Barddhaman,713433,46
Barddhaman,713434,757
Barddhaman,713501,695
Barddhaman,713502,3432
Barddhaman,713512,4795
Barddhaman,713513,6253
Barddhaman,713514,1652
Barddhaman,713515,1440
Barddhaman,713516,203
Barddhaman,713517,494
Barddhaman,713518,663
Barddhaman,713519,2849
Barddhaman,713520,4
Barddhaman,721150,4
Barddhaman,721301,2
Barddhaman,722201,32
Barddhaman,722205,137
Barddhaman,731214,194
Barddhaman,731215,29
Barddhaman,731301,205
Barddhaman,731303,4
Barddhaman,741302,12
Barddhaman,741316,478
Barddhaman,741319,285
Bardez,403101,5
Bardez,403501,4
Bardez,403507,11
Bardez,403509,18
Bardez,403513,4
Bardez,403515,5
Bardez,403516,20
Bardez,403521,5
Bardhaman,712308,5
Bardhaman,712402,20
Bardhaman,712410,16
Bardhaman,713101,645
Bardhaman,713102,267
Bardhaman,713103,1311
Bardhaman,713104,112
Bardhaman,713121,135
Bardhaman,713124,239
Bardhaman,713125,210
Bardhaman,713126,27
Bardhaman,713128,672
Bardhaman,713129,30
Bardhaman,713130,854
Bardhaman,713131,371
Bardhaman,713142,16
Bardhaman,713143,2580
Bardhaman,713144,34
Bardhaman,713145,39
Bardhaman,713146,1636
Bardhaman,713147,670
Bardhaman,713148,21
Bardhaman,713149,462
Bardhaman,713150,59
Bardhaman,713151,98
Bardhaman,713154,330
Bardhaman,713160,50
Bardhaman,713165,41
Bardhaman,713166,264
Bardhaman,713167,27
Bardhaman,713168,39
Bardhaman,713172,5
Bardhaman,713203,9
Bardhaman,713204,150
Bardhaman,713205,71
Bardhaman,713206,61
Bardhaman,713207,2
Bardhaman,713210,4
Bardhaman,713211,2
Bardhaman,713212,20
Bardhaman,713213,7
Bardhaman,713215,2
Bardhaman,713216,2
Bardhaman,713218,2
Bardhaman,713301,168
Bardhaman,713302,1402
Bardhaman,713303,212
Bardhaman,713304,64
Bardhaman,713305,23
Bardhaman,713315,50
Bardhaman,713321,43
Bardhaman,713322,287
Bardhaman,713323,23
Bardhaman,713324,168
Bardhaman,713325,1030
Bardhaman,713330,41
Bardhaman,713331,14
Bardhaman,713332,2
Bardhaman,713333,141
Bardhaman,713334,146
Bardhaman,713335,5
Bardhaman,713336,21
Bardhaman,713337,37
Bardhaman,713338,14
Bardhaman,713339,110
Bardhaman,713340,5
Bardhaman,713341,82
Bardhaman,713342,45
Bardhaman,713343,276
Bardhaman,713346,611
Bardhaman,713347,533
Bardhaman,713357,21
Bardhaman,713358,2
Bardhaman,713359,344
Bardhaman,713360,73
Bardhaman,713361,25
Bardhaman,713362,201
Bardhaman,713363,700
Bardhaman,713364,2
Bardhaman,713367,21
Bardhaman,713368,61
Bardhaman,713369,2
Bardhaman,713371,107
Bardhaman,713372,2
Bardhaman,713373,23
Bardhaman,713377,25
Bardhaman,713378,355
Bardhaman,713380,39
Bardhaman,713381,303
Bardhaman,713384,43
Bardhaman,713385,21
Bardhaman,713401,187
Bardhaman,713404,78
Bardhaman,713406,23
Bardhaman,713407,1654
Bardhaman,713408,579
Bardhaman,713409,127
Bardhaman,713420,7
Bardhaman,713421,5
Bardhaman,713422,499
Bardhaman,713423,62
Bardhaman,713424,127
Bardhaman,713425,7
Bardhaman,713426,403
Bardhaman,713427,4
Bardhaman,713428,12
Bardhaman,713430,360
Bardhaman,713434,2
Bardhaman,713502,577
Bardhaman,713512,73
Bardhaman,713513,39
Bardhaman,713514,228
Bardhaman,713515,89
Bardhaman,713519,510
Bardhaman,713520,5
Bardhaman,731215,16
Bardhaman,731303,2
Bardhaman,741316,41
Bardhaman,741319,4
Bareilly,243001,29227
Bareilly,243002,93
Bareilly,243003,11267
Bareilly,243004,48
Bareilly,243005,15485
Bareilly,243006,10528
Bareilly,243122,21693
Bareilly,243123,16333
Bareilly,243201,39254
Bareilly,243202,20291
Bareilly,243203,10458
Bareilly,243301,24633
Bareilly,243302,17041
Bareilly,243303,16634
Bareilly,243401,7787
Bareilly,243402,7137
Bareilly,243403,854
Bareilly,243407,684
Bareilly,243501,7965
Bareilly,243502,16732
Bareilly,243503,42691
Bareilly,243504,17233
Bareilly,243505,24008
Bareilly,243506,8550
Bareilly,262001,9
Bareilly,262121,4
Bareilly,262122,20
Bareilly,262201,16
Bareilly,262202,5
Bareilly,262203,12
Bareilly,262302,4
Bareilly,262406,34644
Bareilly,262407,17071
Bargarh,768027,8664
Bargarh,768028,13341
Bargarh,768029,10563
Bargarh,768030,7395
Bargarh,768031,700
Bargarh,768032,7457
Bargarh,768033,7548
Bargarh,768034,3567
Bargarh,768035,2972
Bargarh,768036,14933
Bargarh,768037,5000
Bargarh,768038,7502
Bargarh,768039,6894
Bargarh,768040,5576
Bargarh,768042,10152
Bargarh,768045,3938
Bargarh,768048,1666
Bargarh,768049,2994
Bargarh,768050,3553
Bargarh,768052,2071
Bargarh,768102,2379
Bargarh,768103,5640
Bargarh,768104,6903
Bargarh,768108,30
Bargarh,768110,4
Bargarh,768111,1962
Bargarh,768115,2352
Bargarh,768202,9
Bargarh,768214,4
Bargarh,768221,4
Bargarh,768228,2
Barmer,344001,32971
Barmer,344011,10284
Barmer,344012,6661
Barmer,344021,5403
Barmer,344022,17607
Barmer,344024,1547
Barmer,344025,636
Barmer,344026,12816
Barmer,344027,3348
Barmer,344031,13404
Barmer,344032,21323
Barmer,344033,26417
Barmer,344034,13892
Barmer,344035,14042
Barmer,344037,10574
Barmer,344043,6272
Barmer,344044,9858
Barmer,344501,7046
Barmer,344502,10394
Barmer,344701,15050
Barmer,344702,31077
Barmer,344703,8582
Barmer,344704,33484
Barmer,344705,3247
Barmer,344706,20970
Barmer,344708,8013
Barmer,344801,5706
Barnala,148020,69
Barnala,148024,1242
Barnala,148025,1725
Barnala,148028,4
Barnala,148100,5348
Barnala,148101,17844
Barnala,148102,4567
Barnala,148103,3591
Barnala,148104,5536
Barnala,148105,8056
Barnala,148106,1108
Barnala,148107,5114
Barnala,148108,9123
Barpeta,781301,1878
Barpeta,781302,5378
Barpeta,781305,6360
Barpeta,781307,4236
Barpeta,781308,18464
Barpeta,781309,16055
Barpeta,781312,976
Barpeta,781313,6878
Barpeta,781314,14877
Barpeta,781315,12983
Barpeta,781316,14662
Barpeta,781317,9257
Barpeta,781318,6324
Barpeta,781319,16028
Barpeta,781321,11107
Barpeta,781325,4111
Barpeta,781326,545
Barpeta,781328,1160
Barpeta,781329,928
Barpeta,781338,14
Barpeta,781352,15392
Barpeta,781355,306
Barpeta,781367,2
Barpeta,781369,2
Barpeta,781371,69
Barpeta,781375,2039
Barwani,450661,5
Barwani,451228,4
Barwani,451442,944
Barwani,451447,31478
Barwani,451449,15323
Barwani,451551,68490
Barwani,451556,12005
Barwani,451660,11048
Barwani,451661,21
Barwani,451666,86187
Barwani,451770,19487
Barwani,451881,10585
Bastar,492015,2
Bastar,493441,5
Bastar,494001,36127
Bastar,494005,4767
Bastar,494010,24487
Bastar,494111,29
Bastar,494115,9847
Bastar,494122,4
Bastar,494221,9246
Bastar,494222,18915
Bastar,494223,13060
Bastar,494224,24519
Bastar,494226,14
Bastar,494230,128
Bastar,494441,766
Bastar,494442,26164
Bastar,494444,11
Bastar,494448,5
Bastar,494449,11
Bastar,494450,4
Bastar,494556,37
Bastar,494665,21
Bastar,494669,2
Bastar,494771,2
Bastar,495330,2
Bastar,495334,4
Bastar,495442,2
Bastar,496116,5
Basti,271305,160
Basti,272001,7593
Basti,272002,21839
Basti,272123,3815
Basti,272124,9710
Basti,272125,25
Basti,272126,1924
Basti,272127,6376
Basti,272128,4355
Basti,272129,9111
Basti,272130,9254
Basti,272131,12192
Basti,272148,2
Basti,272150,4307
Basti,272151,10161
Basti,272153,12
Basti,272155,8886
Basti,272161,4327
Basti,272162,21
Basti,272163,15102
Basti,272165,9
Basti,272170,7814
Basti,272171,3819
Basti,272172,20
Basti,272175,5
Basti,272177,1741
Basti,272178,14
Basti,272181,5469
Basti,272182,3847
Basti,272190,8874
Basti,272191,23
Basti,272192,4
Basti,272193,2
Basti,272194,12156
Basti,272195,2324
Basti,272206,2
Basti,272271,4
Basti,272301,11923
Basti,272302,7368
Bathinda,148109,3475
Bathinda,151001,49356
Bathinda,151002,1794
Bathinda,151003,472
Bathinda,151004,11
Bathinda,151005,5467
Bathinda,151101,10396
Bathinda,151102,4806
Bathinda,151103,16399
Bathinda,151104,4193
Bathinda,151105,2931
Bathinda,151106,3462
Bathinda,151107,2
Bathinda,151108,4473
Bathinda,151111,2281
Bathinda,151201,14149
Bathinda,151206,5239
Bathinda,151301,9799
Bathinda,151302,10414
Bathinda,151401,10456
Bathinda,151501,497
Bathinda,151505,214
Bathinda,151509,12099
Baudh,762013,2
Baudh,762014,118
Baudh,762015,2
Baudh,762016,2951
Baudh,762017,2021
Baudh,762018,1787
Baudh,762023,2
Baudh,762030,1752
Beawar,305901,9
Beawar,305924,2
Beawar,305925,2
Beawar,306301,2
Beed,413207,5091
Beed,413229,4143
Beed,413249,9082
Beed,414202,12367
Beed,414203,17258
Beed,414204,11684
Beed,414205,10047
Beed,414208,4537
Beed,431122,75386
Beed,431123,31162
Beed,431124,19036
Beed,431125,9533
Beed,431126,14455
Beed,431127,27816
Beed,431128,18847
Beed,431129,14232
Beed,431130,16242
Beed,431131,31754
Beed,431142,2790
Beed,431143,12684
Beed,431144,4
Beed,431515,31410
Beed,431517,34601
Beed,431518,6019
Beed,431519,16524
Beed,431520,191
Beed,431523,6725
Beed,431530,11652
Begusarai,848201,20138
Begusarai,848202,15141
Begusarai,848203,1019
Begusarai,848204,16142
Begusarai,851101,4157
Begusarai,851111,16112
Begusarai,851112,21989
Begusarai,851113,3459
Begusarai,851114,492
Begusarai,851115,105
Begusarai,851116,1283
Begusarai,851117,2719
Begusarai,851118,2272
Begusarai,851119,1274
Begusarai,851120,20
Begusarai,851122,2653
Begusarai,851126,3304
Begusarai,851127,16415
Begusarai,851128,8698
Begusarai,851129,23500
Begusarai,851130,8787
Begusarai,851131,11524
Begusarai,851132,6196
Begusarai,851133,13894
Begusarai,851134,7575
Begusarai,851135,2685
Begusarai,851204,2352
Begusarai,851210,2479
Begusarai,851211,26545
Begusarai,851217,10765
Begusarai,851218,6345
Begusarai,851219,1361
Begusarai,851225,912
Begusarai,852161,2
Belagavi,581453,2
Belagavi,590001,7584
Belagavi,590003,4138
Belagavi,590005,4132
Belagavi,590006,3968
Belagavi,590008,1718
Belagavi,590009,116
Belagavi,590010,5348
Belagavi,590011,143
Belagavi,590014,4952
Belagavi,590016,10209
Belagavi,590018,46
Belagavi,590019,89
Belagavi,590020,5
Belagavi,591101,2928
Belagavi,591102,6755
Belagavi,591103,2338
Belagavi,591104,4426
Belagavi,591106,2676
Belagavi,591107,1668
Belagavi,591108,3804
Belagavi,591109,2466
Belagavi,591110,2210
Belagavi,591111,1536
Belagavi,591112,2063
Belagavi,591113,1128
Belagavi,591114,4954
Belagavi,591115,4122
Belagavi,591116,103
Belagavi,591117,5674
Belagavi,591118,800
Belagavi,591119,2534
Belagavi,591120,3060
Belagavi,591121,2691
Belagavi,591122,3755
Belagavi,591123,8943
Belagavi,591124,2413
Belagavi,591125,1595
Belagavi,591126,7999
Belagavi,591127,2507
Belagavi,591128,2099
Belagavi,591129,4633
Belagavi,591130,3240
Belagavi,591131,1326
Belagavi,591136,1283
Belagavi,591143,2074
Belagavi,591147,627
Belagavi,591153,1205
Belagavi,591156,1408
Belagavi,591173,86
Belagavi,591201,2915
Belagavi,591211,1062
Belagavi,591212,3412
Belagavi,591213,5312
Belagavi,591214,1411
Belagavi,591215,1851
Belagavi,591216,1707
Belagavi,591217,3093
Belagavi,591218,14
Belagavi,591219,394
Belagavi,591220,6773
Belagavi,591221,2851
Belagavi,591222,6524
Belagavi,591223,775
Belagavi,591224,5029
Belagavi,591225,2206
Belagavi,591226,3589
Belagavi,591227,3323
Belagavi,591228,773
Belagavi,591229,784
Belagavi,591230,2304
Belagavi,591231,2026
Belagavi,591232,3377
Belagavi,591233,3803
Belagavi,591234,1753
Belagavi,591235,7611
Belagavi,591236,1397
Belagavi,591237,6201
Belagavi,591238,1454
Belagavi,591239,1285
Belagavi,591240,2739
Belagavi,591241,2436
Belagavi,591242,1614
Belagavi,591243,2782
Belagavi,591244,2024
Belagavi,591246,807
Belagavi,591247,1584
Belagavi,591248,4114
Belagavi,591254,2135
Belagavi,591263,1493
Belagavi,591265,2862
Belagavi,591287,1001
Belagavi,591301,1727
Belagavi,591302,6966
Belagavi,591303,3653
Belagavi,591304,13644
Belagavi,591305,2263
Belagavi,591306,2714
Belagavi,591307,8587
Belagavi,591308,351
Belagavi,591309,5217
Belagavi,591310,3177
Belagavi,591311,8420
Belagavi,591312,5050
Belagavi,591313,3436
Belagavi,591314,2
Belagavi,591315,873
Belagavi,591316,3124
Belagavi,591317,8557
Belagavi,591340,839
Belagavi,591344,3913
Bemetara,490036,9972
Bemetara,491111,2
Bemetara,491331,13696
Bemetara,491332,18872
Bemetara,491335,65247
Bemetara,491337,33347
Bemetara,491338,6221
Bemetara,491340,25294
Bemetara,491888,201
Bemetara,491993,26201
Bemetara,495224,5
Bengaluru Rural,562163,18
Bengaluru South,560060,11
Bengaluru South,561101,11
Bengaluru South,561201,11
Bengaluru South,562108,2
Bengaluru South,562109,20
Bengaluru South,562112,27
Bengaluru South,562117,25
Bengaluru South,562119,11
Bengaluru South,562120,46
Bengaluru South,562121,7
Bengaluru South,562126,4
Bengaluru South,562127,12
Bengaluru South,562128,2
Bengaluru South,562131,16
Bengaluru South,562138,11
Bengaluru South,562159,30
Bengaluru South,562160,16
Bengaluru Urban,560001,4881
Bengaluru Urban,560002,4350
Bengaluru Urban,560003,7087
Bengaluru Urban,560004,4833
Bengaluru Urban,560005,7048
Bengaluru Urban,560006,2001
Bengaluru Urban,560007,46
Bengaluru Urban,560008,7947
Bengaluru Urban,560009,321
Bengaluru Urban,560010,11012
Bengaluru Urban,560011,7456
Bengaluru Urban,560012,71
Bengaluru Urban,560013,2821
Bengaluru Urban,560014,780
Bengaluru Urban,560015,3844
Bengaluru Urban,560016,14672
Bengaluru Urban,560017,6173
Bengaluru Urban,560018,9116
Bengaluru Urban,560019,3523
Bengaluru Urban,560020,2938
Bengaluru Urban,560021,14658
Bengaluru Urban,560022,8856
Bengaluru Urban,560023,14106
Bengaluru Urban,560024,5041
Bengaluru Urban,560025,993
Bengaluru Urban,560026,25722
Bengaluru Urban,560027,5618
Bengaluru Urban,560028,1645
Bengaluru Urban,560029,9259
Bengaluru Urban,560030,7299
Bengaluru Urban,560032,23598
Bengaluru Urban,560033,7821
Bengaluru Urban,560034,3289
Bengaluru Urban,560035,5549
Bengaluru Urban,560036,10770
Bengaluru Urban,560037,12853
Bengaluru Urban,560038,3906
Bengaluru Urban,560039,9378
Bengaluru Urban,560040,11365
Bengaluru Urban,560041,4521
Bengaluru Urban,560042,666
Bengaluru Urban,560043,19817
Bengaluru Urban,560045,32812
Bengaluru Urban,560046,4168
Bengaluru Urban,560047,15064
Bengaluru Urban,560048,5961
Bengaluru Urban,560049,8838
Bengaluru Urban,560050,6067
Bengaluru Urban,560051,5469
Bengaluru Urban,560052,9
Bengaluru Urban,560053,5586
Bengaluru Urban,560054,6053
Bengaluru Urban,560055,802
Bengaluru Urban,560056,11244
Bengaluru Urban,560057,8259
Bengaluru Urban,560058,14925
Bengaluru Urban,560059,1484
Bengaluru Urban,560060,15795
Bengaluru Urban,560061,12311
Bengaluru Urban,560062,11843
Bengaluru Urban,560063,939
Bengaluru Urban,560064,20581
Bengaluru Urban,560065,1299
Bengaluru Urban,560066,8124
Bengaluru Urban,560067,6782
Bengaluru Urban,560068,27174
Bengaluru Urban,560069,1463
Bengaluru Urban,560070,11203
Bengaluru Urban,560071,1098
Bengaluru Urban,560072,13119
Bengaluru Urban,560073,11807
Bengaluru Urban,560074,650
Bengaluru Urban,560075,6616
Bengaluru Urban,560076,15870
Bengaluru Urban,560077,12914
Bengaluru Urban,560078,19339
Bengaluru Urban,560079,22766
Bengaluru Urban,560080,137
Bengaluru Urban,560081,18
Bengaluru Urban,560082,3863
Bengaluru Urban,560083,9631
Bengaluru Urban,560084,11324
Bengaluru Urban,560085,13243
Bengaluru Urban,560086,9298
Bengaluru Urban,560087,4647
Bengaluru Urban,560088,629
Bengaluru Urban,560089,1855
Bengaluru Urban,560090,6705
Bengaluru Urban,560091,27982
Bengaluru Urban,560092,5914
Bengaluru Urban,560093,4086
Bengaluru Urban,560094,7851
Bengaluru Urban,560095,1812
Bengaluru Urban,560096,9945
Bengaluru Urban,560097,14223
Bengaluru Urban,560098,6670
Bengaluru Urban,560099,8605
Bengaluru Urban,560100,12939
Bengaluru Urban,560102,6419
Bengaluru Urban,560103,4455
Bengaluru Urban,560104,854
Bengaluru Urban,560105,7096
Bengaluru Urban,560106,7
Bengaluru Urban,560107,71
Bengaluru Urban,560108,449
Bengaluru Urban,560109,973
Bengaluru Urban,560110,549
Bengaluru Urban,560111,86
Bengaluru Urban,560112,4
Bengaluru Urban,560113,43
Bengaluru Urban,560114,324
Bengaluru Urban,560115,34
Bengaluru Urban,561203,151
Bengaluru Urban,562106,10848
Bengaluru Urban,562107,6752
Bengaluru Urban,562109,12
Bengaluru Urban,562110,78
Bengaluru Urban,562111,5
Bengaluru Urban,562114,11
Bengaluru Urban,562120,118
Bengaluru Urban,562123,6862
Bengaluru Urban,562125,5617
Bengaluru Urban,562129,64
Bengaluru Urban,562130,6859
Bengaluru Urban,562149,3706
Bengaluru Urban,562157,3368
Bengaluru Urban,562159,25
Bengaluru Urban,562162,624
Bengaluru Urban,562166,5
Betul,460001,39828
Betul,460004,6410
Betul,460110,11504
Betul,460220,34521
Betul,460225,12753
Betul,460330,37668
Betul,460440,20182
Betul,460443,13512
Betul,460447,3738
Betul,460449,10497
Betul,460551,15922
Betul,460553,4400
Betul,460554,10136
Betul,460557,4221
Betul,460661,20640
Betul,460663,8257
Betul,460665,5009
Betul,460666,4663
Betul,460668,8004
Betul,461111,369
Betul,461228,30
Betul,461441,5396
Betul,480106,2
Bhabua,802132,4
Bhabua,821101,18
Bhabua,821102,2
Bhabua,821104,2
Bhabua,821105,5
Bhabua,821106,5
Bhabua,821108,9
Bhabua,821109,12
Bhabua,821110,2
Bhadohi,221301,991
Bhadohi,221303,1041
Bhadohi,221304,1748
Bhadohi,221306,201
Bhadohi,221308,731
Bhadohi,221309,574
Bhadohi,221310,597
Bhadohi,221314,372
Bhadohi,221401,1900
Bhadohi,221402,855
Bhadohi,221404,2021
Bhadohi,221406,456
Bhadohi,221407,11
Bhadohi,221409,157
Bhadradri Kothagudem,504293,9
Bhadradri Kothagudem,507002,2
Bhadradri Kothagudem,507101,6324
Bhadradri Kothagudem,507103,98
Bhadradri Kothagudem,507111,1442
Bhadradri Kothagudem,507114,59
Bhadradri Kothagudem,507115,4722
Bhadradri Kothagudem,507116,1383
Bhadradri Kothagudem,507117,4077
Bhadradri Kothagudem,507118,866
Bhadradri Kothagudem,507120,1620
Bhadradri Kothagudem,507122,230
Bhadradri Kothagudem,507123,4519
Bhadradri Kothagudem,507124,1620
Bhadradri Kothagudem,507125,237
Bhadradri Kothagudem,507128,1087
Bhadradri Kothagudem,507129,98
Bhadradri Kothagudem,507133,1030
Bhadradri Kothagudem,507137,2206
Bhadradri Kothagudem,507140,919
Bhadradri Kothagudem,507154,128
Bhadradri Kothagudem,507166,2055
Bhadradri Kothagudem,507301,1709
Bhadradri Kothagudem,507303,84
Bhadradri Kothagudem,507306,1369
Bhadradri Kothagudem,507316,602
Bhadradri Kothagudem,533351,2
Bhadrak,755001,30
Bhadrak,755006,110
Bhadrak,755007,30
Bhadrak,755036,32
Bhadrak,756046,287
Bhadrak,756100,6533
Bhadrak,756101,6194
Bhadrak,756111,3407
Bhadrak,756112,5893
Bhadrak,756113,2887
Bhadrak,756114,6203
Bhadrak,756115,5093
Bhadrak,756116,5741
Bhadrak,756117,10672
Bhadrak,756118,2006
Bhadrak,756119,7010
Bhadrak,756120,4929
Bhadrak,756121,3640
Bhadrak,756122,2516
Bhadrak,756123,3330
Bhadrak,756124,3781
Bhadrak,756125,15293
Bhadrak,756126,23
Bhadrak,756127,3523
Bhadrak,756128,2283
Bhadrak,756129,6100
Bhadrak,756130,7910
Bhadrak,756131,7554
Bhadrak,756132,7128
Bhadrak,756133,7981
Bhadrak,756135,3304
Bhadrak,756137,2088
Bhadrak,756138,2546
Bhadrak,756139,1023
Bhadrak,756144,713
Bhadrak,756162,2716
Bhadrak,756163,2625
Bhadrak,756164,5337
Bhadrak,756165,1146
Bhadrak,756166,2
Bhadrak,756167,627
Bhadrak,756168,4296
Bhadrak,756171,4731
Bhadrak,756181,4736
Bhadrak,756182,50
Bhagalpur,812001,9450
Bhagalpur,812002,5093
Bhagalpur,812003,1965
Bhagalpur,812004,10683
Bhagalpur,812005,17695
Bhagalpur,812006,16764
Bhagalpur,812007,18
Bhagalpur,813105,6517
Bhagalpur,813108,9656
Bhagalpur,813109,2
Bhagalpur,813112,1073
Bhagalpur,813113,3494
Bhagalpur,813129,690
Bhagalpur,813201,2942
Bhagalpur,813203,11057
Bhagalpur,813204,14494
Bhagalpur,813205,11941
Bhagalpur,813206,1910
Bhagalpur,813209,19553
Bhagalpur,813210,17014
Bhagalpur,813211,100
Bhagalpur,813213,14573
Bhagalpur,813214,43
Bhagalpur,813222,13028
Bhagalpur,813223,2350
Bhagalpur,813225,2087
Bhagalpur,813227,656
Bhagalpur,813228,1064
Bhagalpur,813231,943
Bhagalpur,813233,805
Bhagalpur,853201,12531
Bhagalpur,853202,14612
Bhagalpur,853203,6235
Bhagalpur,853204,24412
Bhagalpur,853205,8838
Bhandara,441104,77
Bhandara,441106,125
Bhandara,441702,112
Bhandara,441802,18787
Bhandara,441803,7862
Bhandara,441804,14079
Bhandara,441805,5358
Bhandara,441806,3947
Bhandara,441809,9366
Bhandara,441903,10260
Bhandara,441904,11458
Bhandara,441905,13124
Bhandara,441906,8976
Bhandara,441907,5989
Bhandara,441908,7673
Bhandara,441909,5469
Bhandara,441910,17477
Bhandara,441912,11338
Bhandara,441913,3270
Bhandara,441914,8844
Bhandara,441915,5333
Bhandara,441924,13197
Bharatpur,321001,26615
Bharatpur,321021,3133
Bharatpur,321022,14815
Bharatpur,321023,10886
Bharatpur,321024,17260
Bharatpur,321025,3264
Bharatpur,321026,2488
Bharatpur,321028,5453
Bharatpur,321201,7892
Bharatpur,321202,3371
Bharatpur,321203,14776
Bharatpur,321204,19054
Bharatpur,321205,14549
Bharatpur,321301,3282
Bharatpur,321302,5782
Bharatpur,321303,8983
Bharatpur,321401,11354
Bharatpur,321402,5095
Bharatpur,321403,3266
Bharatpur,321404,11558
Bharatpur,321405,4414
Bharatpur,321406,4376
Bharatpur,321407,3587
Bharatpur,321408,8288
Bharatpur,321409,5679
Bharatpur,321410,3063
Bharatpur,321411,4884
Bharatpur,321601,3348
Bharatpur,321602,12010
Bharatpur,321614,3619
Bharatpur,321615,2564
Bharatpur,321642,2819
Bharuch,391810,2990
Bharuch,392001,21241
Bharuch,392011,3894
Bharuch,392012,3858
Bharuch,392015,3612
Bharuch,392020,2994
Bharuch,392025,1785
Bharuch,392030,1180
Bharuch,392035,928
Bharuch,392040,1541
Bharuch,392110,3890
Bharuch,392130,2434
Bharuch,392140,4613
Bharuch,392150,8216
Bharuch,392155,2067
Bharuch,392160,1016
Bharuch,392165,1174
Bharuch,392170,2570
Bharuch,392180,1208
Bharuch,392210,4157
Bharuch,392215,476
Bharuch,392220,1709
Bharuch,392230,788
Bharuch,392240,1287
Bharuch,393001,16527
Bharuch,393002,2372
Bharuch,393010,4041
Bharuch,393017,103
Bharuch,393020,1785
Bharuch,393030,2546
Bharuch,393040,9
Bharuch,393105,973
Bharuch,393110,5777
Bharuch,393115,3329
Bharuch,393120,2356
Bharuch,393125,1135
Bharuch,393130,7529
Bharuch,393135,5191
Bharuch,393140,32
Bharuch,393145,2
Bharuch,393150,4
Bharuch,394115,1491
Bharuch,394116,46
Bharuch,394120,176
Bharuch,394125,29
Bharuch,394810,1019
Bhavnagar,364001,21462
Bhavnagar,364002,11244
Bhavnagar,364003,3988
Bhavnagar,364004,5777
Bhavnagar,364005,2056
Bhavnagar,364006,4906
Bhavnagar,364050,4704
Bhavnagar,364060,7479
Bhavnagar,364070,3371
Bhavnagar,364081,355
Bhavnagar,364110,2231
Bhavnagar,364120,5073
Bhavnagar,364130,8370
Bhavnagar,364135,3473
Bhavnagar,364140,11971
Bhavnagar,364145,5299
Bhavnagar,364150,7509
Bhavnagar,364210,1668
Bhavnagar,364230,3895
Bhavnagar,364240,11479
Bhavnagar,364250,2103
Bhavnagar,364260,4355
Bhavnagar,364265,2985
Bhavnagar,364270,15603
Bhavnagar,364275,2630
Bhavnagar,364280,6643
Bhavnagar,364290,24485
Bhavnagar,364295,8256
Bhavnagar,364310,4968
Bhavnagar,364313,2776
Bhavnagar,364320,3256
Bhavnagar,364330,2536
Bhavnagar,364505,7801
Bhavnagar,364510,5150
Bhavnagar,364525,533
Bhavnagar,364530,456
Bhavnagar,364710,13928
Bhavnagar,364720,4715
Bhavnagar,364730,1584
Bhavnagar,364740,1071
Bhavnagar,364750,4533
Bhavnagar,364760,2046
Bhavnagar,364765,2094
Bhavnagar,365550,7
Bhavnagar,365565,700
Bhilwara,311001,26638
Bhilwara,311011,5581
Bhilwara,311013,69
Bhilwara,311021,5087
Bhilwara,311022,2382
Bhilwara,311023,3446
Bhilwara,311024,5702
Bhilwara,311025,6556
Bhilwara,311026,4638
Bhilwara,311028,18
Bhilwara,311029,5
Bhilwara,311030,3945
Bhilwara,311201,9248
Bhilwara,311202,5348
Bhilwara,311203,6360
Bhilwara,311204,5877
Bhilwara,311301,10930
Bhilwara,311302,5934
Bhilwara,311401,5351
Bhilwara,311402,3983
Bhilwara,311403,5740
Bhilwara,311404,12297
Bhilwara,311407,5734
Bhilwara,311408,3781
Bhilwara,311601,6353
Bhilwara,311602,3892
Bhilwara,311603,7327
Bhilwara,311604,9266
Bhilwara,311605,6046
Bhilwara,311801,4690
Bhilwara,311802,6686
Bhilwara,311803,6151
Bhilwara,311804,12411
Bhilwara,311805,2919
Bhilwara,311806,3473
Bhind,476332,4
Bhind,476335,4
Bhind,477001,27187
Bhind,477105,4717
Bhind,477111,8240
Bhind,477116,15009
Bhind,477117,4662
Bhind,477222,5738
Bhind,477227,3478
Bhind,477331,5599
Bhind,477332,2375
Bhind,477333,3140
Bhind,477335,7787
Bhind,477441,9651
Bhind,477445,9004
Bhind,477446,2621
Bhind,477447,6495
Bhind,477449,2176
Bhind,477555,7297
Bhind,477557,12477
Bhind,477566,1691
Bhind,477660,9200
Bhiwani,127020,2
Bhiwani,127021,38693
Bhiwani,127022,1467
Bhiwani,127025,2527
Bhiwani,127026,2254
Bhiwani,127027,3813
Bhiwani,127028,5602
Bhiwani,127029,5096
Bhiwani,127030,4585
Bhiwani,127031,7755
Bhiwani,127032,10811
Bhiwani,127035,4245
Bhiwani,127040,13135
Bhiwani,127041,5720
Bhiwani,127042,2593
Bhiwani,127043,4745
Bhiwani,127045,1283
Bhiwani,127046,9115
Bhiwani,127110,1017
Bhiwani,127111,5952
Bhiwani,127114,4822
Bhiwani,127201,11820
Bhiwani,127306,6625
Bhiwani,127307,1508
Bhiwani,127308,5472
Bhiwani,127309,6821
Bhiwani,127310,2921
Bhojpur,802112,3512
Bhojpur,802128,2
Bhojpur,802129,5
Bhojpur,802134,481
Bhojpur,802152,7552
Bhojpur,802154,4155
Bhojpur,802155,4113
Bhojpur,802156,3592
Bhojpur,802157,1393
Bhojpur,802158,11397
Bhojpur,802159,2374
Bhojpur,802160,2593
Bhojpur,802161,5282
Bhojpur,802162,2404
Bhojpur,802163,4204
Bhojpur,802164,4904
Bhojpur,802165,8532
Bhojpur,802166,4236
Bhojpur,802183,4298
Bhojpur,802201,6720
Bhojpur,802202,2527
Bhojpur,802203,7397
Bhojpur,802204,3359
Bhojpur,802205,1543
Bhojpur,802206,4868
Bhojpur,802207,8505
Bhojpur,802208,6206
Bhojpur,802209,3175
Bhojpur,802210,2092
Bhojpur,802222,5160
Bhojpur,802223,3779
Bhojpur,802237,435
Bhojpur,802301,13364
Bhojpur,802302,1484
Bhojpur,802311,3184
Bhojpur,802312,6746
Bhojpur,802313,5390
Bhojpur,802314,2703
Bhojpur,802315,766
Bhojpur,802316,4070
Bhojpur,802351,3491
Bhojpur,802352,36
Bhojpur,841312,809
Bhopal,462001,58609
Bhopal,462002,1383
Bhopal,462003,18885
Bhopal,462004,1987
Bhopal,462006,2
Bhopal,462007,12
Bhopal,462008,10039
Bhopal,462010,24628
Bhopal,462011,998
Bhopal,462013,45
Bhopal,462015,2
Bhopal,462016,9590
Bhopal,462018,123
Bhopal,462021,1916
Bhopal,462022,28219
Bhopal,462023,18926
Bhopal,462024,3117
Bhopal,462026,4631
Bhopal,462027,16
Bhopal,462030,24530
Bhopal,462031,52
Bhopal,462032,23
Bhopal,462033,25
Bhopal,462036,7324
Bhopal,462037,4665
Bhopal,462038,26098
Bhopal,462039,3653
Bhopal,462040,12
Bhopal,462041,5064
Bhopal,462042,14990
Bhopal,462043,7315
Bhopal,462044,9403
Bhopal,462045,276
Bhopal,462046,666
Bhopal,462047,2288
Bhopal,462066,5
Bhopal,462101,12629
Bhopal,462120,116
Bhopal,462420,11158
Bhopal,463106,11169
Bhopal,463111,7616
Bhopal,464993,14
Bid,413229,12
Bid,413249,244
Bid,414202,160
Bid,414203,251
Bid,414204,55
Bid,414205,23
Bid,414208,12
Bid,431122,4697
Bid,431123,479
Bid,431124,481
Bid,431125,21
Bid,431126,178
Bid,431127,339
Bid,431128,396
Bid,431129,7
Bid,431130,7
Bid,431131,2774
Bid,431142,20
Bid,431143,7
Bid,431515,1317
Bid,431517,4653
Bid,431518,82
Bid,431519,93
Bid,431520,39
Bid,431523,1139
Bid,431530,139
Bidar,585226,6018
Bidar,585227,5829
Bidar,585326,9662
Bidar,585327,13174
Bidar,585328,9624
Bidar,585329,3621
Bidar,585330,5303
Bidar,585331,4428
Bidar,585353,1675
Bidar,585401,10394
Bidar,585402,8284
Bidar,585403,11506
Bidar,585411,3977
Bidar,585412,5278
Bidar,585413,5552
Bidar,585414,2550
Bidar,585415,1190
Bidar,585416,5563
Bidar,585417,3305
Bidar,585418,3551
Bidar,585419,7409
Bidar,585421,4250
Bidar,585436,1787
Bidar,585437,5367
Bidar,585443,2735
Bijapur(Kar),586113,7
Bijapur(Kar),586116,2
Bijapur(Kar),586119,2
Bijapur(Kar),586124,2
Bijapur(Kar),586127,4
Bijapur(Kar),586128,2
Bijapur(Kar),586202,2
Bijapur(Kar),586204,2
Bijapur(Kar),586208,2
Bijnor,246701,39938
Bijnor,246721,13149
Bijnor,246722,15929
Bijnor,246723,3380
Bijnor,246724,9654
Bijnor,246725,27474
Bijnor,246726,11344
Bijnor,246727,6729
Bijnor,246728,4820
Bijnor,246729,3623
Bijnor,246731,27802
Bijnor,246732,7710
Bijnor,246733,23714
Bijnor,246734,15922
Bijnor,246735,7570
Bijnor,246736,6219
Bijnor,246737,663
Bijnor,246738,586
Bijnor,246745,7113
Bijnor,246746,13151
Bijnor,246747,15759
Bijnor,246749,14792
Bijnor,246761,22568
Bijnor,246762,36547
Bijnor,246763,35277
Bijnor,246764,11076
Bijnor,246765,2117
Bijnor,246768,2138
Bikaner,331801,2520
Bikaner,331803,21066
Bikaner,331811,6244
Bikaner,334001,51961
Bikaner,334003,2780
Bikaner,334004,10282
Bikaner,334006,160
Bikaner,334021,5608
Bikaner,334022,5882
Bikaner,334023,10722
Bikaner,334201,3965
Bikaner,334202,3455
Bikaner,334302,8006
Bikaner,334303,4341
Bikaner,334305,6459
Bikaner,334401,5242
Bikaner,334402,4476
Bikaner,334403,1677
Bikaner,334601,4229
Bikaner,334602,3582
Bikaner,334603,11337
Bikaner,334604,5262
Bikaner,334801,6504
Bikaner,334802,12359
Bikaner,334803,26064
Bikaner,334804,6714
Bikaner,334808,2306
Bilaspur,174001,5847
Bilaspur,174002,1367
Bilaspur,174003,1044
Bilaspur,174004,1896
Bilaspur,174005,135
Bilaspur,174011,823
Bilaspur,174012,428
Bilaspur,174013,873
Bilaspur,174015,955
Bilaspur,174017,1210
Bilaspur,174021,4512
Bilaspur,174023,1089
Bilaspur,174024,716
Bilaspur,174026,1805
Bilaspur,174027,1645
Bilaspur,174028,1493
Bilaspur,174029,3541
Bilaspur,174030,1778
Bilaspur,174031,1062
Bilaspur,174032,928
Bilaspur,174033,1121
Bilaspur,174034,1461
Bilaspur,174035,854
Bilaspur,174036,103
Bilaspur,174201,1148
Bilaspur,174310,1199
Bilaspur,177029,2
Bilaspur,495001,53119
Bilaspur,495003,4
Bilaspur,495004,15763
Bilaspur,495006,11641
Bilaspur,495009,7956
Bilaspur,495112,13350
Bilaspur,495113,20888
Bilaspur,495115,2700
Bilaspur,495116,22402
Bilaspur,495117,14350
Bilaspur,495118,14353
Bilaspur,495119,19300
Bilaspur,495220,7764
Bilaspur,495222,1014
Bilaspur,495223,3484
Bilaspur,495224,20852
Bilaspur,495330,16216
Bilaspur,495334,27
Bilaspur,495442,25036
Bilaspur,495445,11
Bilaspur,495446,438
Bilaspur,495449,6105
Bilaspur,495550,16355
Bilaspur,495551,43903
Bilaspur,495555,3461
Bilaspur,495556,7
Bilaspur,495559,6958
Bilaspur,495661,4
Bilaspur,495663,75
Bilaspur,495671,4
Bilaspur,495687,4
Birbhum,713129,155
Birbhum,713143,127
Birbhum,713147,34
Birbhum,731101,3842
Birbhum,731102,2598
Birbhum,731103,2999
Birbhum,731104,2142
Birbhum,731121,3211
Birbhum,731123,6486
Birbhum,731124,5798
Birbhum,731125,4514
Birbhum,731126,4236
Birbhum,731127,3617
Birbhum,731128,5
Birbhum,731129,1319
Birbhum,731130,2780
Birbhum,731131,36
Birbhum,731132,2053
Birbhum,731133,1630
Birbhum,731139,2
Birbhum,731201,5695
Birbhum,731202,533
Birbhum,731203,4
Birbhum,731204,9332
Birbhum,731213,6148
Birbhum,731214,4911
Birbhum,731215,3336
Birbhum,731216,9163
Birbhum,731218,29
Birbhum,731219,9193
Birbhum,731220,8190
Birbhum,731221,7037
Birbhum,731222,5481
Birbhum,731223,1949
Birbhum,731224,12760
Birbhum,731233,3555
Birbhum,731234,11803
Birbhum,731235,1083
Birbhum,731236,5041
Birbhum,731237,8432
Birbhum,731238,5934
Birbhum,731239,78
Birbhum,731240,4467
Birbhum,731241,1151
Birbhum,731242,1367
Birbhum,731243,5786
Birbhum,731244,921
Birbhum,731245,2937
Birbhum,731246,4
Birbhum,731251,39
Birbhum,731253,4
Birbhum,731301,2409
Birbhum,731302,4378
Birbhum,731303,5624
Birbhum,742161,2
Bishnupur,795101,2
Bishnupur,795103,14
Bishnupur,795126,14352
Bishnupur,795133,25339
Bishnupur,795134,14298
Bishnupur,795149,4
Biswanath,784166,103
Biswanath,784167,353
Biswanath,784168,3074
Biswanath,784169,601
Biswanath,784170,741
Biswanath,784172,1014
Biswanath,784173,741
Biswanath,784174,1855
Biswanath,784175,2242
Biswanath,784176,3109
Biswanath,784177,1089
Biswanath,784178,871
Biswanath,784179,697
Biswanath,784180,50
Biswanath,784184,426
Biswanath,784189,48
Bokaro,825102,4022
Bokaro,825106,11
Bokaro,825312,980
Bokaro,825315,3995
Bokaro,825322,4
Bokaro,825325,347
Bokaro,826003,2
Bokaro,826004,4
Bokaro,827001,3231
Bokaro,827003,921
Bokaro,827004,1671
Bokaro,827006,1335
Bokaro,827009,6762
Bokaro,827010,13414
Bokaro,827011,91
Bokaro,827012,3895
Bokaro,827013,36581
Bokaro,827014,2265
Bokaro,827302,13767
Bokaro,828101,2
Bokaro,828106,5
Bokaro,828110,4
Bokaro,828113,2
Bokaro,828114,4
Bokaro,828116,2
Bokaro,828121,2
Bokaro,828131,2
Bokaro,828134,20180
Bokaro,828201,2
Bokaro,828302,34
Bokaro,828303,5975
Bokaro,828306,2
Bokaro,828307,795
Bokaro,828401,1057
Bokaro,828403,6470
Bokaro,828404,1965
Bokaro,829104,2498
Bokaro,829107,5422
Bokaro,829111,5210
Bokaro,829112,5492
Bokaro,829113,1525
Bokaro,829114,2537
Bokaro,829116,1841
Bokaro,829121,10633
Bokaro,829123,1732
Bokaro,829127,1805
Bokaro,829128,1862
Bokaro,829132,1597
Bokaro,829144,8808
Bokaro,829149,1386
Bokaro,829301,11064
Bokaro *,828109,4
Bokaro *,828303,2
Bongaigaon,783334,2
Bongaigaon,783371,731
Bongaigaon,783372,3232
Bongaigaon,783380,10465
Bongaigaon,783381,1174
Bongaigaon,783382,4319
Bongaigaon,783383,4396
Bongaigaon,783384,20072
Bongaigaon,783385,71
Bongaigaon,783388,6383
Bongaigaon,783389,1224
Bongaigaon,783390,5116
Bongaigaon,783391,1149
Bongaigaon,783392,6891
Bongaigaon,783393,5
Bongaigaon,783394,2
Botad,363415,175
Botad,363610,66
Botad,364310,184
Botad,364320,78
Botad,364710,10232
Botad,364720,2406
Botad,364730,1130
Botad,364740,469
Botad,364750,2623
Botad,364760,830
Botad,364765,1032
Botad,382245,3635
Botad,382250,572
Botad,382255,2283
Botad,382450,3220
Botad,382455,2
Botad,382463,32
Boudh,760020,169
Boudh,762012,816
Boudh,762013,3001
Boudh,762014,5078
Boudh,762015,8512
Boudh,762016,8197
Boudh,762017,3997
Boudh,762018,2937
Boudh,762020,3307
Boudh,762023,1092
Boudh,762024,2714
Boudh,762026,3468
Boudh,762030,25
Budaun,202421,4
Budaun,202520,6925
Budaun,202521,1329
Budaun,202522,25
Budaun,202523,11053
Budaun,202524,7188
Budaun,202525,6365
Budaun,202526,7555
Budaun,242021,20
Budaun,243601,39913
Budaun,243621,1196
Budaun,243630,6572
Budaun,243631,5415
Budaun,243632,8416
Budaun,243633,18520
Budaun,243634,6834
Budaun,243635,15346
Budaun,243636,4091
Budaun,243637,4539
Budaun,243638,20326
Budaun,243639,14879
Budaun,243640,2
Budaun,243641,6497
Budaun,243720,1957
Budaun,243723,296
Budaun,243724,253
Budaun,243725,656
Budaun,243726,408
Budgam,190014,57
Budgam,190018,946
Budgam,191111,14343
Budgam,191112,3022
Budgam,191113,7726
Budgam,191132,5
Budgam,192121,1816
Budgam,192123,4
Budgam,193401,2318
Budgam,193411,10945
Bulandshahar,202390,16
Bulandshahar,202391,7
Bulandshahar,202392,9
Bulandshahar,202393,36
Bulandshahar,202394,4
Bulandshahar,202395,5
Bulandshahar,202398,2
Bulandshahar,202399,2
Bulandshahar,203001,196
Bulandshahar,203129,2
Bulandshahar,203131,25
Bulandshahar,203132,5
Bulandshahar,203150,7
Bulandshahar,203202,2
Bulandshahar,203203,7
Bulandshahar,203205,27
Bulandshahar,245401,2
Bulandshahar,245402,2
Bulandshahar,245403,2
Bulandshahar,245405,4
Bulandshahar,245408,23
Bulandshahar,245409,2
Bulandshahar,245411,4
Bulandshahar,245412,4
Bulandshahr,202389,4097
Bulandshahr,202390,13208
Bulandshahr,202391,2448
Bulandshahr,202392,11843
Bulandshahr,202393,26273
Bulandshahr,202394,14334
Bulandshahr,202395,9859
Bulandshahr,202396,6944
Bulandshahr,202397,8523
Bulandshahr,202398,9847
Bulandshahr,202399,4670
Bulandshahr,203001,44046
Bulandshahr,203002,2880
Bulandshahr,203129,6411
Bulandshahr,203131,34961
Bulandshahr,203132,6028
Bulandshahr,203135,2
Bulandshahr,203141,4264
Bulandshahr,203150,5709
Bulandshahr,203155,176
Bulandshahr,203201,102
Bulandshahr,203202,2842
Bulandshahr,203203,8735
Bulandshahr,203205,18717
Bulandshahr,203206,11
Bulandshahr,203389,34
Bulandshahr,203390,829
Bulandshahr,203391,12
Bulandshahr,203392,435
Bulandshahr,203393,11
Bulandshahr,203394,404
Bulandshahr,203395,545
Bulandshahr,203396,253
Bulandshahr,203397,127
Bulandshahr,203398,23
Bulandshahr,203399,116
Bulandshahr,203401,16
Bulandshahr,203402,100
Bulandshahr,203403,182
Bulandshahr,203405,9
Bulandshahr,203407,4
Bulandshahr,203408,560
Bulandshahr,203409,2
Bulandshahr,203411,100
Bulandshahr,203412,32
Bulandshahr,245401,5462
Bulandshahr,245402,5494
Bulandshahr,245403,6725
Bulandshahr,245405,10365
Bulandshahr,245407,4724
Bulandshahr,245408,15125
Bulandshahr,245409,8717
Bulandshahr,245411,4082
Bulandshahr,245412,10813
Buldana,443001,8190
Buldana,443101,5711
Buldana,443102,991
Buldana,443103,704
Buldana,443104,7
Buldana,443106,223
Buldana,443112,310
Buldana,443201,10244
Buldana,443202,617
Buldana,443203,1034
Buldana,443204,773
Buldana,443206,675
Buldana,443301,3115
Buldana,443302,3316
Buldana,443303,738
Buldana,443304,116
Buldana,443308,216
Buldana,443401,531
Buldana,443402,5070
Buldana,443403,30
Buldana,443404,1456
Buldana,444108,2
Buldana,444201,424
Buldana,444202,939
Buldana,444203,5463
Buldana,444204,27
Buldana,444301,1579
Buldana,444303,10023
Buldana,444304,20
Buldana,444306,834
Buldana,444312,305
Buldhana,443001,27014
Buldhana,443101,21041
Buldhana,443102,8585
Buldhana,443103,17217
Buldhana,443104,4592
Buldhana,443106,12559
Buldhana,443112,4512
Buldhana,443201,28962
Buldhana,443202,14779
Buldhana,443203,8744
Buldhana,443204,6891
Buldhana,443206,8133
Buldhana,443301,35296
Buldhana,443302,23422
Buldhana,443303,8197
Buldhana,443304,6559
Buldhana,443308,6244
Buldhana,443401,7292
Buldhana,443402,20004
Buldhana,443403,11629
Buldhana,443404,17160
Buldhana,444108,638
Buldhana,444201,6082
Buldhana,444202,4660
Buldhana,444203,15031
Buldhana,444204,15836
Buldhana,444301,6023
Buldhana,444303,31193
Buldhana,444304,2183
Buldhana,444306,6190
Buldhana,444312,4198
Buldhana,444501,271
Bundi,323001,17867
Bundi,323021,9198
Bundi,323022,5332
Bundi,323023,3879
Bundi,323024,13236
Bundi,323025,4435
Bundi,323301,5825
Bundi,323302,36
Bundi,323601,2445
Bundi,323602,5624
Bundi,323603,8229
Bundi,323613,3097
Bundi,323614,3660
Bundi,323615,1073
Bundi,323616,3779
Bundi,323801,8576
Bundi,323802,8086
Bundi,323803,7628
Burdwan,713424,9
Burhanpur,450221,11340
Burhanpur,450331,87152
Burhanpur,450332,17648
Burhanpur,450445,14678
Burhanpur,450661,1287
Burhanpur,451113,4
Burhanpur,451115,4
Burhanpur,451331,2
Buxar,802101,5018
Buxar,802102,2694
Buxar,802103,4412
Buxar,802111,3872
Buxar,802112,3892
Buxar,802113,1269
Buxar,802114,7456
Buxar,802115,1066
Buxar,802116,3122
Buxar,802117,5413
Buxar,802118,2135
Buxar,802119,7254
Buxar,802120,3635
Buxar,802122,3719
Buxar,802123,6713
Buxar,802125,3605
Buxar,802126,5089
Buxar,802127,1228
Buxar,802128,5488
Buxar,802129,5613
Buxar,802130,2753
Buxar,802131,2669
Buxar,802133,6443
Buxar,802134,5045
Buxar,802135,1443
Buxar,802136,567
Buxar,802155,5
Buxar,802205,2
Cachar,788001,3156
Cachar,788002,3788
Cachar,788003,4822
Cachar,788004,934
Cachar,788005,5879
Cachar,788006,2901
Cachar,788007,2833
Cachar,788008,98
Cachar,788009,4193
Cachar,788010,588
Cachar,788011,681
Cachar,788013,3166
Cachar,788014,347
Cachar,788015,959
Cachar,788025,3845
Cachar,788026,2402
Cachar,788030,4271
Cachar,788031,838
Cachar,788098,2534
Cachar,788099,3596
Cachar,788101,4902
Cachar,788102,645
Cachar,788103,964
Cachar,788104,2060
Cachar,788106,943
Cachar,788107,2994
Cachar,788108,249
Cachar,788109,84
Cachar,788110,2981
Cachar,788111,1091
Cachar,788112,1616
Cachar,788113,1839
Cachar,788114,2060
Cachar,788115,1671
Cachar,788116,3457
Cachar,788117,1287
Cachar,788118,1034
Cachar,788119,6372
Cachar,788120,5563
Cachar,788121,823
Cachar,788123,816
Cachar,788126,2276
Cachar,788127,542
Cachar,788150,451
Cachar,788155,7
Cachar,788161,18
Cachar,788163,7
Cachar,788164,11
Cachar,788166,2
Cachar,788709,4
Cachar,788713,2
Cachar,788720,4
Cachar,788722,5
Cachar,788725,4
Cachar,788734,2
Cachar,788801,515
Cachar,788802,1206
Cachar,788804,1597
Cachar,788805,2733
Cachar,788806,20
Cachar,788815,6426
Cachar,788816,1707
Cachar,788817,5048
Central Delhi,110001,440
Central Delhi,110002,12253
Central Delhi,110003,9877
Central Delhi,110004,187
Central Delhi,110005,19705
Central Delhi,110008,26070
Central Delhi,110011,878
Central Delhi,110012,11089
Central Delhi,110055,14380
Central Delhi,110060,1450
Central Delhi,110069,2
Chamarajanagar,571109,20
Chamarajanagar,571111,123
Chamarajanagar,571115,52
Chamarajanagar,571117,34
Chamarajanagar,571123,27
Chamarajanagar,571124,7
Chamarajanagar,571126,29
Chamarajanagar,571127,80
Chamarajanagar,571128,21
Chamarajanagar,571313,1189
Chamarajanagar,571342,82
Chamarajanagar,571439,36
Chamarajanagar,571440,1078
Chamarajanagar,571441,421
Chamarajanagar,571442,55
Chamarajanagar,571443,11
Chamarajanagar,571457,5
Chamarajanagar,571490,20
Chamarajanagar *,571109,4
Chamarajanagar *,571111,16
Chamarajanagar *,571115,5
Chamarajanagar *,571117,4
Chamarajanagar *,571126,2
Chamarajanagar *,571127,2
Chamarajanagar *,571313,14
Chamarajanagar *,571316,2
Chamarajanagar *,571342,2
Chamarajanagar *,571440,27
Chamarajanagar *,571441,25
Chamarajanagar *,571442,2
Chamarajanagar *,571443,4
Chamarajanagar *,571444,4
Chamba,176207,4464
Chamba,176301,1263
Chamba,176302,2785
Chamba,176303,1504
Chamba,176304,490
Chamba,176305,93
Chamba,176306,1249
Chamba,176308,1431
Chamba,176309,2320
Chamba,176310,4783
Chamba,176311,3687
Chamba,176312,2536
Chamba,176313,1001
Chamba,176314,6581
Chamba,176315,1736
Chamba,176316,6173
Chamba,176317,141
Chamba,176318,1142
Chamba,176319,2233
Chamba,176320,2632
Chamba,176321,4132
Chamba,176323,4694
Chamba,176324,2709
Chamba,176325,524
Chamba,176330,4
Chamoli,246401,1240
Chamoli,246422,29
Chamoli,246424,3853
Chamoli,246425,2
Chamoli,246426,492
Chamoli,246427,4387
Chamoli,246428,4125
Chamoli,246429,1967
Chamoli,246431,1422
Chamoli,246435,3756
Chamoli,246440,1762
Chamoli,246441,526
Chamoli,246442,39
Chamoli,246443,2548
Chamoli,246444,3038
Chamoli,246446,1132
Chamoli,246449,3261
Chamoli,246453,905
Chamoli,246455,3138
Chamoli,246472,1570
Chamoli,246473,2561
Chamoli,246474,852
Chamoli,246481,3983
Chamoli,246482,1189
Chamoli,246483,207
Chamoli,246486,1625
Chamoli,246487,734
Chamoli,246488,269
Champawat,262309,5102
Champawat,262310,2480
Champawat,262523,11235
Champawat,262524,7962
Champawat,262525,1301
Champawat,262527,1664
Champawat,262528,7226
Champawat,262529,150
Champawat,262580,4246
Champhai,796261,1616
Champhai,796290,3186
Champhai,796310,5007
Champhai,796320,4250
Champhai,796321,13206
Champhai,796370,1189
Chamrajanagar,571109,1714
Chamrajanagar,571111,2616
Chamrajanagar,571115,1399
Chamrajanagar,571117,2616
Chamrajanagar,571119,2
Chamrajanagar,571123,1115
Chamrajanagar,571124,289
Chamrajanagar,571126,139
Chamrajanagar,571127,3673
Chamrajanagar,571128,1536
Chamrajanagar,571312,282
Chamrajanagar,571313,5797
Chamrajanagar,571315,7
Chamrajanagar,571316,1174
Chamrajanagar,571342,2047
Chamrajanagar,571439,3521
Chamrajanagar,571440,7529
Chamrajanagar,571441,3696
Chamrajanagar,571442,3051
Chamrajanagar,571443,2092
Chamrajanagar,571444,5638
Chamrajanagar,571457,944
Chamrajanagar,571490,738
Chamrajnagar,571109,130
Chamrajnagar,571111,335
Chamrajnagar,571115,87
Chamrajnagar,571117,52
Chamrajnagar,571123,141
Chamrajnagar,571124,14
Chamrajnagar,571126,48
Chamrajnagar,571127,169
Chamrajnagar,571128,69
Chamrajnagar,571312,20
Chamrajnagar,571313,536
Chamrajnagar,571315,2
Chamrajnagar,571316,61
Chamrajnagar,571342,53
Chamrajnagar,571439,66
Chamrajnagar,571440,1003
Chamrajnagar,571441,536
Chamrajnagar,571442,287
Chamrajnagar,571443,94
Chamrajnagar,571444,200
Chamrajnagar,571457,30
Chamrajnagar,571490,78
Chandauli,221001,579
Chandauli,221005,9
Chandauli,221007,20
Chandauli,221008,3448
Chandauli,221009,2022
Chandauli,221101,25
Chandauli,221104,2
Chandauli,221110,1837
Chandauli,221115,5141
Chandauli,221116,16
Chandauli,232101,22830
Chandauli,232102,5973
Chandauli,232103,23719
Chandauli,232104,16110
Chandauli,232105,8960
Chandauli,232106,9396
Chandauli,232107,4710
Chandauli,232108,10392
Chandauli,232109,10563
Chandauli,232110,12490
Chandauli,232111,7976
Chandauli,232118,8625
Chandauli,232120,6500
Chandauli *,232103,2
Chandel,795101,1087
Chandel,795102,1728
Chandel,795103,615
Chandel,795118,2
Chandel,795127,3817
Chandel,795131,3585
Chandel,795135,4553
Chandel,795145,2
Chandel,795148,84
Chandigarh,140308,4
Chandigarh,140901,23
Chandigarh,160001,419
Chandigarh,160002,9931
Chandigarh,160003,2359
Chandigarh,160004,20
Chandigarh,160009,973
Chandigarh,160011,1445
Chandigarh,160012,825
Chandigarh,160014,19076
Chandigarh,160015,2931
Chandigarh,160017,30
Chandigarh,160018,656
Chandigarh,160019,6401
Chandigarh,160020,2352
Chandigarh,160022,3801
Chandigarh,160023,1964
Chandigarh,160025,7252
Chandigarh,160030,4232
Chandigarh,160036,17066
Chandigarh,160047,18154
Chandigarh,160055,3457
Chandigarh,160062,34
Chandigarh,160101,17000
Chandigarh,160102,10039
Chandigarh,160103,2243
Chandrapur,441205,7636
Chandrapur,441206,25777
Chandrapur,441209,135
Chandrapur,441212,6999
Chandrapur,441215,9945
Chandrapur,441221,13698
Chandrapur,441222,14077
Chandrapur,441223,10554
Chandrapur,441224,21143
Chandrapur,441225,15731
Chandrapur,441228,7244
Chandrapur,442401,37723
Chandrapur,442402,2017
Chandrapur,442403,1267
Chandrapur,442404,6244
Chandrapur,442406,4637
Chandrapur,442501,702
Chandrapur,442502,759
Chandrapur,442503,2910
Chandrapur,442505,6506
Chandrapur,442507,1212
Chandrapur,442603,5
Chandrapur,442701,18764
Chandrapur,442702,19052
Chandrapur,442901,925
Chandrapur,442902,12953
Chandrapur,442903,23495
Chandrapur,442904,9031
Chandrapur,442905,25052
Chandrapur,442906,18867
Chandrapur,442907,21458
Chandrapur,442908,18789
Chandrapur,442914,4906
Chandrapur,442916,7133
Chandrapur,442917,3336
Changlang,792055,397
Changlang,792056,3585
Changlang,792103,3207
Changlang,792105,4
Changlang,792120,3047
Changlang,792121,916
Changlang,792122,3177
Changlang,792123,248
Charaideo,785669,50
Charaideo,785670,1867
Charaideo,785673,1135
Charaideo,785686,43
Charaideo,785688,86
Charaideo,785689,2151
Charaideo,785690,2634
Charaideo,785691,1857
Charaideo,785692,3302
Charaideo,785693,1500
Charaideo,785698,153
Charkhi Dadri,127021,9
Charkhi Dadri,127022,1094
Charkhi Dadri,127025,453
Charkhi Dadri,127026,2021
Charkhi Dadri,127030,210
Charkhi Dadri,127042,1336
Charkhi Dadri,127306,4266
Charkhi Dadri,127307,715
Charkhi Dadri,127308,3427
Charkhi Dadri,127309,312
Charkhi Dadri,127310,2418
Charkhi Dadri,127311,7
Charkhi Dadri,127312,1174
Chatra,825103,20506
Chatra,825321,13666
Chatra,825325,4
Chatra,825330,2
Chatra,825401,31013
Chatra,825403,14116
Chatra,825404,14724
Chatra,825406,617
Chatra,825408,25899
Chatra,825409,9
Chatra,825411,68
Chatrapati Sambhaji Nagar,431001,3918
Chatrapati Sambhaji Nagar,431002,9
Chengalpattu,600048,48
Chengalpattu,600064,371
Chengalpattu,600070,100
Chengalpattu,600073,48
Chengalpattu,600100,1016
Chengalpattu,600126,415
Chengalpattu,600127,679
Chengalpattu,600130,593
Chengalpattu,603001,230
Chengalpattu,603002,326
Chengalpattu,603003,173
Chengalpattu,603004,7
Chengalpattu,603101,282
Chengalpattu,603102,296
Chengalpattu,603103,46
Chengalpattu,603104,173
Chengalpattu,603105,46
Chengalpattu,603107,39
Chengalpattu,603108,187
Chengalpattu,603109,364
Chengalpattu,603110,508
Chengalpattu,603111,306
Chengalpattu,603112,23
Chengalpattu,603127,39
Chengalpattu,603201,55
Chengalpattu,603202,1584
Chengalpattu,603203,130
Chengalpattu,603204,775
Chengalpattu,603209,636
Chengalpattu,603210,207
Chengalpattu,603211,20
Chengalpattu,603301,80
Chengalpattu,603302,237
Chengalpattu,603303,103
Chengalpattu,603304,118
Chengalpattu,603305,86
Chengalpattu,603306,267
Chengalpattu,603307,25
Chengalpattu,603308,100
Chengalpattu,603309,23
Chengalpattu,603310,34
Chengalpattu,603311,14
Chengalpattu,603312,57
Chengalpattu,603313,53
Chengalpattu,603314,21
Chengalpattu,603319,16
Chengalpattu,603401,114
Chengalpattu,603405,62
Chennai,600001,17219
Chennai,600002,9309
Chennai,600003,2527
Chennai,600004,10225
Chennai,600005,12155
Chennai,600006,2181
Chennai,600007,3747
Chennai,600008,1376
Chennai,600009,463
Chennai,600010,6199
Chennai,600011,13350
Chennai,600012,24878
Chennai,600013,9573
Chennai,600014,7851
Chennai,600015,9781
Chennai,600016,216
Chennai,600017,7867
Chennai,600018,5253
Chennai,600019,568
Chennai,600020,5009
Chennai,600021,21889
Chennai,600022,20
Chennai,600023,13142
Chennai,600024,6520
Chennai,600025,25
Chennai,600026,4478
Chennai,600028,6894
Chennai,600029,4314
Chennai,600030,3943
Chennai,600031,2341
Chennai,600032,4280
Chennai,600033,6126
Chennai,600034,3373
Chennai,600035,1905
Chennai,600036,137
Chennai,600037,46
Chennai,600038,939
Chennai,600039,22990
Chennai,600040,7550
Chennai,600041,9551
Chennai,600042,11843
Chennai,600049,6458
Chennai,600050,23
Chennai,600051,11
Chennai,600053,20
Chennai,600057,12
Chennai,600058,9
Chennai,600060,27
Chennai,600061,105
Chennai,600066,14
Chennai,600068,20
Chennai,600077,21
Chennai,600078,12976
Chennai,600079,46
Chennai,600080,18
Chennai,600081,17326
Chennai,600082,9018
Chennai,600083,7997
Chennai,600084,1233
Chennai,600085,2892
Chennai,600086,1057
Chennai,600087,46
Chennai,600088,549
Chennai,600089,32
Chennai,600090,1693
Chennai,600091,1992
Chennai,600092,6755
Chennai,600093,4391
Chennai,600094,9654
Chennai,600095,53
Chennai,600096,1490
Chennai,600097,2643
Chennai,600099,134
Chennai,600100,2568
Chennai,600101,46
Chennai,600102,2224
Chennai,600103,9
Chennai,600104,5
Chennai,600106,7563
Chennai,600107,3158
Chennai,600108,504
Chennai,600112,3150
Chennai,600113,3589
Chennai,600114,9
Chennai,600115,791
Chennai,600116,221
Chennai,600117,48
Chennai,600118,17693
Chennai,600119,1834
Chennai,600125,45
Chennai,600126,21
Chennai,600129,998
Chhatarpur,471001,27623
Chhatarpur,471101,5087
Chhatarpur,471105,12671
Chhatarpur,471111,9403
Chhatarpur,471201,20563
Chhatarpur,471202,1531
Chhatarpur,471301,10656
Chhatarpur,471311,19555
Chhatarpur,471313,21866
Chhatarpur,471315,10298
Chhatarpur,471318,12368
Chhatarpur,471405,22470
Chhatarpur,471408,10109
Chhatarpur,471411,7775
Chhatarpur,471501,11547
Chhatarpur,471510,8516
Chhatarpur,471515,25610
Chhatarpur,471525,22636
Chhatarpur,471606,10121
Chhatarpur,471625,12074
Chhatarpur,472001,4
Chhatarpur,472115,4
Chhatarpur,472221,2
Chhatarpur,472246,2
Chhatrapati Sambhajinagar,400009,12
Chhatrapati Sambhajinagar,400012,9
Chhatrapati Sambhajinagar,400033,5
Chhatrapati Sambhajinagar,423701,22438
Chhatrapati Sambhajinagar,423702,13812
Chhatrapati Sambhajinagar,423703,6869
Chhatrapati Sambhajinagar,431001,143084
Chhatrapati Sambhajinagar,431002,10150
Chhatrapati Sambhajinagar,431003,7830
Chhatrapati Sambhajinagar,431004,93
Chhatrapati Sambhajinagar,431005,7334
Chhatrapati Sambhajinagar,431006,2639
Chhatrapati Sambhajinagar,431007,19097
Chhatrapati Sambhajinagar,431008,10515
Chhatrapati Sambhajinagar,431009,5804
Chhatrapati Sambhajinagar,431010,64
Chhatrapati Sambhajinagar,431101,11011
Chhatrapati Sambhajinagar,431102,7933
Chhatrapati Sambhajinagar,431103,31406
Chhatrapati Sambhajinagar,431104,12014
Chhatrapati Sambhajinagar,431105,16805
Chhatrapati Sambhajinagar,431106,41
Chhatrapati Sambhajinagar,431107,16039
Chhatrapati Sambhajinagar,431109,9770
Chhatrapati Sambhajinagar,431110,6280
Chhatrapati Sambhajinagar,431111,14532
Chhatrapati Sambhajinagar,431112,28220
Chhatrapati Sambhajinagar,431113,12531
Chhatrapati Sambhajinagar,431114,7
Chhatrapati Sambhajinagar,431115,10168
Chhatrapati Sambhajinagar,431116,13106
Chhatrapati Sambhajinagar,431117,4902
Chhatrapati Sambhajinagar,431118,8589
Chhatrapati Sambhajinagar,431120,7106
Chhatrapati Sambhajinagar,431121,9040
Chhatrapati Sambhajinagar,431132,4690
Chhatrapati Sambhajinagar,431133,20227
Chhatrapati Sambhajinagar,431134,5930
Chhatrapati Sambhajinagar,431135,7195
Chhatrapati Sambhajinagar,431136,17541
Chhatrapati Sambhajinagar,431137,7775
Chhatrapati Sambhajinagar,431147,9981
Chhatrapati Sambhajinagar,431148,3238
Chhatrapati Sambhajinagar,431150,12245
Chhatrapati Sambhajinagar,431151,5137
Chhatrapati Sambhajinagar,431202,171
Chhatrapati Sambhajinagar,431205,2
Chhatrapati Sambhajinagar,431206,14
Chhatrapati Sambhajinagar,431207,29
Chhatrapati Sambhajinagar,431209,2
Chhatrapati Sambhajinagar,431213,86
Chhindwara,460663,773
Chhindwara,480001,39637
Chhindwara,480105,4011
Chhindwara,480106,15168
Chhindwara,480107,9138
Chhindwara,480108,6347
Chhindwara,480109,3259
Chhindwara,480110,6559
Chhindwara,480111,11866
Chhindwara,480112,9
Chhindwara,480115,12705
Chhindwara,480221,17490
Chhindwara,480223,8129
Chhindwara,480224,16191
Chhindwara,480331,10914
Chhindwara,480334,19382
Chhindwara,480337,4706
Chhindwara,480338,5155
Chhindwara,480441,16009
Chhindwara,480447,2557
Chhindwara,480449,2823
Chhindwara,480551,12572
Chhindwara,480553,634
Chhindwara,480554,1007
Chhindwara,480555,4467
Chhindwara,480557,3990
Chhindwara,480559,14312
Chhotaudepur,391110,107
Chhotaudepur,391120,9
Chhotaudepur,391121,7
Chhotaudepur,391125,2178
Chhotaudepur,391130,937
Chhotaudepur,391135,5091
Chhotaudepur,391140,2131
Chhotaudepur,391145,2477
Chhotaudepur,391150,7413
Chhotaudepur,391152,3305
Chhotaudepur,391155,1748
Chhotaudepur,391156,611
Chhotaudepur,391160,10389
Chhotaudepur,391165,11506
Chhotaudepur,391168,4635
Chhotaudepur,391170,6092
Chhotaudepur,391175,1164
Chhotaudepur,391761,433
Chickmagalur,573144,16
Chickmagalur,577101,3731
Chickmagalur,577102,568
Chickmagalur,577111,1064
Chickmagalur,577112,1160
Chickmagalur,577113,834
Chickmagalur,577114,287
Chickmagalur,577116,1832
Chickmagalur,577117,69
Chickmagalur,577118,57
Chickmagalur,577120,205
Chickmagalur,577121,185
Chickmagalur,577122,221
Chickmagalur,577123,241
Chickmagalur,577124,617
Chickmagalur,577125,27
Chickmagalur,577126,1401
Chickmagalur,577127,178
Chickmagalur,577128,62
Chickmagalur,577129,745
Chickmagalur,577130,520
Chickmagalur,577131,417
Chickmagalur,577132,2448
Chickmagalur,577133,816
Chickmagalur,577134,1315
Chickmagalur,577135,593
Chickmagalur,577136,520
Chickmagalur,577137,103
Chickmagalur,577138,788
Chickmagalur,577139,1265
Chickmagalur,577140,583
Chickmagalur,577142,5
Chickmagalur,577144,914
Chickmagalur,577145,519
Chickmagalur,577146,1053
Chickmagalur,577160,303
Chickmagalur,577168,1645
Chickmagalur,577175,602
Chickmagalur,577179,137
Chickmagalur,577180,287
Chickmagalur,577181,39
Chickmagalur,577182,816
Chickmagalur,577228,2165
Chickmagalur,577547,1181
Chickmagalur,577548,5219
Chickmagalur,577549,517
Chickmagalur,577550,786
Chikkaballapur,561206,1552
Chikkaballapur,561207,7448
Chikkaballapur,561208,5381
Chikkaballapur,561209,2072
Chikkaballapur,561210,2340
Chikkaballapur,561211,2741
Chikkaballapur,561212,2161
Chikkaballapur,561213,3694
Chikkaballapur,561228,1728
Chikkaballapur,562101,7365
Chikkaballapur,562102,4669
Chikkaballapur,562103,2311
Chikkaballapur,562104,3211
Chikkaballapur,562105,6942
Chikkaballapur,563123,1336
Chikkaballapur,563124,3322
Chikkaballapur,563125,10472
Chikkaballapur,563126,4
Chikkaballapur,563128,2792
Chikkaballapur,563130,2
Chikkaballapur,563135,4
Chikkaballapur,563138,2
Chikkaballapur,563139,2
Chikkaballapur,563146,1900
Chikkaballapur,563159,1267
Chikkaballapur,563161,4
Chikkamagaluru,573144,2
Chikkamagaluru,577101,3733
Chikkamagaluru,577102,788
Chikkamagaluru,577111,454
Chikkamagaluru,577112,462
Chikkamagaluru,577113,314
Chikkamagaluru,577114,36
Chikkamagaluru,577116,1158
Chikkamagaluru,577117,5
Chikkamagaluru,577118,2
Chikkamagaluru,577120,45
Chikkamagaluru,577121,61
Chikkamagaluru,577122,27
Chikkamagaluru,577123,61
Chikkamagaluru,577124,271
Chikkamagaluru,577125,7
Chikkamagaluru,577126,772
Chikkamagaluru,577127,232
Chikkamagaluru,577128,39
Chikkamagaluru,577129,579
Chikkamagaluru,577130,132
Chikkamagaluru,577131,342
Chikkamagaluru,577132,1504
Chikkamagaluru,577133,474
Chikkamagaluru,577134,1082
Chikkamagaluru,577135,262
Chikkamagaluru,577136,53
Chikkamagaluru,577137,41
Chikkamagaluru,577138,763
Chikkamagaluru,577139,399
Chikkamagaluru,577140,392
Chikkamagaluru,577144,1087
Chikkamagaluru,577145,306
Chikkamagaluru,577146,526
Chikkamagaluru,577160,61
Chikkamagaluru,577168,802
Chikkamagaluru,577175,237
Chikkamagaluru,577179,36
Chikkamagaluru,577180,290
Chikkamagaluru,577181,37
Chikkamagaluru,577182,497
Chikkamagaluru,577228,3209
Chikkamagaluru,577547,1069
Chikkamagaluru,577548,3464
Chikkamagaluru,577549,453
Chikkamagaluru,577550,479
Chikmagalur,573132,2
Chikmagalur,577101,1582
Chikmagalur,577102,96
Chikmagalur,577111,9
Chikmagalur,577113,9
Chikmagalur,577116,2
Chikmagalur,577121,2
Chikmagalur,577122,4
Chikmagalur,577124,29
Chikmagalur,577126,29
Chikmagalur,577127,4
Chikmagalur,577129,2
Chikmagalur,577130,7
Chikmagalur,577131,18
Chikmagalur,577132,130
Chikmagalur,577133,21
Chikmagalur,577134,64
Chikmagalur,577135,5
Chikmagalur,577138,4
Chikmagalur,577139,43
Chikmagalur,577144,7
Chikmagalur,577145,4
Chikmagalur,577146,5
Chikmagalur,577160,4
Chikmagalur,577168,9
Chikmagalur,577179,2
Chikmagalur,577228,187
Chikmagalur,577547,2
Chikmagalur,577548,184
Chikmagalur,577549,4
Chikmagalur,577550,2
Chirang,781317,135
Chirang,783337,2
Chirang,783346,4
Chirang,783360,14
Chirang,783372,6951
Chirang,783373,2701
Chirang,783375,5027
Chirang,783380,2035
Chirang,783381,756
Chirang,783384,2
Chirang,783385,3222
Chirang,783390,10651
Chirang,783391,4961
Chirang,783392,1171
Chirang,783393,7571
Chirang,783394,3065
Chitradurga,572143,32
Chitradurga,572144,4
Chitradurga,573114,2
Chitradurga,577501,10243
Chitradurga,577502,3701
Chitradurga,577511,3400
Chitradurga,577515,1212
Chitradurga,577517,1958
Chitradurga,577518,1875
Chitradurga,577519,3140
Chitradurga,577520,3011
Chitradurga,577521,841
Chitradurga,577522,8658
Chitradurga,577523,1914
Chitradurga,577524,1816
Chitradurga,577526,3867
Chitradurga,577527,6381
Chitradurga,577529,4040
Chitradurga,577531,1468
Chitradurga,577532,1561
Chitradurga,577533,2678
Chitradurga,577535,5984
Chitradurga,577536,3929
Chitradurga,577537,1728
Chitradurga,577538,3833
Chitradurga,577539,1846
Chitradurga,577540,3468
Chitradurga,577541,2778
Chitradurga,577542,1969
Chitradurga,577543,2561
Chitradurga,577545,1240
Chitradurga,577546,2650
Chitradurga,577554,1087
Chitradurga,577555,1372
Chitradurga,577557,3150
Chitradurga,577558,993
Chitradurga,577597,1518
Chitradurga,577598,5225
Chitradurga,577599,1967
Chitradurga,577602,4
Chitrakoot,210202,6276
Chitrakoot,210203,96
Chitrakoot,210204,6119
Chitrakoot,210205,27748
Chitrakoot,210206,16825
Chitrakoot,210207,15211
Chitrakoot,210208,16861
Chitrakoot,210209,22627
Chitrakoot,210341,2
Chitrakoot,210424,2
Chitrakoot,210427,7
Chitrakoot,210501,7
Chitrakoot,210507,4
Chittaurgarh,312001,1247
Chittaurgarh,312021,116
Chittaurgarh,312022,68
Chittaurgarh,312023,9
Chittaurgarh,312024,23
Chittaurgarh,312025,2
Chittaurgarh,312201,89
Chittaurgarh,312202,9
Chittaurgarh,312203,4
Chittaurgarh,312205,12
Chittaurgarh,312206,5
Chittaurgarh,312207,11
Chittaurgarh,312402,5
Chittaurgarh,312403,7
Chittaurgarh,312404,2
Chittaurgarh,312601,852
Chittaurgarh,312602,4
Chittaurgarh,312604,119
Chittaurgarh,312605,9
Chittaurgarh,312612,66
Chittaurgarh,312613,98
Chittaurgarh,312614,2
Chittaurgarh,312615,2
Chittaurgarh,312616,2
Chittaurgarh,312617,5
Chittaurgarh,312619,2
Chittaurgarh,312620,27
Chittaurgarh,312622,2
Chittaurgarh,312623,2
Chittaurgarh,312901,119
Chittaurgarh,323303,5
Chittaurgarh,323304,4
Chittaurgarh,323305,69
Chittaurgarh,323306,14
Chittaurgarh,323307,976
Chittoor,517001,10145
Chittoor,517002,4854
Chittoor,517004,4519
Chittoor,517101,1673
Chittoor,517102,2570
Chittoor,517112,4414
Chittoor,517113,2183
Chittoor,517123,2922
Chittoor,517124,3945
Chittoor,517125,3617
Chittoor,517126,4257
Chittoor,517127,3676
Chittoor,517128,2536
Chittoor,517129,3660
Chittoor,517130,3614
Chittoor,517131,4294
Chittoor,517132,4845
Chittoor,517152,1980
Chittoor,517167,5661
Chittoor,517172,2300
Chittoor,517192,2878
Chittoor,517193,1324
Chittoor,517194,3227
Chittoor,517213,3400
Chittoor,517214,9214
Chittoor,517234,5023
Chittoor,517235,1581
Chittoor,517236,2374
Chittoor,517237,1288
Chittoor,517247,19193
Chittoor,517257,9197
Chittoor,517277,1361
Chittoor,517280,2830
Chittoor,517291,1333
Chittoor,517297,5896
Chittoor,517299,2529
Chittoor,517305,1287
Chittoor,517319,1775
Chittoor,517325,21490
Chittoor,517326,4
Chittoor,517330,25
Chittoor,517350,2821
Chittoor,517351,1791
Chittoor,517352,681
Chittoor,517370,6067
Chittoor,517390,2609
Chittoor,517391,3136
Chittoor,517401,6873
Chittoor,517403,1276
Chittoor,517408,15405
Chittoor,517414,2790
Chittoor,517415,6050
Chittoor,517416,5378
Chittoor,517417,4564
Chittoor,517418,2274
Chittoor,517419,3566
Chittoor,517421,3644
Chittoor,517422,5171
Chittoor,517423,8152
Chittoor,517424,13031
Chittoor,517425,27814
Chittoor,517426,454
Chittoor,517429,3206
Chittoor,517432,7769
Chittoor,517501,26713
Chittoor,517502,2783
Chittoor,517503,3389
Chittoor,517504,622
Chittoor,517505,3838
Chittoor,517506,280
Chittoor,517507,7345
Chittoor,517520,6778
Chittoor,517526,1941
Chittoor,517536,2306
Chittoor,517541,3434
Chittoor,517551,2541
Chittoor,517561,3507
Chittoor,517569,4318
Chittoor,517571,1443
Chittoor,517581,3439
Chittoor,517582,5424
Chittoor,517583,5191
Chittoor,517584,1099
Chittoor,517586,2368
Chittoor,517587,2671
Chittoor,517588,3366
Chittoor,517589,3560
Chittoor,517590,6511
Chittoor,517591,2657
Chittoor,517592,3836
Chittoor,517599,1730
Chittoor,517619,3134
Chittoor,517620,2721
Chittoor,517640,5606
Chittoor,517641,2404
Chittoor,517642,2288
Chittoor,517643,4344
Chittoor,517644,4920
Chittoor,517645,82
Chittoor,631302,36
Chittoor,635121,4
Chittorgarh,312001,9663
Chittorgarh,312021,1766
Chittorgarh,312022,6727
Chittorgarh,312023,10588
Chittorgarh,312024,3416
Chittorgarh,312025,192
Chittorgarh,312027,1785
Chittorgarh,312201,2864
Chittorgarh,312202,5351
Chittorgarh,312203,3341
Chittorgarh,312204,3461
Chittorgarh,312205,3168
Chittorgarh,312206,1907
Chittorgarh,312207,2684
Chittorgarh,312401,1301
Chittorgarh,312402,2883
Chittorgarh,312403,3885
Chittorgarh,312404,2967
Chittorgarh,312601,12126
Chittorgarh,312602,2299
Chittorgarh,312603,3379
Chittorgarh,312604,2
Chittorgarh,312606,315
Chittorgarh,312612,2470
Chittorgarh,312613,1809
Chittorgarh,312614,2276
Chittorgarh,312617,27
Chittorgarh,312619,2
Chittorgarh,312620,2477
Chittorgarh,312622,9
Chittorgarh,312901,6698
Chittorgarh,323303,12
Chittorgarh,323304,2254
Chittorgarh,323305,788
Chittorgarh,323306,1178
Chittorgarh,323307,5478
Chumukedima,797103,447
Chumukedima,797106,160
Chumukedima,797112,16
Chumukedima,797115,497
Chumukedima,797116,39
Churachandpur,795006,3115
Churachandpur,795101,230
Churachandpur,795112,2
Churachandpur,795116,1219
Churachandpur,795117,1860
Churachandpur,795124,775
Churachandpur,795126,45
Churachandpur,795128,19844
Churachandpur,795133,950
Churachandpur,795139,2363
Churachandpur,795143,3111
Churachandpur,795158,9
Churu,331001,28081
Churu,331021,4098
Churu,331022,21729
Churu,331023,21691
Churu,331029,6328
Churu,331031,2276
Churu,331301,3692
Churu,331302,4403
Churu,331303,4932
Churu,331304,20496
Churu,331305,3646
Churu,331402,3678
Churu,331403,25255
Churu,331411,6379
Churu,331501,6296
Churu,331502,2527
Churu,331503,2988
Churu,331504,2247
Churu,331505,5237
Churu,331506,6933
Churu,331507,17360
Churu,331517,12798
Churu,331518,9163
Churu,331701,4455
Churu,331802,10688
Churu,331803,12
Churu,331811,7
Coimbatore,638401,2
Coimbatore,638459,1896
Coimbatore,638701,2
Coimbatore,641001,18101
Coimbatore,641002,3687
Coimbatore,641003,811
Coimbatore,641004,8291
Coimbatore,641005,3621
Coimbatore,641006,13427
Coimbatore,641007,5447
Coimbatore,641008,13229
Coimbatore,641009,1661
Coimbatore,641010,7785
Coimbatore,641011,618
Coimbatore,641012,2388
Coimbatore,641013,173
Coimbatore,641014,2942
Coimbatore,641015,4294
Coimbatore,641016,6148
Coimbatore,641017,5089
Coimbatore,641018,1495
Coimbatore,641019,3109
Coimbatore,641020,4952
Coimbatore,641021,4196
Coimbatore,641022,2905
Coimbatore,641023,7427
Coimbatore,641024,3329
Coimbatore,641025,7807
Coimbatore,641026,6032
Coimbatore,641027,6406
Coimbatore,641028,4567
Coimbatore,641029,4114
Coimbatore,641030,5380
Coimbatore,641031,4221
Coimbatore,641032,3665
Coimbatore,641033,1885
Coimbatore,641034,1734
Coimbatore,641035,10431
Coimbatore,641036,1566
Coimbatore,641037,2470
Coimbatore,641038,2951
Coimbatore,641039,2798
Coimbatore,641041,5791
Coimbatore,641042,2571
Coimbatore,641043,1319
Coimbatore,641044,1632
Coimbatore,641045,10595
Coimbatore,641046,2386
Coimbatore,641047,2573
Coimbatore,641048,4008
Coimbatore,641049,2233
Coimbatore,641050,627
Coimbatore,641062,5280
Coimbatore,641101,4988
Coimbatore,641103,3840
Coimbatore,641104,6187
Coimbatore,641105,5670
Coimbatore,641107,6622
Coimbatore,641108,5392
Coimbatore,641109,5130
Coimbatore,641110,2623
Coimbatore,641111,3772
Coimbatore,641112,27
Coimbatore,641113,1965
Coimbatore,641114,1053
Coimbatore,641201,6157
Coimbatore,641202,1067
Coimbatore,641301,7274
Coimbatore,641302,4505
Coimbatore,641305,3181
Coimbatore,641401,2992
Coimbatore,641402,7432
Coimbatore,641407,1693
Coimbatore,641601,2
Coimbatore,641602,11
Coimbatore,641603,2
Coimbatore,641605,9
Coimbatore,641606,5
Coimbatore,641607,11
Coimbatore,641652,4
Coimbatore,641653,5512
Coimbatore,641654,4
Coimbatore,641655,2
Coimbatore,641658,943
Coimbatore,641659,5879
Coimbatore,641663,148
Coimbatore,641664,4
Coimbatore,641668,3879
Coimbatore,641669,2427
Coimbatore,641670,5
Coimbatore,641671,1853
Coimbatore,641697,2101
Coimbatore,642001,5203
Coimbatore,642002,4179
Coimbatore,642003,2878
Coimbatore,642004,2472
Coimbatore,642005,3093
Coimbatore,642006,2484
Coimbatore,642007,2675
Coimbatore,642101,543
Coimbatore,642103,3952
Coimbatore,642104,2108
Coimbatore,642105,219
Coimbatore,642106,66
Coimbatore,642107,2092
Coimbatore,642108,237
Coimbatore,642109,3683
Coimbatore,642110,2290
Coimbatore,642112,4
Coimbatore,642113,5
Coimbatore,642114,1960
Coimbatore,642117,314
Coimbatore,642120,3801
Coimbatore,642122,4
Coimbatore,642123,1848
Coimbatore,642124,103
Coimbatore,642125,274
Coimbatore,642126,14
Coimbatore,642127,2238
Coimbatore,642128,4
Coimbatore,642129,2195
Coimbatore,642130,248
Coimbatore,642133,378
Coimbatore,642134,1226
Coimbatore,642154,12
Coimbatore,642201,91
Coimbatore,642202,645
Coimbatore,642205,1454
Coimbatore,642206,68
Coimbatore,642207,34
Cooch Behar,734319,2
Cooch Behar,734502,2
Cooch Behar,734503,29
Cooch Behar,735101,2
Cooch Behar,735122,2591
Cooch Behar,735206,5
Cooch Behar,735210,392
Cooch Behar,735211,1782
Cooch Behar,735217,7
Cooch Behar,735220,7
Cooch Behar,735223,4
Cooch Behar,735224,53
Cooch Behar,735231,23
Cooch Behar,735236,23
Cooch Behar,735301,444
Cooch Behar,735302,7
Cooch Behar,735303,2432
Cooch Behar,735304,718
Cooch Behar,735306,5
Cooch Behar,736101,3737
Cooch Behar,736118,421
Cooch Behar,736121,2138
Cooch Behar,736131,3058
Cooch Behar,736132,636
Cooch Behar,736133,2229
Cooch Behar,736134,4678
Cooch Behar,736135,6397
Cooch Behar,736145,1803
Cooch Behar,736146,3371
Cooch Behar,736156,4473
Cooch Behar,736157,5971
Cooch Behar,736158,2429
Cooch Behar,736159,4708
Cooch Behar,736160,731
Cooch Behar,736165,3673
Cooch Behar,736166,66
Cooch Behar,736167,3714
Cooch Behar,736168,2233
Cooch Behar,736169,1431
Cooch Behar,736170,2833
Cooch Behar,736171,2042
Cooch Behar,736172,2514
Cooch Behar,736173,257
Cooch Behar,736174,483
Cooch Behar,736175,602
Cooch Behar,736176,1137
Cooch Behar,736177,203
Cooch Behar,736179,1361
Cooch Behar,736180,1082
Cooch Behar,736181,68
Cooch Behar,736204,5
Cooch Behar,736207,1468
Cuddalore,605007,1367
Cuddalore,605106,960
Cuddalore,605110,285
Cuddalore,606001,7853
Cuddalore,606003,6595
Cuddalore,606103,4002
Cuddalore,606104,7179
Cuddalore,606105,8151
Cuddalore,606106,8726
Cuddalore,606107,317
Cuddalore,606108,7504
Cuddalore,606110,3886
Cuddalore,606111,6611
Cuddalore,606112,478
Cuddalore,606115,1433
Cuddalore,606203,216
Cuddalore,606204,1317
Cuddalore,606206,2
Cuddalore,606301,791
Cuddalore,606302,8487
Cuddalore,606303,9034
Cuddalore,606304,7908
Cuddalore,606305,1290
Cuddalore,607001,7500
Cuddalore,607002,8380
Cuddalore,607003,9558
Cuddalore,607004,1668
Cuddalore,607005,2204
Cuddalore,607006,25
Cuddalore,607101,2320
Cuddalore,607102,4286
Cuddalore,607103,5173
Cuddalore,607104,2801
Cuddalore,607105,6041
Cuddalore,607106,11242
Cuddalore,607108,3040
Cuddalore,607109,3322
Cuddalore,607112,1606
Cuddalore,607205,2967
Cuddalore,607301,6615
Cuddalore,607302,8024
Cuddalore,607303,5895
Cuddalore,607308,1137
Cuddalore,607401,3293
Cuddalore,607402,1910
Cuddalore,607801,2076
Cuddalore,607802,7974
Cuddalore,607803,1657
Cuddalore,607804,3660
Cuddalore,607805,6064
Cuddalore,607807,1622
Cuddalore,608001,7600
Cuddalore,608002,4881
Cuddalore,608102,3443
Cuddalore,608201,3477
Cuddalore,608301,5852
Cuddalore,608302,3833
Cuddalore,608303,5193
Cuddalore,608304,2088
Cuddalore,608305,2384
Cuddalore,608306,1363
Cuddalore,608401,3013
Cuddalore,608501,3708
Cuddalore,608502,4157
Cuddalore,608601,6256
Cuddalore,608602,3674
Cuddalore,608701,4334
Cuddalore,608702,4715
Cuddalore,608703,6773
Cuddalore,608704,2393
Cuddalore,608801,3974
Cuddapah,516001,14626
Cuddapah,516002,9391
Cuddapah,516003,11283
Cuddapah,516004,3534
Cuddapah,516005,2
Cuddapah,516101,9546
Cuddapah,516104,2609
Cuddapah,516105,3510
Cuddapah,516107,4615
Cuddapah,516108,3826
Cuddapah,516110,2097
Cuddapah,516115,4252
Cuddapah,516126,4537
Cuddapah,516127,1857
Cuddapah,516128,3259
Cuddapah,516129,2511
Cuddapah,516130,3619
Cuddapah,516150,3676
Cuddapah,516151,1718
Cuddapah,516152,994
Cuddapah,516162,3910
Cuddapah,516163,878
Cuddapah,516172,9328
Cuddapah,516173,3045
Cuddapah,516175,5050
Cuddapah,516193,6950
Cuddapah,516203,4956
Cuddapah,516213,2466
Cuddapah,516214,3491
Cuddapah,516215,3505
Cuddapah,516216,3222
Cuddapah,516217,4850
Cuddapah,516218,2577
Cuddapah,516227,9050
Cuddapah,516228,3213
Cuddapah,516233,2603
Cuddapah,516237,1155
Cuddapah,516247,2391
Cuddapah,516257,4585
Cuddapah,516259,3183
Cuddapah,516267,5544
Cuddapah,516268,2997
Cuddapah,516269,14230
Cuddapah,516270,1294
Cuddapah,516289,4881
Cuddapah,516293,2308
Cuddapah,516309,4207
Cuddapah,516310,1527
Cuddapah,516311,23
Cuddapah,516312,137
Cuddapah,516321,1520
Cuddapah,516329,4679
Cuddapah,516330,4
Cuddapah,516339,1470
Cuddapah,516349,2268
Cuddapah,516350,1661
Cuddapah,516355,2074
Cuddapah,516356,287
Cuddapah,516359,3325
Cuddapah,516360,19402
Cuddapah,516362,4323
Cuddapah,516380,3117
Cuddapah,516390,9025
Cuddapah,516396,1999
Cuddapah,516401,891
Cuddapah,516411,1634
Cuddapah,516421,1932
Cuddapah,516431,1115
Cuddapah,516432,1050
Cuddapah,516433,1456
Cuddapah,516434,7996
Cuddapah,516439,1105
Cuddapah,516444,1901
Cuddapah,516454,1422
Cuddapah,516464,889
Cuddapah,516474,2235
Cuddapah,516484,1210
Cuddapah,516501,3118
Cuddapah,516502,2600
Cuddapah,516503,3382
Cuddapah,516504,4179
Cuddapah,516505,2062
Cuttack,752103,349
Cuttack,752107,11
Cuttack,752115,50
Cuttack,752120,912
Cuttack,753001,14341
Cuttack,753002,3669
Cuttack,753003,3482
Cuttack,753004,3967
Cuttack,753006,175
Cuttack,753007,168
Cuttack,753008,3710
Cuttack,753009,2074
Cuttack,753010,1664
Cuttack,753011,4945
Cuttack,753012,2268
Cuttack,753013,497
Cuttack,753014,4806
Cuttack,754001,4669
Cuttack,754002,2047
Cuttack,754003,2276
Cuttack,754004,9246
Cuttack,754005,2937
Cuttack,754006,2242
Cuttack,754007,3133
Cuttack,754008,7860
Cuttack,754009,5602
Cuttack,754010,1917
Cuttack,754011,77
Cuttack,754018,2085
Cuttack,754021,1406
Cuttack,754022,6695
Cuttack,754023,1823
Cuttack,754024,2
Cuttack,754025,5032
Cuttack,754026,916
Cuttack,754027,3526
Cuttack,754028,7110
Cuttack,754029,15558
Cuttack,754030,6139
Cuttack,754031,15408
Cuttack,754032,8774
Cuttack,754034,14
Cuttack,754035,4660
Cuttack,754037,5936
Cuttack,754071,504
Cuttack,754082,7
Cuttack,754100,3405
Cuttack,754103,593
Cuttack,754105,3796
Cuttack,754106,9
Cuttack,754108,4
Cuttack,754109,112
Cuttack,754112,4482
Cuttack,754118,9
Cuttack,754130,3943
Cuttack,754131,4540
Cuttack,754132,802
Cuttack,754134,3332
Cuttack,754135,14
Cuttack,754159,27
Cuttack,754200,7956
Cuttack,754201,3307
Cuttack,754202,4073
Cuttack,754203,1919
Cuttack,754204,6067
Cuttack,754205,1424
Cuttack,754206,3033
Cuttack,754207,7420
Cuttack,754208,706
Cuttack,754209,5378
Cuttack,754210,4
Cuttack,754212,5
Cuttack,754221,5189
Cuttack,754282,5
Cuttack,754285,16
Cuttack,754286,2
Cuttack,754288,14
Cuttack,754289,21
Cuttack,754290,1582
Cuttack,754293,2176
Cuttack,754294,258
Cuttack,754295,966
Cuttack,754296,34
Cuttack,754297,7
Cuttack,754298,45
Cuttack,755003,4
Cuttack,755013,4
Cuttack,755026,2
Dadra And Nagar Haveli,396193,1712
Dadra And Nagar Haveli,396230,41432
Dadra And Nagar Haveli,396235,3877
Dadra And Nagar Haveli,396240,6019
Dahod,389120,30
Dahod,389130,9065
Dahod,389140,11262
Dahod,389146,4831
Dahod,389151,33771
Dahod,389152,10064
Dahod,389154,13714
Dahod,389155,15200
Dahod,389160,387
Dahod,389170,22616
Dahod,389172,11297
Dahod,389175,10337
Dahod,389180,23083
Dahod,389190,10914
Dahod,389260,4
Dahod,389380,14656
Dahod,389382,14893
Dakshin Bastar Dantewada,494111,871
Dakshin Bastar Dantewada,494115,456
Dakshin Bastar Dantewada,494221,2
Dakshin Bastar Dantewada,494441,13348
Dakshin Bastar Dantewada,494442,48
Dakshin Bastar Dantewada,494449,11035
Dakshin Bastar Dantewada,494551,1759
Dakshin Bastar Dantewada,494552,7958
Dakshin Bastar Dantewada,494553,6793
Dakshin Bastar Dantewada,494556,6217
Dakshin Dinajpur,733101,2668
Dakshin Dinajpur,733102,3361
Dakshin Dinajpur,733103,5472
Dakshin Dinajpur,733121,6700
Dakshin Dinajpur,733123,5
Dakshin Dinajpur,733124,11504
Dakshin Dinajpur,733125,9441
Dakshin Dinajpur,733126,2014
Dakshin Dinajpur,733127,5681
Dakshin Dinajpur,733128,2049
Dakshin Dinajpur,733129,2
Dakshin Dinajpur,733131,80
Dakshin Dinajpur,733132,5399
Dakshin Dinajpur,733133,3621
Dakshin Dinajpur,733140,5073
Dakshin Dinajpur,733141,6819
Dakshin Dinajpur,733142,4335
Dakshin Dinajpur,733145,2336
Dakshin Dinajpur,733147,27
Dakshin Dinajpur,733148,84
Dakshin Dinajpur,733149,492
Dakshin Dinajpur,733150,21
Dakshin Dinajpur,733151,515
Dakshin Dinajpur,733153,437
Dakshin Dinajpur,733154,494
Dakshin Dinajpur,733155,184
Dakshin Dinajpur,733158,729
Dakshin Dinajpur,733207,36
Dakshin Dinajpur,733246,2
Dakshina Kannada,574107,27
Dakshina Kannada,574109,365
Dakshina Kannada,574141,255
Dakshina Kannada,574142,2026
Dakshina Kannada,574143,2186
Dakshina Kannada,574144,1796
Dakshina Kannada,574145,1495
Dakshina Kannada,574146,1360
Dakshina Kannada,574148,59
Dakshina Kannada,574150,707
Dakshina Kannada,574151,1119
Dakshina Kannada,574153,2028
Dakshina Kannada,574154,1844
Dakshina Kannada,574160,36
Dakshina Kannada,574162,32
Dakshina Kannada,574164,16
Dakshina Kannada,574165,7
Dakshina Kannada,574166,16
Dakshina Kannada,574169,25
Dakshina Kannada,574197,982
Dakshina Kannada,574198,905
Dakshina Kannada,574199,2687
Dakshina Kannada,574201,1094
Dakshina Kannada,574202,2921
Dakshina Kannada,574203,1525
Dakshina Kannada,574210,2438
Dakshina Kannada,574211,2534
Dakshina Kannada,574212,2103
Dakshina Kannada,574213,1728
Dakshina Kannada,574214,2978
Dakshina Kannada,574216,1367
Dakshina Kannada,574217,2944
Dakshina Kannada,574218,1001
Dakshina Kannada,574219,2350
Dakshina Kannada,574220,1315
Dakshina Kannada,574221,1529
Dakshina Kannada,574222,1404
Dakshina Kannada,574223,1064
Dakshina Kannada,574224,1071
Dakshina Kannada,574225,593
Dakshina Kannada,574226,617
Dakshina Kannada,574227,3995
Dakshina Kannada,574228,1933
Dakshina Kannada,574229,1274
Dakshina Kannada,574230,788
Dakshina Kannada,574231,3204
Dakshina Kannada,574232,599
Dakshina Kannada,574233,845
Dakshina Kannada,574234,444
Dakshina Kannada,574235,135
Dakshina Kannada,574236,1458
Dakshina Kannada,574237,1037
Dakshina Kannada,574238,294
Dakshina Kannada,574239,3883
Dakshina Kannada,574240,1272
Dakshina Kannada,574241,2760
Dakshina Kannada,574242,1522
Dakshina Kannada,574243,3676
Dakshina Kannada,574248,650
Dakshina Kannada,574253,1623
Dakshina Kannada,574259,982
Dakshina Kannada,574260,565
Dakshina Kannada,574265,1217
Dakshina Kannada,574267,71
Dakshina Kannada,574274,7
Dakshina Kannada,574279,1010
Dakshina Kannada,574285,485
Dakshina Kannada,574313,797
Dakshina Kannada,574314,467
Dakshina Kannada,574323,1894
Dakshina Kannada,574324,773
Dakshina Kannada,574325,1313
Dakshina Kannada,574326,1976
Dakshina Kannada,574327,50
Dakshina Kannada,574328,647
Dakshina Kannada,574509,317
Dakshina Kannada,575001,3838
Dakshina Kannada,575002,2753
Dakshina Kannada,575003,2047
Dakshina Kannada,575004,1156
Dakshina Kannada,575005,1075
Dakshina Kannada,575006,2552
Dakshina Kannada,575007,1951
Dakshina Kannada,575008,1358
Dakshina Kannada,575009,437
Dakshina Kannada,575010,237
Dakshina Kannada,575011,887
Dakshina Kannada,575013,1271
Dakshina Kannada,575014,2022
Dakshina Kannada,575015,2445
Dakshina Kannada,575016,716
Dakshina Kannada,575017,2190
Dakshina Kannada,575018,2420
Dakshina Kannada,575019,960
Dakshina Kannada,575020,3375
Dakshina Kannada,575022,2219
Dakshina Kannada,575023,1816
Dakshina Kannada,575025,57
Dakshina Kannada,575027,645
Dakshina Kannada,575028,1679
Dakshina Kannada,575029,891
Dakshina Kannada,575030,1572
Daman,396210,8436
Daman,396215,547
Daman,396220,1648
Damoh,470001,32
Damoh,470051,4
Damoh,470117,5
Damoh,470441,7
Damoh,470661,38586
Damoh,470663,13769
Damoh,470664,15693
Damoh,470666,24963
Damoh,470672,7176
Damoh,470673,15458
Damoh,470675,6500
Damoh,470771,6208
Damoh,470772,15227
Damoh,470775,42700
Damoh,470880,41998
Damoh,470881,11312
Dantewada,494115,50
Dantewada,494441,4622
Dantewada,494449,15022
Dantewada,494551,932
Dantewada,494552,10116
Dantewada,494553,757
Dantewada,494556,2229
Darbhanga,846001,7723
Darbhanga,846002,5303
Darbhanga,846003,13113
Darbhanga,846004,11278
Darbhanga,846005,10218
Darbhanga,846006,1536
Darbhanga,846007,4273
Darbhanga,846009,14115
Darbhanga,847101,16187
Darbhanga,847102,2227
Darbhanga,847103,15462
Darbhanga,847104,9569
Darbhanga,847105,10349
Darbhanga,847106,13021
Darbhanga,847107,971
Darbhanga,847109,2
Darbhanga,847115,7650
Darbhanga,847121,10079
Darbhanga,847123,4
Darbhanga,847201,21925
Darbhanga,847203,31613
Darbhanga,847204,2764
Darbhanga,847223,7
Darbhanga,847233,12101
Darbhanga,847234,1479
Darbhanga,847239,6964
Darbhanga,847301,7448
Darbhanga,847302,8477
Darbhanga,847303,6848
Darbhanga,847304,7026
Darbhanga,847306,11034
Darbhanga,847307,11084
Darbhanga,847337,8161
Darbhanga,847403,310
Darbhanga,847405,9339
Darbhanga,847407,2985
Darbhanga,847422,10647
Darbhanga,847423,7700
Darbhanga,847424,166
Darbhanga,847427,14644
Darbhanga,847428,5889
Darbhanga,847429,2033
Darbhanga,848207,1696
Darbhanga,848208,2
Darbhanga,848209,6151
Darbhanga,848213,23311
Darjeeling,734001,2889
Darjeeling,734002,2
Darjeeling,734003,5861
Darjeeling,734004,1504
Darjeeling,734005,2992
Darjeeling,734006,1401
Darjeeling,734007,9
Darjeeling,734008,570
Darjeeling,734009,2933
Darjeeling,734010,4448
Darjeeling,734011,1098
Darjeeling,734012,1390
Darjeeling,734013,2160
Darjeeling,734014,3968
Darjeeling,734101,2723
Darjeeling,734102,1832
Darjeeling,734103,27
Darjeeling,734104,472
Darjeeling,734105,545
Darjeeling,734121,118
Darjeeling,734122,107
Darjeeling,734123,71
Darjeeling,734124,34
Darjeeling,734201,3523
Darjeeling,734203,1835
Darjeeling,734204,7
Darjeeling,734209,1379
Darjeeling,734213,273
Darjeeling,734214,1187
Darjeeling,734215,346
Darjeeling,734216,601
Darjeeling,734217,545
Darjeeling,734218,208
Darjeeling,734220,194
Darjeeling,734221,565
Darjeeling,734222,144
Darjeeling,734223,467
Darjeeling,734224,567
Darjeeling,734226,699
Darjeeling,734227,91
Darjeeling,734301,3345
Darjeeling,734311,1041
Darjeeling,734312,649
Darjeeling,734313,486
Darjeeling,734314,1342
Darjeeling,734315,282
Darjeeling,734316,622
Darjeeling,734317,64
Darjeeling,734319,376
Darjeeling,734320,53
Darjeeling,734321,45
Darjeeling,734401,2
Darjeeling,734421,12
Darjeeling,734423,1254
Darjeeling,734424,16
Darjeeling,734425,4
Darjeeling,734426,2472
Darjeeling,734427,1554
Darjeeling,734429,3583
Darjeeling,734431,57
Darjeeling,734434,2525
Darjeeling,734436,71
Darjeeling,734502,86
Darjeeling,734503,267
Darjeeling,735206,406
Darjeeling,735222,2
Darjeeling,735223,66
Darjeeling,735229,2
Darjeeling,735231,994
Darjiling,734003,41
Darjiling,734008,5
Darjiling,734009,5
Darjiling,734010,5
Darjiling,734011,2
Darjiling,734012,89
Darjiling,734014,306
Darjiling,734101,30
Darjiling,734102,20
Darjiling,734104,2
Darjiling,734105,2
Darjiling,734124,2
Darjiling,734201,12
Darjiling,734203,14
Darjiling,734209,2
Darjiling,734213,2
Darjiling,734215,5
Darjiling,734220,5
Darjiling,734224,4
Darjiling,734226,2
Darjiling,734301,110
Darjiling,734311,2
Darjiling,734312,2
Darjiling,734314,2
Darjiling,734316,2
Darjiling,734423,61
Darjiling,734424,7
Darjiling,734426,823
Darjiling,734427,1206
Darjiling,734429,1319
Darjiling,734431,45
Darjiling,734434,474
Darrang,784114,1873
Darrang,784115,6390
Darrang,784116,6048
Darrang,784125,7873
Darrang,784144,1581
Darrang,784145,7313
Darrang,784146,3867
Darrang,784147,775
Darrang,784148,1431
Darrang,784190,4111
Darrang,784507,4
Darrang,784509,16
Darrang,784510,2
Darrang,784514,3131
Darrang,784522,102
Darrang,784525,1623
Darrang,784529,665
Datia,475001,7
Datia,475335,8193
Datia,475336,5182
Datia,475661,30622
Datia,475671,4334
Datia,475673,5749
Datia,475675,12420
Datia,475682,7910
Datia,475685,4221
Datia,475686,5173
Dausa,303004,3801
Dausa,303106,57
Dausa,303108,4
Dausa,303301,2
Dausa,303302,620
Dausa,303303,19485
Dausa,303304,5565
Dausa,303305,5
Dausa,303313,19523
Dausa,303315,7584
Dausa,303323,3332
Dausa,303325,6996
Dausa,303326,8231
Dausa,303327,6085
Dausa,303501,11488
Dausa,303502,5356
Dausa,303503,15749
Dausa,303504,4838
Dausa,303505,10125
Dausa,303506,4581
Dausa,303507,4679
Dausa,303508,4184
Dausa,303509,8177
Dausa,303510,4706
Dausa,303511,6725
Dausa,303602,5
Dausa,303603,2
Dausa,303704,2
Dausa,303801,4
Dausa,303806,4
Dausa,303908,2
Dausa,321608,10360
Dausa,321609,5601
Dausa,321612,3810
Dausa,321613,3475
Dausa,322240,4310
Davanagere,577001,1686
Davanagere,577002,1251
Davanagere,577003,110
Davanagere,577004,463
Davanagere,577005,134
Davanagere,577006,462
Davanagere,577213,57
Davanagere,577215,75
Davanagere,577217,48
Davanagere,577218,103
Davanagere,577219,50
Davanagere,577221,64
Davanagere,577223,9
Davanagere,577224,2
Davanagere,577231,59
Davanagere,577512,173
Davanagere,577513,4
Davanagere,577514,301
Davanagere,577516,688
Davanagere,577521,2
Davanagere,577525,228
Davanagere,577528,62
Davanagere,577530,1171
Davanagere,577534,232
Davanagere,577544,86
Davanagere,577551,93
Davanagere,577552,180
Davanagere,577553,2
Davanagere,577556,103
Davanagere,577566,62
Davanagere,577589,155
Davanagere,577601,1957
Davanagere,583125,269
Davanagere,583127,221
Davanagere,583131,321
Davanagere,583134,11
Davanagere,583137,151
Davanagere,583213,96
Davangere,577001,14492
Davangere,577002,8903
Davangere,577003,1876
Davangere,577004,9995
Davangere,577005,3277
Davangere,577006,7204
Davangere,577213,9451
Davangere,577215,3024
Davangere,577216,137
Davangere,577217,5802
Davangere,577218,2099
Davangere,577219,2942
Davangere,577221,4118
Davangere,577223,4989
Davangere,577224,3035
Davangere,577225,1905
Davangere,577230,1395
Davangere,577231,1215
Davangere,577233,4
Davangere,577243,399
Davangere,577512,2894
Davangere,577513,3097
Davangere,577514,2229
Davangere,577516,3722
Davangere,577521,1506
Davangere,577525,2145
Davangere,577528,8288
Davangere,577530,5886
Davangere,577534,2596
Davangere,577544,2024
Davangere,577551,1671
Davangere,577552,3305
Davangere,577553,3516
Davangere,577556,2284
Davangere,577566,1693
Davangere,577589,2334
Davangere,577601,10111
Davangere,583113,2
Davangere,583125,2598
Davangere,583127,1508
Davangere,583131,5454
Davangere,583134,110
Davangere,583136,18
Davangere,583137,2464
Davangere,583213,1641
Debagarh,768106,9
Debagarh,768107,342
Debagarh,768108,9560
Debagarh,768109,8154
Debagarh,768110,5663
Debagarh,768112,2
Debagarh,768119,3302
Debagarh,768121,1926
Debagarh,768228,2
Deeg,321001,2
Deeg,321022,12
Deeg,321023,7
Deeg,321024,57
Deeg,321025,5
Deeg,321026,5
Deeg,321201,12
Deeg,321202,9
Deeg,321203,30
Deeg,321204,20
Deeg,321205,110
Deeg,321303,5
Deeg,321602,5
Dehradun,247671,2
Dehradun,248001,65325
Dehradun,248002,7228
Dehradun,248003,2338
Dehradun,248005,7921
Dehradun,248006,1333
Dehradun,248007,13350
Dehradun,248008,10406
Dehradun,248009,1821
Dehradun,248011,69
Dehradun,248012,93
Dehradun,248013,340
Dehradun,248121,3377
Dehradun,248122,107
Dehradun,248123,4499
Dehradun,248124,1652
Dehradun,248125,3799
Dehradun,248140,12759
Dehradun,248141,1670
Dehradun,248142,10556
Dehradun,248143,2447
Dehradun,248144,134
Dehradun,248145,1682
Dehradun,248146,693
Dehradun,248152,11
Dehradun,248158,2092
Dehradun,248159,558
Dehradun,248165,1249
Dehradun,248171,9510
Dehradun,248179,2648
Dehradun,248195,604
Dehradun,248196,3184
Dehradun,248197,17816
Dehradun,248198,5209
Dehradun,248199,4246
Dehradun,248202,87
Dehradun,249201,8204
Dehradun,249202,4877
Dehradun,249203,1032
Dehradun,249204,11538
Dehradun,249205,3902
Deoghar,814102,2
Deoghar,814103,2
Deoghar,814112,9587
Deoghar,814113,3409
Deoghar,814114,3236
Deoghar,814115,2
Deoghar,814116,713
Deoghar,814118,2
Deoghar,814120,3712
Deoghar,814133,5
Deoghar,814141,2
Deoghar,814142,5727
Deoghar,814143,3990
Deoghar,814145,2
Deoghar,814146,7796
Deoghar,814147,2
Deoghar,814148,2
Deoghar,814149,6693
Deoghar,814150,14307
Deoghar,814152,6827
Deoghar,814153,4
Deoghar,814154,2
Deoghar,814155,9
Deoghar,814157,5130
Deoghar,814165,2
Deoghar,815351,2215
Deoghar,815352,299
Deoghar,815353,38720
Deoghar,815357,7744
Deoghar,816103,2
Deoghar,816104,2
Deoghar,816106,2
Deoghar,816107,2
Deoghar,816118,2
Deoria,274001,31897
Deoria,274182,7630
Deoria,274201,9790
Deoria,274202,18354
Deoria,274203,2917
Deoria,274204,19876
Deoria,274205,6280
Deoria,274206,6219
Deoria,274207,11
Deoria,274208,6249
Deoria,274301,5
Deoria,274304,5
Deoria,274306,2
Deoria,274401,2
Deoria,274402,14
Deoria,274404,13124
Deoria,274405,12892
Deoria,274407,4
Deoria,274408,12242
Deoria,274409,2
Deoria,274501,8510
Deoria,274502,9100
Deoria,274505,4719
Deoria,274506,3769
Deoria,274508,2659
Deoria,274509,10305
Deoria,274601,6078
Deoria,274602,3464
Deoria,274603,7178
Deoria,274604,4774
Deoria,274701,5795
Deoria,274702,17978
Deoria,274703,7837
Deoria,274704,4793
Deoria,274705,2498
Deoria,274801,2
Deoria,274808,27
Devbhumi Dwarka,360510,5465
Devbhumi Dwarka,360515,916
Devbhumi Dwarka,360530,41
Devbhumi Dwarka,360531,561
Devbhumi Dwarka,360579,57
Devbhumi Dwarka,360590,112
Devbhumi Dwarka,361010,1707
Devbhumi Dwarka,361280,7
Devbhumi Dwarka,361305,8035
Devbhumi Dwarka,361306,2120
Devbhumi Dwarka,361310,4829
Devbhumi Dwarka,361315,5775
Devbhumi Dwarka,361320,2085
Devbhumi Dwarka,361325,2559
Devbhumi Dwarka,361330,315
Devbhumi Dwarka,361335,6554
Devbhumi Dwarka,361345,1491
Devbhumi Dwarka,361347,1440
Devbhumi Dwarka,361350,1249
Devbhumi Dwarka,362265,55
Dewas,452016,53
Dewas,453331,100
Dewas,453551,2
Dewas,455001,65874
Dewas,455111,1083
Dewas,455115,4957
Dewas,455116,11581
Dewas,455118,20025
Dewas,455221,4947
Dewas,455223,8870
Dewas,455227,27214
Dewas,455332,18945
Dewas,455336,23705
Dewas,455339,7010
Dewas,455440,9754
Dewas,455459,8956
Dewas,456664,16
Dewas,456665,37
Dewas,456770,524
Dhalai,799204,2219
Dhalai,799263,27
Dhalai,799264,2436
Dhalai,799271,4
Dhalai,799273,12748
Dhalai,799275,8680
Dhalai,799278,3503
Dhalai,799284,9366
Dhalai,799285,5344
Dhalai,799286,5214
Dhalai,799287,2974
Dhalai,799288,1215
Dhalai,799289,8582
Dhalai *,799204,1042
Dhalai *,799273,69
Dhalai *,799275,16
Dhalai *,799285,4
Dhalai *,799287,2
Dhalai *,799289,20
Dhamtari,492109,5540
Dhamtari,493661,2153
Dhamtari,493662,12821
Dhamtari,493663,34220
Dhamtari,493770,18591
Dhamtari,493773,48632
Dhamtari,493776,3234
Dhamtari,493778,28755
Dhamtari,493885,4480
Dhamtari,493889,200
Dhamtari,494230,59
Dhamtari,494333,800
Dhamtari,494336,144
Dhamtari,494337,388
Dhamtari,494347,852
Dhanbad,826001,21114
Dhanbad,826003,519
Dhanbad,826004,10070
Dhanbad,826005,1185
Dhanbad,827001,16
Dhanbad,828101,3261
Dhanbad,828103,1317
Dhanbad,828104,5177
Dhanbad,828105,1606
Dhanbad,828106,4205
Dhanbad,828108,30
Dhanbad,828109,41127
Dhanbad,828110,2710
Dhanbad,828111,14954
Dhanbad,828112,1534
Dhanbad,828113,16916
Dhanbad,828114,3459
Dhanbad,828115,2183
Dhanbad,828116,10319
Dhanbad,828117,816
Dhanbad,828119,2395
Dhanbad,828120,1463
Dhanbad,828121,4278
Dhanbad,828122,3913
Dhanbad,828123,527
Dhanbad,828125,3382
Dhanbad,828126,1258
Dhanbad,828127,1655
Dhanbad,828128,802
Dhanbad,828129,1442
Dhanbad,828130,6148
Dhanbad,828131,1659
Dhanbad,828132,196
Dhanbad,828133,1046
Dhanbad,828135,1235
Dhanbad,828201,16397
Dhanbad,828202,6009
Dhanbad,828203,4264
Dhanbad,828204,4683
Dhanbad,828205,25059
Dhanbad,828206,795
Dhanbad,828207,1777
Dhanbad,828301,5030
Dhanbad,828302,2716
Dhanbad,828303,2
Dhanbad,828304,1655
Dhanbad,828305,4596
Dhanbad,828306,4186
Dhanbad,828307,1916
Dhanbad,828308,864
Dhanbad,828309,1518
Dhanbad,828401,5296
Dhanbad,828402,8512
Dhanbad,829301,4
Dhar,453661,61
Dhar,453771,2
Dhar,454001,39983
Dhar,454010,12785
Dhar,454111,10278
Dhar,454116,17532
Dhar,454129,403
Dhar,454221,18183
Dhar,454331,21880
Dhar,454335,7379
Dhar,454345,105
Dhar,454350,48
Dhar,454365,141
Dhar,454441,10686
Dhar,454446,36348
Dhar,454448,7
Dhar,454449,16877
Dhar,454552,18069
Dhar,454648,2
Dhar,454660,24519
Dhar,454665,7176
Dhar,454749,5
Dhar,454773,5258
Dhar,454774,1550
Dhar,454775,11574
Dhar,455001,7
Dharashiv,413405,4997
Dharashiv,413501,36715
Dharashiv,413502,10216
Dharashiv,413503,4727
Dharashiv,413504,16768
Dharashiv,413505,9421
Dharashiv,413506,8569
Dharashiv,413507,23313
Dharashiv,413508,7001
Dharashiv,413509,10390
Dharashiv,413510,1907
Dharashiv,413511,262
Dharashiv,413523,1228
Dharashiv,413525,7504
Dharashiv,413526,2992
Dharashiv,413528,5440
Dharashiv,413531,20
Dharashiv,413534,4303
Dharashiv,413580,5
Dharashiv,413601,23292
Dharashiv,413602,14154
Dharashiv,413603,10633
Dharashiv,413604,15569
Dharashiv,413605,9567
Dharashiv,413606,26298
Dharashiv,413607,45
Dharashiv,413608,10111
Dharashiv,413623,7800
Dharashiv,413624,4198
Dharmapuri,606708,2
Dharmapuri,635001,18
Dharmapuri,635002,2
Dharmapuri,635101,5
Dharmapuri,635102,2
Dharmapuri,635103,16
Dharmapuri,635104,7
Dharmapuri,635105,2
Dharmapuri,635106,592
Dharmapuri,635107,7
Dharmapuri,635108,2
Dharmapuri,635109,266
Dharmapuri,635110,7
Dharmapuri,635111,3995
Dharmapuri,635112,21
Dharmapuri,635113,2
Dharmapuri,635114,2
Dharmapuri,635115,14
Dharmapuri,635116,955
Dharmapuri,635117,5
Dharmapuri,635118,4
Dharmapuri,635120,5
Dharmapuri,635121,2
Dharmapuri,635122,2
Dharmapuri,635123,643
Dharmapuri,635126,32
Dharmapuri,635201,633
Dharmapuri,635202,9651
Dharmapuri,635203,20
Dharmapuri,635204,5
Dharmapuri,635205,8019
Dharmapuri,635207,5
Dharmapuri,635301,5649
Dharmapuri,635302,3854
Dharmapuri,635303,6173
Dharmapuri,635304,2
Dharmapuri,635305,7074
Dharmapuri,635306,12
Dharmapuri,635307,2
Dharmapuri,636352,1937
Dharmapuri,636701,9289
Dharmapuri,636704,7621
Dharmapuri,636705,4318
Dharmapuri,636803,7498
Dharmapuri,636804,3252
Dharmapuri,636805,4788
Dharmapuri,636806,5618
Dharmapuri,636807,8537
Dharmapuri,636808,16923
Dharmapuri,636809,10538
Dharmapuri,636810,14198
Dharmapuri,636811,3714
Dharmapuri,636812,1556
Dharmapuri,636813,7115
Dharmapuri,636902,3086
Dharmapuri,636903,12554
Dharmapuri,636904,3074
Dharmapuri,636905,6255
Dharmapuri,636906,7270
Dharwad,580001,8133
Dharwad,580002,1495
Dharwad,580003,1213
Dharwad,580004,2386
Dharwad,580005,1415
Dharwad,580006,2238
Dharwad,580007,6771
Dharwad,580008,5112
Dharwad,580009,1835
Dharwad,580011,2151
Dharwad,580020,9989
Dharwad,580021,1559
Dharwad,580023,11657
Dharwad,580024,24569
Dharwad,580025,3970
Dharwad,580026,729
Dharwad,580027,4
Dharwad,580028,7037
Dharwad,580029,1019
Dharwad,580030,5234
Dharwad,580031,4002
Dharwad,580032,2655
Dharwad,580112,2732
Dharwad,580114,2830
Dharwad,580118,1851
Dharwad,581103,1752
Dharwad,581105,3286
Dharwad,581107,2022
Dharwad,581113,4041
Dharwad,581117,2288
Dharwad,581195,53
Dharwad,581201,3165
Dharwad,581204,7283
Dharwad,581205,18
Dharwad,581206,2087
Dharwad,581207,1976
Dharwad,581209,1516
Dharwad,581212,2990
Dharwad,582201,3974
Dharwad,582208,7452
Dhaulpur,328001,601
Dhaulpur,328021,11
Dhaulpur,328022,11
Dhaulpur,328023,16
Dhaulpur,328024,2
Dhaulpur,328025,20
Dhaulpur,328026,5
Dhaulpur,328027,20
Dhaulpur,328029,9
Dhaulpur,328030,20
Dhemaji,784164,2
Dhemaji,786110,4166
Dhemaji,787001,4
Dhemaji,787026,2329
Dhemaji,787032,2
Dhemaji,787034,2903
Dhemaji,787035,1240
Dhemaji,787052,2
Dhemaji,787053,351
Dhemaji,787055,32
Dhemaji,787056,936
Dhemaji,787057,5556
Dhemaji,787058,2359
Dhemaji,787059,7787
Dhemaji,787060,6094
Dhemaji,787061,3150
Dhemaji,787110,27
Dhenkanal,755023,7
Dhenkanal,759001,3674
Dhenkanal,759013,7375
Dhenkanal,759014,6910
Dhenkanal,759015,7484
Dhenkanal,759016,14649
Dhenkanal,759017,6737
Dhenkanal,759018,9467
Dhenkanal,759019,5027
Dhenkanal,759020,6622
Dhenkanal,759021,5779
Dhenkanal,759022,3161
Dhenkanal,759023,4065
Dhenkanal,759024,3835
Dhenkanal,759025,4847
Dhenkanal,759026,5396
Dhenkanal,759027,5747
Dhenkanal,759028,6354
Dhenkanal,759039,6000
Dhenkanal,759120,11444
Dhenkanal,759121,9909
Dhenkanal,759128,1035
Dhenkanal,759146,2837
Dholpur,328001,18630
Dholpur,328021,18831
Dholpur,328022,13468
Dholpur,328023,8845
Dholpur,328024,11953
Dholpur,328025,13675
Dholpur,328026,8067
Dholpur,328027,12723
Dholpur,328028,1643
Dholpur,328029,5077
Dholpur,328030,8794
Dholpur,328031,4727
Dholpur,328041,6173
Dhubri,783101,5
Dhubri,783127,3692
Dhubri,783128,3464
Dhubri,783131,3477
Dhubri,783135,3300
Dhubri,783301,1436
Dhubri,783323,3218
Dhubri,783324,6604
Dhubri,783325,3320
Dhubri,783330,9565
Dhubri,783331,7397
Dhubri,783332,1060
Dhubri,783334,12080
Dhubri,783335,6844
Dhubri,783337,3207
Dhubri,783339,9366
Dhubri,783345,3181
Dhubri,783348,15579
Dhubri,783349,4444
Dhubri,783360,5
Dhubri,783371,3838
Dhubri,783376,896
Dhule,424001,32089
Dhule,424002,22768
Dhule,424004,315
Dhule,424005,5038
Dhule,424006,9207
Dhule,424301,7411
Dhule,424302,9909
Dhule,424303,6600
Dhule,424304,45300
Dhule,424305,20015
Dhule,424306,39990
Dhule,424307,10736
Dhule,424308,8658
Dhule,424309,5323
Dhule,424310,6329
Dhule,424311,9754
Dhule,424318,3054
Dhule,425403,2288
Dhule,425404,3977
Dhule,425405,41624
Dhule,425406,7883
Dhule,425407,6597
Dhule,425408,17866
Dhule,425409,16
Dhule,425410,296
Dhule,425412,12
Dhule,425417,2
Dhule,425418,7
Dhule,425421,5132
Dhule,425427,9532
Dhule,425428,14833
Dibang Valley,792101,825
Dibang Valley,792110,14
Dibrugarh,785670,184
Dibrugarh,785675,3284
Dibrugarh,785676,1616
Dibrugarh,786001,5713
Dibrugarh,786002,376
Dibrugarh,786003,3500
Dibrugarh,786004,1923
Dibrugarh,786005,962
Dibrugarh,786006,292
Dibrugarh,786007,4031
Dibrugarh,786008,1017
Dibrugarh,786010,2823
Dibrugarh,786012,871
Dibrugarh,786101,3204
Dibrugarh,786102,12
Dibrugarh,786103,1110
Dibrugarh,786184,3632
Dibrugarh,786189,4
Dibrugarh,786191,1527
Dibrugarh,786602,2500
Dibrugarh,786610,2823
Dibrugarh,786611,1050
Dibrugarh,786612,1408
Dibrugarh,786613,1891
Dibrugarh,786614,884
Dibrugarh,786621,437
Dibrugarh,786622,29
Dibrugarh,786623,424
Dibrugarh,786624,30
Dibrugarh,786692,86
Didwana-Kuchaman,341304,2
Didwana-Kuchaman,341306,2
Didwana-Kuchaman,341317,2
Didwana-Kuchaman,341502,4
Didwana-Kuchaman,341503,2
Didwana-Kuchaman,341519,4
Dima Hasao,788818,2
Dima Hasao,788819,11
Dima Hasao,788830,16
Dima Hasao,788831,11
Dima Hasao,788832,4
Dima Hasao,788931,2
Dimapur,797103,6108
Dimapur,797106,2347
Dimapur,797110,4
Dimapur,797112,22851
Dimapur,797113,2197
Dimapur,797115,6121
Dimapur,797116,4045
Dimapur,797117,1117
Dimapur,798621,155
Dindigul,624001,11210
Dindigul,624002,17354
Dindigul,624003,13635
Dindigul,624004,3336
Dindigul,624005,16189
Dindigul,624101,7272
Dindigul,624103,3742
Dindigul,624201,4995
Dindigul,624202,7976
Dindigul,624204,3881
Dindigul,624206,1905
Dindigul,624208,4572
Dindigul,624210,649
Dindigul,624211,2315
Dindigul,624212,2507
Dindigul,624215,3439
Dindigul,624216,515
Dindigul,624219,5741
Dindigul,624220,2254
Dindigul,624301,3033
Dindigul,624302,3044
Dindigul,624303,4321
Dindigul,624304,8509
Dindigul,624306,8054
Dindigul,624307,2347
Dindigul,624308,8013
Dindigul,624401,18329
Dindigul,624402,4082
Dindigul,624403,5476
Dindigul,624601,14116
Dindigul,624610,2407
Dindigul,624612,3163
Dindigul,624613,7860
Dindigul,624614,5330
Dindigul,624615,5927
Dindigul,624616,4537
Dindigul,624617,4104
Dindigul,624618,4298
Dindigul,624619,10310
Dindigul,624620,8653
Dindigul,624621,4134
Dindigul,624622,5340
Dindigul,624701,1328
Dindigul,624702,4982
Dindigul,624703,5524
Dindigul,624704,2370
Dindigul,624705,6497
Dindigul,624706,8329
Dindigul,624707,3111
Dindigul,624708,3471
Dindigul,624709,9059
Dindigul,624710,8819
Dindigul,624711,1616
Dindigul,624712,852
Dindigul,624801,9913
Dindigul,624802,6782
Dindigul,639203,36
Dindigul,642113,94
Dindori,480990,4
Dindori,481661,4
Dindori,481663,37
Dindori,481664,2
Dindori,481666,2
Dindori,481672,9786
Dindori,481768,2
Dindori,481778,16262
Dindori,481879,15271
Dindori,481880,25925
Dindori,481882,14603
Dindori,481884,7488
Dindori,481885,2500
Dindori,481990,17657
Dindori,481995,4
Diu,362520,1060
Diu,362540,1554
Diu,362570,3687
Doda,182124,14
Doda,182143,4907
Doda,182144,932
Doda,182145,715
Doda,182146,2701
Doda,182147,3592
Doda,182148,556
Doda,182201,12393
Doda,182202,11688
Doda,182203,16085
Doda,182204,1124
Doda,182205,228
Doda,182221,5118
Doda,182222,5483
Dohad,389130,171
Dohad,389140,1253
Dohad,389146,230
Dohad,389151,9927
Dohad,389152,3785
Dohad,389154,3407
Dohad,389155,3665
Dohad,389160,71
Dohad,389170,2031
Dohad,389172,212
Dohad,389175,292
Dohad,389180,2735
Dohad,389190,50
Dohad,389380,114
Dohad,389382,61
Domjur,711314,2
Domjur,711322,2
Domjur,711410,2
Dr. B. R. Ambedkar Konaseema,533126,43
Dr. B. R. Ambedkar Konaseema,533201,565
Dr. B. R. Ambedkar Konaseema,533210,159
Dr. B. R. Ambedkar Konaseema,533211,267
Dr. B. R. Ambedkar Konaseema,533212,686
Dr. B. R. Ambedkar Konaseema,533213,91
Dr. B. R. Ambedkar Konaseema,533214,192
Dr. B. R. Ambedkar Konaseema,533215,9
Dr. B. R. Ambedkar Konaseema,533216,419
Dr. B. R. Ambedkar Konaseema,533217,80
Dr. B. R. Ambedkar Konaseema,533218,66
Dr. B. R. Ambedkar Konaseema,533220,221
Dr. B. R. Ambedkar Konaseema,533221,128
Dr. B. R. Ambedkar Konaseema,533222,349
Dr. B. R. Ambedkar Konaseema,533223,328
Dr. B. R. Ambedkar Konaseema,533228,48
Dr. B. R. Ambedkar Konaseema,533229,84
Dr. B. R. Ambedkar Konaseema,533232,364
Dr. B. R. Ambedkar Konaseema,533233,269
Dr. B. R. Ambedkar Konaseema,533234,134
Dr. B. R. Ambedkar Konaseema,533235,176
Dr. B. R. Ambedkar Konaseema,533236,168
Dr. B. R. Ambedkar Konaseema,533237,52
Dr. B. R. Ambedkar Konaseema,533238,540
Dr. B. R. Ambedkar Konaseema,533239,45
Dr. B. R. Ambedkar Konaseema,533240,52
Dr. B. R. Ambedkar Konaseema,533241,41
Dr. B. R. Ambedkar Konaseema,533242,52
Dr. B. R. Ambedkar Konaseema,533244,155
Dr. B. R. Ambedkar Konaseema,533247,230
Dr. B. R. Ambedkar Konaseema,533248,96
Dr. B. R. Ambedkar Konaseema,533249,248
Dr. B. R. Ambedkar Konaseema,533250,178
Dr. B. R. Ambedkar Konaseema,533251,791
Dr. B. R. Ambedkar Konaseema,533252,825
Dr. B. R. Ambedkar Konaseema,533253,203
Dr. B. R. Ambedkar Konaseema,533254,123
Dr. B. R. Ambedkar Konaseema,533255,895
Dr. B. R. Ambedkar Konaseema,533256,46
Dr. B. R. Ambedkar Konaseema,533260,18
Dr. B. R. Ambedkar Konaseema,533261,684
Dr. B. R. Ambedkar Konaseema,533262,862
Dr. B. R. Ambedkar Konaseema,533263,89
Dr. B. R. Ambedkar Konaseema,533274,43
Dr. B. R. Ambedkar Konaseema,533305,210
Dr. B. R. Ambedkar Konaseema,533306,64
Dr. B. R. Ambedkar Konaseema,533307,175
Dr. B. R. Ambedkar Konaseema,533308,625
Dr. B. R. Ambedkar Konaseema,533309,48
Dr. B. R. Ambedkar Konaseema,533340,107
Dr. B. R. Ambedkar Konaseema,533341,182
Dr. B. R. Ambedkar Konaseema,533345,39
Dr. B. R. Ambedkar Konaseema,533346,146
Dr. B. R. Ambedkar Konaseema,533464,192
Dr. B. R. Ambedkar Konaseema,533577,118
Dumka,813208,4
Dumka,814101,16091
Dumka,814102,8174
Dumka,814103,9282
Dumka,814110,7124
Dumka,814111,1377
Dumka,814118,4610
Dumka,814119,8673
Dumka,814120,4601
Dumka,814141,4877
Dumka,814144,6951
Dumka,814145,7103
Dumka,814146,7807
Dumka,814148,5301
Dumka,814151,10148
Dumka,814153,5
Dumka,814156,2
Dumka,814158,8364
Dumka,814160,4
Dumka,814166,1821
Dumka,814167,5032
Dumka,815351,2
Dumka,815359,4
Dumka,816103,7988
Dumka,816117,1837
Dumka,816118,8617
Dumka,816129,4
Dumka,828104,2
Dungarpur,314001,12600
Dungarpur,314011,8974
Dungarpur,314021,3624
Dungarpur,314022,12203
Dungarpur,314023,3364
Dungarpur,314024,2721
Dungarpur,314025,5023
Dungarpur,314026,1238
Dungarpur,314027,3808
Dungarpur,314028,3149
Dungarpur,314029,3906
Dungarpur,314030,12550
Dungarpur,314031,3031
Dungarpur,314032,4523
Dungarpur,314034,6770
Dungarpur,314035,5383
Dungarpur,314036,5460
Dungarpur,314037,4665
Dungarpur,314038,4617
Dungarpur,314401,3300
Dungarpur,314402,8614
Dungarpur,314403,6574
Dungarpur,314404,8067
Dungarpur,314406,5686
Dungarpur,314801,9125
Dungarpur,314804,5266
Durg,490001,11486
Durg,490006,19024
Durg,490009,2233
Durg,490011,12703
Durg,490020,6196
Durg,490021,7716
Durg,490022,1345
Durg,490023,30385
Durg,490024,16470
Durg,490025,11306
Durg,490026,7605
Durg,490036,14745
Durg,490042,15056
Durg,491001,67576
Durg,491107,18388
Durg,491111,27165
Durg,491221,10791
Durg,491222,1135
Durg,491223,8758
Durg,491225,570
Durg,491226,1167
Durg,491227,144
Durg,491228,2470
Durg,491331,19598
Durg,491332,5593
Durg,491335,34
Durg,491337,166
Durg,491340,633
Durg,491668,9
Durg,491993,2
Durg,492015,4
Durg,495683,2
Durg,496118,2
Durg,496220,4
East,737101,1648
East,737102,1750
East,737103,923
East,737106,782
East,737107,388
East,737131,556
East,737132,481
East,737133,506
East,737134,1803
East,737135,1003
East Champaran,845301,15651
East Champaran,845302,16146
East Champaran,845303,14496
East Champaran,845304,11499
East Champaran,845305,14510
East Champaran,845315,5563
East Champaran,845401,29751
East Champaran,845406,8179
East Champaran,845411,7470
East Champaran,845412,13657
East Champaran,845413,5715
East Champaran,845414,6433
East Champaran,845415,12475
East Champaran,845416,8783
East Champaran,845417,7347
East Champaran,845418,19493
East Champaran,845419,1110
East Champaran,845420,9049
East Champaran,845422,11280
East Champaran,845423,6429
East Champaran,845424,8851
East Champaran,845425,6076
East Champaran,845426,13097
East Champaran,845427,6878
East Champaran,845428,6174
East Champaran,845429,7652
East Champaran,845430,6116
East Champaran,845431,4788
East Champaran,845432,9300
East Champaran,845433,16098
East Champaran,845434,3851
East Champaran,845435,7589
East Champaran,845436,7343
East Champaran,845437,20013
East Champaran,845440,5535
East Champaran,845456,8699
East Champaran,845457,6631
East Champaran,845458,8117
East Champaran,855456,166
East Delhi,110031,23413
East Delhi,110032,12078
East Delhi,110051,20615
East Delhi,110053,3608
East Delhi,110091,43850
East Delhi,110092,51275
East Delhi,110093,11
East Delhi,110094,130
East Delhi,110095,30574
East Delhi,110096,33276
East Garo Hills,783123,4
East Garo Hills,783134,16
East Garo Hills,793106,4
East Garo Hills,793150,2
East Garo Hills,794002,5
East Garo Hills,794108,14
East Garo Hills,794110,2438
East Garo Hills,794111,2372
East Godavari,507111,2080
East Godavari,507113,319
East Godavari,507117,2
East Godavari,507121,2265
East Godavari,507126,1354
East Godavari,507129,8003
East Godavari,507134,2655
East Godavari,507135,4066
East Godavari,507137,2
East Godavari,531110,130
East Godavari,533001,9883
East Godavari,533002,7473
East Godavari,533003,5699
East Godavari,533004,2349
East Godavari,533005,12069
East Godavari,533006,5604
East Godavari,533016,5586
East Godavari,533101,23407
East Godavari,533102,4218
East Godavari,533103,2892
East Godavari,533104,1050
East Godavari,533105,3797
East Godavari,533106,1395
East Godavari,533107,5969
East Godavari,533124,3282
East Godavari,533125,6003
East Godavari,533126,8573
East Godavari,533201,6656
East Godavari,533210,2707
East Godavari,533211,4576
East Godavari,533212,7689
East Godavari,533213,3619
East Godavari,533214,3806
East Godavari,533215,677
East Godavari,533216,6402
East Godavari,533217,3289
East Godavari,533218,1962
East Godavari,533220,4742
East Godavari,533221,3122
East Godavari,533222,7158
East Godavari,533223,4189
East Godavari,533228,2529
East Godavari,533229,3767
East Godavari,533232,2231
East Godavari,533233,2349
East Godavari,533234,3553
East Godavari,533235,3266
East Godavari,533236,3099
East Godavari,533237,1903
East Godavari,533238,4681
East Godavari,533239,1659
East Godavari,533240,2653
East Godavari,533241,1148
East Godavari,533242,1794
East Godavari,533244,4455
East Godavari,533247,4323
East Godavari,533248,3106
East Godavari,533249,3632
East Godavari,533250,2675
East Godavari,533251,2767
East Godavari,533252,3373
East Godavari,533253,2165
East Godavari,533254,1982
East Godavari,533255,5934
East Godavari,533260,1481
East Godavari,533261,2915
East Godavari,533262,5376
East Godavari,533263,2801
East Godavari,533264,1484
East Godavari,533274,3166
East Godavari,533284,1472
East Godavari,533285,3851
East Godavari,533286,4556
East Godavari,533287,4506
East Godavari,533288,6812
East Godavari,533289,5394
East Godavari,533290,1383
East Godavari,533291,2716
East Godavari,533292,1969
East Godavari,533293,2637
East Godavari,533294,4975
East Godavari,533295,4307
East Godavari,533296,2928
East Godavari,533297,1857
East Godavari,533305,2215
East Godavari,533306,1114
East Godavari,533307,2381
East Godavari,533308,6819
East Godavari,533309,2391
East Godavari,533339,1853
East Godavari,533340,1680
East Godavari,533341,4188
East Godavari,533342,5811
East Godavari,533343,4749
East Godavari,533344,2858
East Godavari,533345,1757
East Godavari,533346,1816
East Godavari,533347,48
East Godavari,533348,21
East Godavari,533401,12377
East Godavari,533406,5971
East Godavari,533407,4790
East Godavari,533408,3113
East Godavari,533428,6490
East Godavari,533429,6794
East Godavari,533430,5952
East Godavari,533431,5822
East Godavari,533432,2796
East Godavari,533433,2937
East Godavari,533434,4273
East Godavari,533435,10556
East Godavari,533436,5561
East Godavari,533437,13623
East Godavari,533440,5387
East Godavari,533444,1199
East Godavari,533445,5793
East Godavari,533446,6570
East Godavari,533447,1787
East Godavari,533448,3778
East Godavari,533449,6983
East Godavari,533450,12083
East Godavari,533461,2978
East Godavari,533462,3011
East Godavari,533463,3856
East Godavari,533464,5937
East Godavari,533468,6060
East Godavari,533483,5552
East Godavari,533577,2179
East Godavari,534111,105
East Godavari,534112,699
East Godavari,534156,18
East Godavari,534176,80
East Godavari,534216,415
East Godavari,534218,32
East Godavari,534227,77
East Godavari,534301,930
East Godavari,534302,128
East Godavari,534305,333
East Godavari,534312,29
East Godavari,534313,754
East Godavari,534315,385
East Godavari,534316,793
East Godavari,534318,308
East Godavari,534324,34
East Godavari,534328,93
East Godavari,534329,344
East Godavari,534330,321
East Godavari,534331,36
East Godavari,534340,198
East Godavari,534341,212
East Godavari,534342,543
East Godavari,534350,748
East Jaintia Hills,793150,7
East Jaintia Hills,793151,2
East Jaintia Hills,793160,2320
East Jaintia Hills,793200,2628
East Kameng,790102,7338
East Kameng,790103,319
East Khasi Hills,793001,2901
East Khasi Hills,793002,2261
East Khasi Hills,793003,1224
East Khasi Hills,793004,1955
East Khasi Hills,793005,989
East Khasi Hills,793006,2805
East Khasi Hills,793007,1140
East Khasi Hills,793008,1026
East Khasi Hills,793009,807
East Khasi Hills,793010,829
East Khasi Hills,793011,125
East Khasi Hills,793012,282
East Khasi Hills,793014,1021
East Khasi Hills,793015,3904
East Khasi Hills,793016,301
East Khasi Hills,793017,834
East Khasi Hills,793018,233
East Khasi Hills,793019,805
East Khasi Hills,793021,1477
East Khasi Hills,793022,374
East Khasi Hills,793106,666
East Khasi Hills,793107,184
East Khasi Hills,793108,1687
East Khasi Hills,793109,34
East Khasi Hills,793110,3304
East Khasi Hills,793111,1484
East Khasi Hills,793112,364
East Khasi Hills,793113,1670
East Khasi Hills,793120,5
East Khasi Hills,793121,2735
East Midnapore,721130,4
East Midnapore,721131,413
East Midnapore,721134,5
East Midnapore,721136,7
East Midnapore,721137,5
East Midnapore,721139,1256
East Midnapore,721142,2
East Midnapore,721144,48
East Midnapore,721151,294
East Midnapore,721152,1215
East Midnapore,721154,5
East Midnapore,721168,2
East Midnapore,721169,50
East Midnapore,721401,3035
East Midnapore,721420,235
East Midnapore,721422,1787
East Midnapore,721423,971
East Midnapore,721425,1082
East Midnapore,721427,1358
East Midnapore,721428,159
East Midnapore,721429,1971
East Midnapore,721430,356
East Midnapore,721431,1780
East Midnapore,721432,278
East Midnapore,721433,866
East Midnapore,721434,807
East Midnapore,721436,9
East Midnapore,721438,61
East Midnapore,721439,1474
East Midnapore,721440,640
East Midnapore,721441,823
East Midnapore,721442,1705
East Midnapore,721443,258
East Midnapore,721444,1606
East Midnapore,721446,1538
East Midnapore,721447,549
East Midnapore,721448,1408
East Midnapore,721449,795
East Midnapore,721450,399
East Midnapore,721452,1431
East Midnapore,721453,513
East Midnapore,721454,1299
East Midnapore,721455,773
East Midnapore,721456,1012
East Midnapore,721458,1342
East Midnapore,721461,62
East Midnapore,721463,78
East Midnapore,721464,66
East Midnapore,721465,5
East Midnapore,721467,23
East Midnapore,721601,2047
East Midnapore,721602,444
East Midnapore,721603,7
East Midnapore,721604,16
East Midnapore,721605,7
East Midnapore,721606,5
East Midnapore,721607,9
East Midnapore,721625,30
East Midnapore,721626,1244
East Midnapore,721627,7
East Midnapore,721628,226
East Midnapore,721629,4
East Midnapore,721630,4
East Midnapore,721631,1352
East Midnapore,721632,30
East Midnapore,721633,725
East Midnapore,721634,882
East Midnapore,721635,821
East Midnapore,721636,633
East Midnapore,721641,346
East Midnapore,721642,2
East Midnapore,721644,5
East Midnapore,721645,53
East Midnapore,721646,50
East Midnapore,721647,71
East Midnapore,721648,23
East Midnapore,721649,12
East Midnapore,721650,490
East Midnapore,721651,7
East Midnapore,721652,5
East Midnapore,721653,5
East Midnapore,721654,75
East Midnapore,721655,633
East Midnapore,721656,656
East Midnapore,721657,634
East Midnapore,721658,7
East Midnapore,721659,134
East Midnapore,721666,11
East Midnapore,721667,2
East Midnapore,721668,4
East Midnapore,721670,4
East Midnapur,721144,21
East Midnapur,721626,2
East Nimar,450001,15047
East Nimar,450051,1739
East Nimar,450110,449
East Nimar,450112,1490
East Nimar,450114,4594
East Nimar,450116,6980
East Nimar,450117,12415
East Nimar,450119,128
East Nimar,450221,4
East Nimar,450331,21
East Nimar,450332,118
East Nimar,450337,3573
East Nimar,450551,3396
East Nimar,450554,1360
East Nimar,450661,9375
East Nimar,450771,2416
East Nimar,450881,5182
East Nimar,450991,1399
East Nimar,451001,1187
East Nimar,451115,1053
East Siang,791102,4989
East Siang,791103,5
East Siang,791104,923
East Sikkim,737101,1336
East Sikkim,737102,1139
East Sikkim,737103,699
East Sikkim,737106,631
East Sikkim,737107,308
East Sikkim,737131,412
East Sikkim,737132,435
East Sikkim,737133,415
East Sikkim,737134,1030
East Sikkim,737135,834
East Sikkim,737138,48
East Singhbhum,831001,8261
East Singhbhum,831002,26868
East Singhbhum,831003,5756
East Singhbhum,831004,12277
East Singhbhum,831005,7554
East Singhbhum,831006,5152
East Singhbhum,831007,2033
East Singhbhum,831008,1395
East Singhbhum,831009,7019
East Singhbhum,831011,8518
East Singhbhum,831012,13142
East Singhbhum,831014,23
East Singhbhum,831015,2496
East Singhbhum,831016,1174
East Singhbhum,831017,5736
East Singhbhum,831018,3519
East Singhbhum,831019,160
East Singhbhum,832101,21884
East Singhbhum,832102,7340
East Singhbhum,832103,210
East Singhbhum,832104,17581
East Singhbhum,832105,20617
East Singhbhum,832106,1561
East Singhbhum,832107,5866
East Singhbhum,832110,14451
East Singhbhum,832301,12324
East Singhbhum,832302,12069
East Singhbhum,832303,12051
East Singhbhum,832304,5460
East Singhbhum,832402,2
East Singhbhum,832404,2
East Singhbhum,833101,9
East Singhbhum,833104,5
East Singhbhum,833201,9
East Singhbhum,833203,2
East Singhbhum,833214,4
East Singhbhum,833220,2
Eastern West Khasi Hills,793120,14
Eluru,507114,1156
Eluru,507121,57
Eluru,507135,23
Eluru,507301,2
Eluru,521105,151
Eluru,521109,4
Eluru,521111,64
Eluru,521201,944
Eluru,521207,139
Eluru,521211,340
Eluru,521212,68
Eluru,521213,196
Eluru,521214,135
Eluru,521325,45
Eluru,521326,9
Eluru,521329,32
Eluru,521333,315
Eluru,521340,50
Eluru,521343,25
Eluru,521344,492
Eluru,521345,43
Eluru,534001,675
Eluru,534002,478
Eluru,534003,71
Eluru,534004,128
Eluru,534005,262
Eluru,534006,27
Eluru,534007,251
Eluru,534112,7
Eluru,534134,7
Eluru,534165,18
Eluru,534186,5
Eluru,534195,36
Eluru,534196,7
Eluru,534197,16
Eluru,534198,80
Eluru,534311,501
Eluru,534312,814
Eluru,534315,123
Eluru,534318,151
Eluru,534341,4
Eluru,534401,137
Eluru,534406,232
Eluru,534411,228
Eluru,534416,96
Eluru,534425,381
Eluru,534426,232
Eluru,534427,144
Eluru,534432,25
Eluru,534435,7
Eluru,534437,32
Eluru,534442,75
Eluru,534447,1155
Eluru,534448,540
Eluru,534449,219
Eluru,534450,43
Eluru,534451,335
Eluru,534452,608
Eluru,534455,29
Eluru,534456,779
Eluru,534460,527
Eluru,534461,94
Eluru,534462,274
Eluru,534467,392
Eluru,534475,128
Ernakulam,680667,155
Ernakulam,682001,3256
Ernakulam,682002,6208
Ernakulam,682003,14
Ernakulam,682004,27
Ernakulam,682005,2496
Ernakulam,682006,6939
Ernakulam,682007,2666
Ernakulam,682008,3234
Ernakulam,682010,1406
Ernakulam,682011,68
Ernakulam,682012,993
Ernakulam,682013,936
Ernakulam,682015,146
Ernakulam,682016,241
Ernakulam,682017,2518
Ernakulam,682018,1443
Ernakulam,682019,2427
Ernakulam,682020,2635
Ernakulam,682021,3393
Ernakulam,682022,198
Ernakulam,682023,2003
Ernakulam,682024,4127
Ernakulam,682025,1704
Ernakulam,682026,2051
Ernakulam,682027,2311
Ernakulam,682028,1900
Ernakulam,682029,91
Ernakulam,682030,2701
Ernakulam,682031,27
Ernakulam,682032,1075
Ernakulam,682033,604
Ernakulam,682034,1287
Ernakulam,682035,205
Ernakulam,682036,310
Ernakulam,682037,757
Ernakulam,682038,531
Ernakulam,682039,80
Ernakulam,682040,1648
Ernakulam,682041,756
Ernakulam,682301,2543
Ernakulam,682302,12
Ernakulam,682303,364
Ernakulam,682304,2128
Ernakulam,682305,2591
Ernakulam,682306,2849
Ernakulam,682307,3133
Ernakulam,682308,3282
Ernakulam,682309,985
Ernakulam,682310,877
Ernakulam,682311,1891
Ernakulam,682312,941
Ernakulam,682313,1422
Ernakulam,682314,2354
Ernakulam,682315,2960
Ernakulam,682316,1497
Ernakulam,682317,4
Ernakulam,682501,759
Ernakulam,682502,2080
Ernakulam,682503,599
Ernakulam,682504,1741
Ernakulam,682505,1390
Ernakulam,682506,2051
Ernakulam,682507,1812
Ernakulam,682508,1974
Ernakulam,682509,1290
Ernakulam,682511,732
Ernakulam,683101,3133
Ernakulam,683102,2197
Ernakulam,683104,861
Ernakulam,683105,3302
Ernakulam,683106,2117
Ernakulam,683108,1180
Ernakulam,683110,2406
Ernakulam,683112,1728
Ernakulam,683501,2088
Ernakulam,683502,53
Ernakulam,683503,813
Ernakulam,683511,4250
Ernakulam,683512,1281
Ernakulam,683513,4328
Ernakulam,683514,1748
Ernakulam,683515,1474
Ernakulam,683516,1780
Ernakulam,683517,2869
Ernakulam,683518,1898
Ernakulam,683519,1443
Ernakulam,683520,2660
Ernakulam,683521,153
Ernakulam,683522,1718
Ernakulam,683541,2210
Ernakulam,683542,1180
Ernakulam,683543,627
Ernakulam,683544,3142
Ernakulam,683545,2776
Ernakulam,683546,2236
Ernakulam,683547,2181
Ernakulam,683548,14
Ernakulam,683549,930
Ernakulam,683550,909
Ernakulam,683556,3525
Ernakulam,683561,3197
Ernakulam,683562,1987
Ernakulam,683563,1173
Ernakulam,683565,1928
Ernakulam,683571,1181
Ernakulam,683572,4936
Ernakulam,683573,592
Ernakulam,683574,4002
Ernakulam,683575,1139
Ernakulam,683576,2199
Ernakulam,683577,2222
Ernakulam,683578,2969
Ernakulam,683579,1871
Ernakulam,683580,1588
Ernakulam,683581,2243
Ernakulam,683585,1148
Ernakulam,683587,984
Ernakulam,683589,1219
Ernakulam,683594,1880
Ernakulam,686661,1292
Ernakulam,686662,3092
Ernakulam,686663,1294
Ernakulam,686664,3559
Ernakulam,686665,1303
Ernakulam,686666,37
Ernakulam,686667,1832
Ernakulam,686668,1937
Ernakulam,686669,2106
Ernakulam,686670,2630
Ernakulam,686671,5196
Ernakulam,686672,902
Ernakulam,686673,7639
Ernakulam,686681,4018
Ernakulam,686691,8409
Ernakulam,686692,3090
Ernakulam,686693,3207
Ernakulam,686695,39
Erode,638001,7958
Erode,638002,10086
Erode,638003,8997
Erode,638004,10790
Erode,638005,4665
Erode,638009,7830
Erode,638010,2
Erode,638011,5082
Erode,638012,2937
Erode,638051,8088
Erode,638052,5818
Erode,638053,128
Erode,638054,1342
Erode,638055,1393
Erode,638056,4173
Erode,638057,2675
Erode,638101,3370
Erode,638102,3917
Erode,638103,866
Erode,638104,4375
Erode,638105,130
Erode,638106,5
Erode,638107,4408
Erode,638108,200
Erode,638109,5677
Erode,638110,1249
Erode,638111,7
Erode,638112,4241
Erode,638115,2912
Erode,638116,2582
Erode,638151,3247
Erode,638152,1734
Erode,638153,805
Erode,638154,1602
Erode,638301,6778
Erode,638311,5428
Erode,638312,5061
Erode,638313,2051
Erode,638314,7285
Erode,638315,5843
Erode,638316,2179
Erode,638401,7979
Erode,638402,7475
Erode,638451,4120
Erode,638452,4918
Erode,638453,4252
Erode,638454,3316
Erode,638455,9747
Erode,638456,1345
Erode,638457,2047
Erode,638458,3395
Erode,638459,5533
Erode,638460,845
Erode,638461,5661
Erode,638462,859
Erode,638476,8017
Erode,638501,10506
Erode,638502,2594
Erode,638503,9159
Erode,638504,4335
Erode,638505,2195
Erode,638506,4478
Erode,638656,4
Erode,638701,2
Erode,638703,2
Erode,638751,1725
Erode,638752,210
Erode,638812,2
Erode,641302,169
Erode,641607,20
Etah,207001,48577
Etah,207002,4
Etah,207120,4091
Etah,207121,7477
Etah,207122,5770
Etah,207123,12
Etah,207124,4
Etah,207125,8865
Etah,207241,4
Etah,207242,21
Etah,207243,273
Etah,207244,4072
Etah,207245,4
Etah,207246,583
Etah,207247,18199
Etah,207248,6454
Etah,207249,8129
Etah,207250,3623
Etah,207301,9635
Etah,207302,23069
Etah,207401,6909
Etah,207402,5
Etah,207403,14
Etawah,206001,27773
Etawah,206002,4701
Etawah,206003,3781
Etawah,206120,4127
Etawah,206121,1124
Etawah,206123,10034
Etawah,206124,5665
Etawah,206125,8083
Etawah,206126,9542
Etawah,206127,5283
Etawah,206128,3067
Etawah,206129,2
Etawah,206130,4184
Etawah,206131,5991
Etawah,206242,15881
Etawah,206245,17399
Etawah,206246,2
Etawah,206253,14304
Faizabad,224001,16283
Faizabad,224120,4
Faizabad,224121,4346
Faizabad,224122,2
Faizabad,224123,4407
Faizabad,224126,4195
Faizabad,224127,4200
Faizabad,224132,957
Faizabad,224133,1310
Faizabad,224135,4419
Faizabad,224141,4275
Faizabad,224152,2
Faizabad,224153,4432
Faizabad,224158,3963
Faizabad,224161,5617
Faizabad,224164,4834
Faizabad,224171,2938
Faizabad,224172,1923
Faizabad,224182,2748
Faizabad,224188,5501
Faizabad,224189,3733
Faizabad,224195,2641
Faizabad,224201,4239
Faizabad,224202,2611
Faizabad,224203,2676
Faizabad,224204,5998
Faizabad,224205,3279
Faizabad,224206,1989
Faizabad,224207,1246
Faizabad,224208,2972
Faizabad,224209,4212
Faizabad,224225,1810
Faizabad,224228,2160
Faizabad,224229,2220
Faizabad,224234,1704
Faizabad,224284,1982
Faizabad,225402,14769
Faizabad,225406,5137
Faizabad,225407,8984
Faizabad,225408,7072
Faizabad,225411,11346
Faridabad,121001,36927
Faridabad,121002,22848
Faridabad,121003,23058
Faridabad,121004,68711
Faridabad,121005,23764
Faridabad,121006,6962
Faridabad,121007,2783
Faridabad,121008,2352
Faridabad,121009,4599
Faridabad,121010,1996
Faridabad,121012,298
Faridabad,121013,4654
Faridabad,121014,25
Faridabad,121101,11691
Faridabad,121102,1224
Faridabad,121103,9
Faridabad,121105,12
Faridabad,121106,36
Faridabad,121107,12
Faridkot,151202,7238
Faridkot,151203,23972
Faridkot,151204,16494
Faridkot,151205,4104
Faridkot,151207,5413
Faridkot,151208,2864
Faridkot,151209,3885
Faridkot,151212,5597
Faridkot,152025,663
Farrukhabad,205302,4179
Farrukhabad,206451,4852
Farrukhabad,207501,7673
Farrukhabad,207502,5177
Farrukhabad,207503,4621
Farrukhabad,207504,2821
Farrukhabad,207505,6329
Farrukhabad,209501,768
Farrukhabad,209502,15300
Farrukhabad,209503,323
Farrukhabad,209504,37
Farrukhabad,209505,237
Farrukhabad,209601,12962
Farrukhabad,209602,3954
Farrukhabad,209621,7404
Farrukhabad,209622,6745
Farrukhabad,209625,25070
Farrukhabad,209651,574
Farrukhabad,209652,795
Farrukhabad,209721,4
Farrukhabad,209722,9
Farrukhabad,209724,7539
Farrukhabad,209739,8453
Farrukhabad,209743,3970
Farrukhabad,209745,4433
Farrukhabad,209749,3330
Fatehabad,125047,2397
Fatehabad,125048,6212
Fatehabad,125050,26658
Fatehabad,125051,29044
Fatehabad,125052,59
Fatehabad,125053,11005
Fatehabad,125060,4
Fatehabad,125103,4
Fatehabad,125106,8095
Fatehabad,125111,9558
Fatehabad,125112,1677
Fatehabad,125113,2318
Fatehabad,125120,19690
Fatehabad,125121,2
Fatehabad,125133,7646
Fatehgarh Sahib,140101,397
Fatehgarh Sahib,140102,583
Fatehgarh Sahib,140112,269
Fatehgarh Sahib,140307,909
Fatehgarh Sahib,140401,394
Fatehgarh Sahib,140405,2030
Fatehgarh Sahib,140406,16554
Fatehgarh Sahib,140407,855
Fatehgarh Sahib,140412,7700
Fatehgarh Sahib,140417,29
Fatehgarh Sahib,140602,1793
Fatehgarh Sahib,140701,7
Fatehgarh Sahib,140802,2194
Fatehgarh Sahib,141411,2439
Fatehgarh Sahib,141801,4049
Fatehgarh Sahib,147001,2080
Fatehgarh Sahib,147006,2
Fatehgarh Sahib,147104,2352
Fatehgarh Sahib,147202,151
Fatehgarh Sahib,147203,8092
Fatehgarh Sahib,147301,13765
Fatehpur,212601,31328
Fatehpur,212620,7782
Fatehpur,212621,7
Fatehpur,212622,9070
Fatehpur,212623,1078
Fatehpur,212631,9984
Fatehpur,212635,12908
Fatehpur,212641,5620
Fatehpur,212645,7778
Fatehpur,212650,4305
Fatehpur,212651,5690
Fatehpur,212652,9036
Fatehpur,212653,6319
Fatehpur,212654,2913
Fatehpur,212655,16226
Fatehpur,212656,8396
Fatehpur,212657,12882
Fatehpur,212658,7782
Fatehpur,212659,6326
Fatehpur,212660,1490
Fatehpur,212661,6244
Fatehpur,212662,1294
Fatehpur,212663,6467
Fatehpur,212664,10284
Fatehpur,212665,7267
Fatehpur,212666,923
Fatehpur,216221,10717
Fazilka,152002,2
Fazilka,152020,2
Fazilka,152022,310
Fazilka,152023,2
Fazilka,152024,18445
Fazilka,152033,3512
Fazilka,152116,29409
Fazilka,152117,4448
Fazilka,152121,4701
Fazilka,152122,4954
Fazilka,152123,25749
Fazilka,152124,6552
Fazilka,152128,6645
Fazilka,152132,4672
Ferozepur,142042,146
Ferozepur,142043,1900
Ferozepur,142044,8192
Ferozepur,142047,8539
Ferozepur,142050,5569
Ferozepur,142052,7288
Ferozepur,142060,3936
Ferozepur,152001,2894
Ferozepur,152002,19229
Ferozepur,152003,6948
Ferozepur,152004,5700
Ferozepur,152005,1383
Ferozepur,152021,8035
Ferozepur,152022,7625
Ferozepur,152023,6584
Ferozepur,152024,2204
Ferozepur,152028,2393
Ferozepur,152033,4
Ferozepur,152116,11
Ferozepur,152123,11
Ferozepur,152128,5
Firozabad,205119,9
Firozabad,205121,1620
Firozabad,205130,3305
Firozabad,205135,8778
Firozabad,205141,6417
Firozabad,205142,5724
Firozabad,205145,9264
Firozabad,205147,3838
Firozabad,205151,12999
Firozabad,205152,6561
Firozabad,205261,367
Firozabad,205262,9
Firozabad,205268,2
Firozabad,215126,5463
Firozabad,283103,6010
Firozabad,283130,299
Firozabad,283135,2349
Firozabad,283136,1039
Firozabad,283141,688
Firozabad,283142,358
Firozabad,283145,625
Firozabad,283151,993
Firozabad,283152,647
Firozabad,283203,89670
Firozabad,283204,30612
Firozabad,283205,4
Firozabad,283206,5014
Firozabad,283207,61
Firozpur,142044,226
Firozpur,142047,1613
Firozpur,142050,633
Firozpur,142051,2
Firozpur,142052,1522
Firozpur,152001,633
Firozpur,152002,1910
Firozpur,152003,155
Firozpur,152004,453
Firozpur,152021,52
Firozpur,152022,1908
Firozpur,152023,2293
Firozpur,152024,1698
Firozpur,152028,5
Firozpur,152033,7
Firozpur,152116,1671
Firozpur,152117,312
Firozpur,152121,392
Firozpur,152122,740
Firozpur,152123,3357
Firozpur,152124,59
Firozpur,152128,577
Firozpur,152132,239
Gadag,581118,48
Gadag,582101,6424
Gadag,582102,5969
Gadag,582103,5365
Gadag,582111,572
Gadag,582112,4756
Gadag,582113,2575
Gadag,582114,3810
Gadag,582115,2256
Gadag,582116,6157
Gadag,582117,2812
Gadag,582118,4515
Gadag,582119,2457
Gadag,582120,3263
Gadag,582201,11
Gadag,582202,889
Gadag,582203,1540
Gadag,582204,1021
Gadag,582205,2525
Gadag,582206,736
Gadag,582207,6748
Gadag,582209,4571
Gadag,582210,1032
Gadag,582211,2518
Gadag *,582101,1178
Gadag *,582102,561
Gadag *,582103,69
Gadag *,582112,4
Gadag *,582113,4
Gadag *,582114,118
Gadag *,582116,184
Gadag *,582117,2
Gadag *,582118,114
Gadag *,582119,2
Gadag *,582120,45
Gadag *,582204,2
Gadag *,582205,4
Gadag *,582207,100
Gadag *,582210,2
Gadag *,582211,2
Gadchiroli,441207,15667
Gadchiroli,441208,9131
Gadchiroli,441209,26649
Gadchiroli,441217,10913
Gadchiroli,442504,18612
Gadchiroli,442603,26472
Gadchiroli,442604,8402
Gadchiroli,442605,27780
Gadchiroli,442606,24124
Gadchiroli,442703,5793
Gadchiroli,442704,25954
Gadchiroli,442705,14405
Gadchiroli,442707,14426
Gadchiroli,442709,10706
Gadchiroli,442710,11622
Gajapati,761002,7
Gajapati,761003,4
Gajapati,761005,4
Gajapati,761007,5
Gajapati,761014,895
Gajapati,761015,7108
Gajapati,761016,14467
Gajapati,761017,15228
Gajapati,761018,4
Gajapati,761035,2
Gajapati,761037,2
Gajapati,761105,5
Gajapati,761200,3788
Gajapati,761201,2732
Gajapati,761206,4925
Gajapati,761207,8297
Gajapati,761208,4437
Gajapati,761209,12
Gajapati,761210,1370
Gajapati,761211,3708
Gajapati,761212,8717
Gajapati,761213,4075
Gajapati,761214,5658
Gajapati,761215,3168
Gajapati,761217,16529
Ganderbal,190006,1566
Ganderbal,191131,7244
Ganderbal,191201,5959
Ganderbal,191202,8822
Ganderbal,193504,814
Gandhinagar,380005,488
Gandhinagar,380060,5
Gandhinagar,382006,2776
Gandhinagar,382007,4312
Gandhinagar,382010,36
Gandhinagar,382016,3965
Gandhinagar,382021,1609
Gandhinagar,382024,1907
Gandhinagar,382028,2896
Gandhinagar,382030,761
Gandhinagar,382041,340
Gandhinagar,382042,593
Gandhinagar,382045,5
Gandhinagar,382115,1030
Gandhinagar,382305,9573
Gandhinagar,382308,8085
Gandhinagar,382315,6465
Gandhinagar,382320,1557
Gandhinagar,382321,2758
Gandhinagar,382330,1805
Gandhinagar,382350,61
Gandhinagar,382355,8466
Gandhinagar,382421,7172
Gandhinagar,382422,2723
Gandhinagar,382423,973
Gandhinagar,382424,3550
Gandhinagar,382426,14
Gandhinagar,382428,1010
Gandhinagar,382433,380
Gandhinagar,382445,7
Gandhinagar,382481,23
Gandhinagar,382501,4
Gandhinagar,382610,3523
Gandhinagar,382620,1124
Gandhinagar,382630,834
Gandhinagar,382640,1878
Gandhinagar,382650,1044
Gandhinagar,382715,335
Gandhinagar,382721,21399
Gandhinagar,382725,7
Gandhinagar,382729,1607
Gandhinagar,382735,4865
Gandhinagar,382740,1518
Gandhinagar,382810,3910
Gandhinagar,382835,3362
Gandhinagar,382845,12179
Gandhinagar,382850,5
Gandhinagar,382855,3489
Gandhinagar,382870,2
Ganganagar,335001,29420
Ganganagar,335002,3045
Ganganagar,335021,3003
Ganganagar,335022,3744
Ganganagar,335023,1217
Ganganagar,335024,3904
Ganganagar,335025,2710
Ganganagar,335027,4932
Ganganagar,335037,2398
Ganganagar,335038,3619
Ganganagar,335039,2511
Ganganagar,335040,1942
Ganganagar,335041,9195
Ganganagar,335051,10920
Ganganagar,335061,2377
Ganganagar,335062,7441
Ganganagar,335063,4
Ganganagar,335064,841
Ganganagar,335073,7172
Ganganagar,335512,2
Ganganagar,335523,9
Ganganagar,335524,2
Ganganagar,335526,2
Ganganagar,335701,11180
Ganganagar,335702,3894
Ganganagar,335703,8596
Ganganagar,335704,11059
Ganganagar,335705,1666
Ganganagar,335707,16495
Ganganagar,335771,4626
Ganganagar,335802,638
Ganganagar,335803,2145
Ganganagar,335804,20483
Ganganagar,335901,1506
Ganjam,760001,6246
Ganjam,760002,6144
Ganjam,760003,4945
Ganjam,760004,1196
Ganjam,760005,203
Ganjam,760006,3722
Ganjam,760007,2161
Ganjam,760008,1828
Ganjam,760009,2124
Ganjam,760010,2602
Ganjam,761001,4460
Ganjam,761002,2830
Ganjam,761003,6317
Ganjam,761004,3088
Ganjam,761005,3842
Ganjam,761006,1657
Ganjam,761007,4004
Ganjam,761008,5563
Ganjam,761009,4414
Ganjam,761010,5034
Ganjam,761011,2235
Ganjam,761012,6183
Ganjam,761013,5189
Ganjam,761014,4890
Ganjam,761018,7040
Ganjam,761019,3300
Ganjam,761020,6948
Ganjam,761025,5
Ganjam,761026,5367
Ganjam,761027,3820
Ganjam,761028,4476
Ganjam,761029,8398
Ganjam,761030,5139
Ganjam,761031,4090
Ganjam,761032,9808
Ganjam,761035,5146
Ganjam,761037,2407
Ganjam,761041,2687
Ganjam,761042,2334
Ganjam,761043,1821
Ganjam,761045,1224
Ganjam,761052,1030
Ganjam,761054,3874
Ganjam,761055,5130
Ganjam,761100,2716
Ganjam,761101,4232
Ganjam,761102,5415
Ganjam,761103,3350
Ganjam,761104,10237
Ganjam,761105,11836
Ganjam,761106,8170
Ganjam,761107,8371
Ganjam,761108,6607
Ganjam,761109,6730
Ganjam,761110,2151
Ganjam,761111,8510
Ganjam,761114,2513
Ganjam,761115,3512
Ganjam,761116,1627
Ganjam,761117,5866
Ganjam,761118,8844
Ganjam,761119,4676
Ganjam,761120,2398
Ganjam,761121,6044
Ganjam,761122,2675
Ganjam,761123,4327
Ganjam,761124,4034
Ganjam,761125,3689
Ganjam,761126,2185
Ganjam,761131,8507
Ganjam,761132,3241
Ganjam,761133,1304
Ganjam,761140,2505
Ganjam,761141,2334
Ganjam,761143,2609
Ganjam,761144,2156
Ganjam,761146,2475
Ganjam,761151,2466
Ganjam,761209,3300
Ganjam,761210,2
Garhwa,822112,18042
Garhwa,822114,46362
Garhwa,822115,738
Garhwa,822116,4
Garhwa,822120,15127
Garhwa,822121,22951
Garhwa,822124,4182
Garhwa,822125,38627
Garhwa,822127,984
Garhwa,822128,26490
Garhwa,822129,453
Garhwa,822133,3263
Garhwa,829208,5
Garhwa *,822110,4
Garhwa *,822112,2
Garhwa *,822114,7912
Garhwa *,822115,2
Garhwa *,822116,4
Garhwa *,822118,4
Garhwa *,822121,2
Garhwa *,822124,1584
Garhwa *,822125,7
Garhwa *,822128,431
Garhwal,246001,27
Garhwal,246121,4
Garhwal,246123,5
Garhwal,246124,5
Garhwal,246127,7
Garhwal,246128,5
Garhwal,246129,2
Garhwal,246144,4
Garhwal,246147,2
Garhwal,246148,2
Garhwal,246149,449
Garhwal,246155,9
Garhwal,246159,2
Garhwal,246162,2
Garhwal,246163,2
Garhwal,246164,4
Garhwal,246165,2
Garhwal,246167,4
Garhwal,246172,21
Garhwal,246173,2
Garhwal,246174,12
Garhwal,246179,2
Garhwal,246194,4
Garhwal,246275,2
Garhwal,246276,5
Garhwal,246285,4
Garhwal,249301,4
Garhwal,249302,2
Garhwal,249304,7
Garhwal,249306,2
Gariyaband,491229,2
Gariyaband,491558,1424
Gariyaband,491661,538
Gariyaband,491672,4
Gariyaband,492013,34
Gariyaband,492109,4569
Gariyaband,492112,184
Gariyaband,493445,45
Gariyaband,493885,8236
Gariyaband,493887,1308
Gariyaband,493888,10619
Gariyaband,493889,13438
Gariyaband,493890,9959
Gariyaband,493891,11278
Gariyaband,493992,16365
Gariyaband,493996,12857
Gariyaband,494226,274
Gariyaband,494228,82
Gariyaband,494229,59
Gariyaband,494230,61
Gariyaband,494331,37
Gariyaband,494334,37
Gariyaband,494347,62
Gariyaband,494441,2
Gariyaband,494661,9
Gariyaband,495449,543
Gariyaband,495559,2
Gariyaband,495674,278
Gariyaband,495689,41
Gariyaband,495695,84
Gariyaband,496116,164
Gariyaband,496331,200
Gariyaband,496445,20
Gariyaband,497778,5
Gaurela-Pendra-Marwahi,495117,905
Gaurela-Pendra-Marwahi,495118,1019
Gaurela-Pendra-Marwahi,495119,2154
Gautam Buddha Nagar,201002,5
Gautam Buddha Nagar,201008,2183
Gautam Buddha Nagar,201009,9243
Gautam Buddha Nagar,201206,23
Gautam Buddha Nagar,201301,42173
Gautam Buddha Nagar,201302,312
Gautam Buddha Nagar,201303,1614
Gautam Buddha Nagar,201304,9259
Gautam Buddha Nagar,201305,914
Gautam Buddha Nagar,201306,13699
Gautam Buddha Nagar,201307,1329
Gautam Buddha Nagar,201308,1401
Gautam Buddha Nagar,201309,59
Gautam Buddha Nagar,201310,9079
Gautam Buddha Nagar,201311,25
Gautam Buddha Nagar,201312,21
Gautam Buddha Nagar,201315,5
Gautam Buddha Nagar,201316,5
Gautam Buddha Nagar,201318,907
Gautam Buddha Nagar,203131,2554
Gautam Buddha Nagar,203135,10421
Gautam Buddha Nagar,203141,1397
Gautam Buddha Nagar,203155,5433
Gautam Buddha Nagar,203201,9325
Gautam Buddha Nagar,203202,3175
Gautam Buddha Nagar,203203,2042
Gautam Buddha Nagar,203205,984
Gautam Buddha Nagar,203207,25663
Gautam Buddha Nagar,203209,6112
Gautam Buddha Nagar,245101,9
Gautam Buddha Nagar,245304,2
Gautam Buddha Nagar *,203207,4
Gaya,803116,1470
Gaya,804403,7456
Gaya,804404,5843
Gaya,804407,1648
Gaya,804421,4
Gaya,804422,5
Gaya,804424,1602
Gaya,804435,4
Gaya,805109,2137
Gaya,805124,9
Gaya,805128,7393
Gaya,805129,1654
Gaya,805130,438
Gaya,805131,9594
Gaya,805135,9
Gaya,805236,2
Gaya,823001,17848
Gaya,823002,8060
Gaya,823003,21665
Gaya,823004,3188
Gaya,823005,7
Gaya,823311,12475
Gaya,824116,1360
Gaya,824118,10294
Gaya,824201,32534
Gaya,824205,9539
Gaya,824206,20547
Gaya,824207,9772
Gaya,824208,2529
Gaya,824209,6973
Gaya,824210,11315
Gaya,824211,19649
Gaya,824217,9924
Gaya,824219,1222
Gaya,824231,12889
Gaya,824232,36171
Gaya,824233,11340
Gaya,824234,3179
Gaya,824235,7224
Gaya,824236,11123
Gaya,824237,9870
Ghaziabad,201001,58251
Ghaziabad,201002,14526
Ghaziabad,201003,6237
Ghaziabad,201004,78
Ghaziabad,201005,22431
Ghaziabad,201006,4100
Ghaziabad,201007,7158
Ghaziabad,201009,24785
Ghaziabad,201010,8049
Ghaziabad,201011,1869
Ghaziabad,201012,4918
Ghaziabad,201013,3585
Ghaziabad,201014,9050
Ghaziabad,201015,2028
Ghaziabad,201016,1328
Ghaziabad,201017,2336
Ghaziabad,201019,41
Ghaziabad,201020,12
Ghaziabad,201102,55128
Ghaziabad,201103,36
Ghaziabad,201201,4289
Ghaziabad,201204,21230
Ghaziabad,201206,22889
Ghaziabad,201302,15023
Ghaziabad,201309,8015
Ghaziabad,203207,11
Ghaziabad,245101,7971
Ghaziabad,245201,5430
Ghaziabad,245205,1759
Ghaziabad,245207,3726
Ghaziabad,245208,1272
Ghaziabad,245301,2776
Ghaziabad,245304,21832
Ghazipur,232325,1712
Ghazipur,232326,8225
Ghazipur,232327,3977
Ghazipur,232328,4569
Ghazipur,232329,7160
Ghazipur,232330,1648
Ghazipur,232331,2341
Ghazipur,232332,3940
Ghazipur,232333,5740
Ghazipur,232336,2543
Ghazipur,232339,1525
Ghazipur,232340,3446
Ghazipur,233001,21684
Ghazipur,233002,9
Ghazipur,233221,6575
Ghazipur,233222,10316
Ghazipur,233223,4957
Ghazipur,233224,3785
Ghazipur,233225,6805
Ghazipur,233226,17377
Ghazipur,233227,17743
Ghazipur,233228,3906
Ghazipur,233229,4553
Ghazipur,233230,7644
Ghazipur,233231,5200
Ghazipur,233232,3781
Ghazipur,233233,2306
Ghazipur,233300,8662
Ghazipur,233301,4328
Ghazipur,233302,7420
Ghazipur,233303,6509
Ghazipur,233304,10184
Ghazipur,233305,7119
Ghazipur,233306,5226
Ghazipur,233307,4232
Ghazipur,233310,2488
Ghazipur,233311,3836
Ghazipur,275201,6786
Ghazipur,275202,6557
Ghazipur,275203,7878
Ghazipur,275204,10843
Ghazipur,275205,4075
Gir Somnath,362130,9
Gir Somnath,362135,276
Gir Somnath,362140,1965
Gir Somnath,362150,6714
Gir Somnath,362255,1962
Gir Somnath,362265,8254
Gir Somnath,362266,1962
Gir Somnath,362268,10196
Gir Somnath,362269,916
Gir Somnath,362275,4341
Gir Somnath,362510,3599
Gir Somnath,362530,2103
Gir Somnath,362550,1974
Gir Somnath,362560,7060
Gir Somnath,362565,857
Gir Somnath,362710,1468
Gir Somnath,362715,14
Gir Somnath,362720,9850
Gir Somnath,362725,1992
Giridih,815301,14950
Giridih,815302,8045
Giridih,815311,2897
Giridih,815312,26569
Giridih,815313,10332
Giridih,815314,14710
Giridih,815315,5428
Giridih,815316,12734
Giridih,815317,8439
Giridih,815318,5871
Giridih,825106,7726
Giridih,825108,10617
Giridih,825167,8206
Giridih,825320,7620
Giridih,825322,12734
Giridih,825324,10269
Giridih,825329,960
Giridih,825412,23099
Giridih,825418,5528
Giridih,829144,9
Goalpara,783101,8493
Goalpara,783120,3617
Goalpara,783121,2042
Goalpara,783122,192
Goalpara,783123,1565
Goalpara,783124,1436
Goalpara,783125,3468
Goalpara,783126,3580
Goalpara,783129,13685
Goalpara,783130,2044
Goalpara,783132,3993
Goalpara,783133,37
Goalpara,783134,624
Goalpara,783330,4448
Godda,813208,12450
Godda,814102,643
Godda,814112,2
Godda,814133,25353
Godda,814145,333
Godda,814147,12591
Godda,814152,11
Godda,814153,19209
Godda,814154,18692
Godda,814155,16927
Godda,814156,10187
Godda,814160,16511
Godda,814165,9893
Godda,816102,1413
Godda,816104,2
Golaghat,785101,2
Golaghat,785601,9330
Golaghat,785602,1942
Golaghat,785603,624
Golaghat,785609,376
Golaghat,785610,333
Golaghat,785611,1969
Golaghat,785612,2192
Golaghat,785613,1071
Golaghat,785614,3883
Golaghat,785615,652
Golaghat,785618,1468
Golaghat,785619,1221
Golaghat,785621,2183
Golaghat,785622,1053
Golaghat,785625,1028
Golaghat,785626,713
Golaghat,785630,2
Golaghat,785631,4
Golaghat,785671,5
Golaghat,785685,2
Golaghat,785697,2
Golaghat,785699,310
Golaghat,785702,2115
Golaghat,785703,77
Golaghat,785705,3357
Gomati,799013,2051
Gomati,799101,4934
Gomati,799104,3181
Gomati,799105,3420
Gomati,799114,5825
Gomati,799115,11
Gomati,799116,4266
Gomati,799120,1787
Gomati,799125,723
Gonda,271001,18947
Gonda,271002,8487
Gonda,271003,1591
Gonda,271122,11934
Gonda,271123,9597
Gonda,271124,5800
Gonda,271125,5827
Gonda,271126,5859
Gonda,271129,1919
Gonda,271202,10314
Gonda,271204,8575
Gonda,271208,4
Gonda,271209,4195
Gonda,271301,5362
Gonda,271302,13733
Gonda,271303,7823
Gonda,271304,27
Gonda,271305,12240
Gonda,271306,50
Gonda,271307,144
Gonda,271308,50
Gonda,271309,3605
Gonda,271310,2306
Gonda,271311,9414
Gonda,271312,20161
Gonda,271313,6798
Gonda,271319,3594
Gonda,271401,8436
Gonda,271402,6297
Gonda,271403,9683
Gonda,271502,15038
Gonda,271503,14352
Gonda,271504,15382
Gonda,271601,6641
Gonda,271602,8129
Gonda,271603,8674
Gondia,441601,285
Gondia,441614,210
Gondia,441701,173
Gondia,441702,69
Gondia,441801,141
Gondia,441807,444
Gondia,441901,166
Gondia,441902,7
Gondia,441911,46
Gondiya,441207,301
Gondiya,441601,27656
Gondiya,441614,27805
Gondiya,441701,8284
Gondiya,441702,12270
Gondiya,441801,16118
Gondiya,441802,169
Gondiya,441806,5745
Gondiya,441807,13634
Gondiya,441901,11333
Gondiya,441902,17910
Gondiya,441911,22173
Gondiya,441912,75
Gondiya,441916,8509
Gondiya *,441601,743
Gondiya *,441614,253
Gondiya *,441701,103
Gondiya *,441702,200
Gondiya *,441801,563
Gondiya *,441802,14
Gondiya *,441806,39
Gondiya *,441807,25
Gondiya *,441901,62
Gondiya *,441902,184
Gondiya *,441911,75
Gondiya *,441916,248
Gopalganj,841227,652
Gopalganj,841238,5
Gopalganj,841243,1488
Gopalganj,841405,18001
Gopalganj,841407,4435
Gopalganj,841409,9298
Gopalganj,841413,1438
Gopalganj,841416,1828
Gopalganj,841420,3942
Gopalganj,841423,8331
Gopalganj,841425,6067
Gopalganj,841426,18226
Gopalganj,841427,9934
Gopalganj,841428,18308
Gopalganj,841436,10820
Gopalganj,841437,11103
Gopalganj,841438,17709
Gopalganj,841440,7653
Gopalganj,841441,4752
Gopalganj,841501,8151
Gopalganj,841503,8628
Gopalganj,841505,5980
Gopalganj,841508,7652
Gorakhpur,273001,13407
Gorakhpur,273002,7170
Gorakhpur,273003,1288
Gorakhpur,273004,2790
Gorakhpur,273005,4991
Gorakhpur,273006,1303
Gorakhpur,273007,12228
Gorakhpur,273008,6361
Gorakhpur,273009,123
Gorakhpur,273010,4270
Gorakhpur,273012,380
Gorakhpur,273013,9437
Gorakhpur,273014,7051
Gorakhpur,273015,15000
Gorakhpur,273016,12696
Gorakhpur,273017,699
Gorakhpur,273151,5
Gorakhpur,273152,9747
Gorakhpur,273155,2496
Gorakhpur,273158,9624
Gorakhpur,273161,1041
Gorakhpur,273162,5
Gorakhpur,273163,4
Gorakhpur,273164,4
Gorakhpur,273165,13288
Gorakhpur,273201,9813
Gorakhpur,273202,13858
Gorakhpur,273203,6148
Gorakhpur,273209,19906
Gorakhpur,273211,5813
Gorakhpur,273212,15289
Gorakhpur,273213,4827
Gorakhpur,273301,2
Gorakhpur,273302,2
Gorakhpur,273303,4
Gorakhpur,273304,2
Gorakhpur,273306,8494
Gorakhpur,273401,8407
Gorakhpur,273402,12996
Gorakhpur,273403,8259
Gorakhpur,273404,7208
Gorakhpur,273405,4909
Gorakhpur,273406,5342
Gorakhpur,273407,9104
Gorakhpur,273408,6966
Gorakhpur,273409,3662
Gorakhpur,273411,8740
Gorakhpur,273412,8525
Gorakhpur,273413,13792
Gumla,835201,1606
Gumla,835203,4606
Gumla,835206,17096
Gumla,835207,27798
Gumla,835208,8400
Gumla,835210,216
Gumla,835211,2434
Gumla,835212,4
Gumla,835214,2
Gumla,835216,12
Gumla,835218,1010
Gumla,835220,13402
Gumla,835221,12
Gumla,835223,14
Gumla,835227,7477
Gumla,835229,12115
Gumla,835230,9663
Gumla,835231,13062
Gumla,835232,5927
Gumla,835233,11436
Gumla,835234,912
Gumla,835235,4
Gumla,835302,1721
Gumla,835303,7
Gumla,835324,17655
Guna,473001,59262
Guna,473101,31998
Guna,473105,36064
Guna,473110,8257
Guna,473111,4801
Guna,473112,69
Guna,473113,9
Guna,473115,20189
Guna,473118,4546
Guna,473222,22196
Guna,473226,11741
Guna,473249,2725
Guna,473287,30517
Guna,473330,121
Guna,473331,1980
Guna,473335,511
Guna,473338,7
Guna,473440,12
Guna,473443,241
Guna,473446,1541
Guna,473670,2
Guna,473774,4
Guntur,522001,16894
Guntur,522002,10804
Guntur,522003,13072
Guntur,522004,11652
Guntur,522005,7684
Guntur,522006,7744
Guntur,522007,3477
Guntur,522009,46
Guntur,522015,1511
Guntur,522016,2774
Guntur,522017,5332
Guntur,522018,3835
Guntur,522019,5695
Guntur,522020,3886
Guntur,522034,4854
Guntur,522101,9469
Guntur,522102,7
Guntur,522111,5038
Guntur,522112,2284
Guntur,522113,1408
Guntur,522124,8844
Guntur,522201,12705
Guntur,522202,3824
Guntur,522211,2017
Guntur,522212,8288
Guntur,522213,4850
Guntur,522233,3621
Guntur,522234,2341
Guntur,522235,3325
Guntur,522236,3307
Guntur,522237,2917
Guntur,522256,2534
Guntur,522257,1638
Guntur,522258,495
Guntur,522259,2349
Guntur,522261,3015
Guntur,522262,3322
Guntur,522264,1841
Guntur,522265,6657
Guntur,522268,2349
Guntur,522301,1914
Guntur,522302,1687
Guntur,522303,1677
Guntur,522304,2455
Guntur,522305,1197
Guntur,522306,1351
Guntur,522307,1659
Guntur,522308,1160
Guntur,522309,3336
Guntur,522310,914
Guntur,522311,1369
Guntur,522312,360
Guntur,522313,1659
Guntur,522314,3302
Guntur,522315,4872
Guntur,522316,1716
Guntur,522317,975
Guntur,522318,1597
Guntur,522324,2940
Guntur,522325,1205
Guntur,522329,2179
Guntur,522330,3722
Guntur,522341,1212
Guntur,522401,2078
Guntur,522402,5041
Guntur,522403,12987
Guntur,522408,2552
Guntur,522409,5645
Guntur,522410,9207
Guntur,522411,5299
Guntur,522412,3771
Guntur,522413,12661
Guntur,522414,10683
Guntur,522415,9685
Guntur,522421,6117
Guntur,522426,13571
Guntur,522435,1470
Guntur,522436,3366
Guntur,522437,3227
Guntur,522438,6215
Guntur,522439,1071
Guntur,522501,11420
Guntur,522502,1516
Guntur,522503,19787
Guntur,522508,3601
Guntur,522509,7577
Guntur,522510,4
Guntur,522529,6039
Guntur,522549,4546
Guntur,522601,19733
Guntur,522603,3835
Guntur,522611,1657
Guntur,522612,7206
Guntur,522613,6392
Guntur,522614,6607
Guntur,522615,8762
Guntur,522616,10324
Guntur,522617,2963
Guntur,522619,2202
Guntur,522626,1124
Guntur,522646,3329
Guntur,522647,14434
Guntur,522649,2468
Guntur,522657,3972
Guntur,522658,2409
Guntur,522659,1992
Guntur,522660,4220
Guntur,522661,1443
Guntur,522663,3407
Gurdaspur,143505,34858
Gurdaspur,143506,2794
Gurdaspur,143507,6511
Gurdaspur,143511,8762
Gurdaspur,143512,6108
Gurdaspur,143513,5631
Gurdaspur,143514,6974
Gurdaspur,143515,4289
Gurdaspur,143516,7976
Gurdaspur,143517,5428
Gurdaspur,143518,9537
Gurdaspur,143519,10059
Gurdaspur,143520,6135
Gurdaspur,143521,16390
Gurdaspur,143525,2035
Gurdaspur,143526,5563
Gurdaspur,143527,7129
Gurdaspur,143528,4373
Gurdaspur,143529,3526
Gurdaspur,143530,6176
Gurdaspur,143531,10818
Gurdaspur,143532,3772
Gurdaspur,143533,2183
Gurdaspur,143534,1051
Gurdaspur,143602,9498
Gurdaspur,143604,11971
Gurdaspur,143605,3815
Gurdaspur,145001,3872
Gurdaspur,145021,7
Gurdaspur,145022,162
Gurdaspur,145023,1834
Gurdaspur,145024,89
Gurdaspur,145025,2165
Gurdaspur,145026,463
Gurdaspur,145027,194
Gurdaspur,145029,87
Gurdaspur,145101,217
Gurdaspur,146001,12
Gurugram,122001,39546
Gurugram,122002,4261
Gurugram,122003,4344
Gurugram,122004,5811
Gurugram,122005,30
Gurugram,122006,2928
Gurugram,122007,36
Gurugram,122008,27
Gurugram,122009,1306
Gurugram,122010,46
Gurugram,122011,1908
Gurugram,122015,1137
Gurugram,122016,960
Gurugram,122017,5055
Gurugram,122018,3366
Gurugram,122051,1543
Gurugram,122052,230
Gurugram,122098,7
Gurugram,122101,5998
Gurugram,122102,5993
Gurugram,122103,9318
Gurugram,122104,2
Gurugram,122105,242
Gurugram,122107,184
Gurugram,122413,4694
Gurugram,122414,3044
Gurugram,122502,2434
Gurugram,122503,6914
Gurugram,122504,3813
Gurugram,122505,5994
Gurugram,122506,4909
Gurugram,122508,11
Gurugram,123034,2
Gurugram,123035,50
Gurugram,123401,2
Gwalior,474001,47699
Gwalior,474002,4237
Gwalior,474003,13913
Gwalior,474004,6087
Gwalior,474005,5695
Gwalior,474006,25915
Gwalior,474007,39
Gwalior,474008,57
Gwalior,474009,5715
Gwalior,474010,11324
Gwalior,474011,8124
Gwalior,474012,9706
Gwalior,474020,4098
Gwalior,475001,7523
Gwalior,475002,4514
Gwalior,475005,2627
Gwalior,475110,35731
Gwalior,475115,3867
Gwalior,475220,16624
Gwalior,475330,13017
Gwalior,475686,7
Hailakandi,788007,16
Hailakandi,788102,5
Hailakandi,788113,1075
Hailakandi,788117,4
Hailakandi,788150,3284
Hailakandi,788151,998
Hailakandi,788152,2951
Hailakandi,788155,6467
Hailakandi,788160,349
Hailakandi,788161,4193
Hailakandi,788162,3599
Hailakandi,788163,6288
Hailakandi,788164,2594
Hailakandi,788165,1691
Hailakandi,788168,821
Hailakandi,788720,2
Hailakandi,788801,2987
Hailakandi,788802,310
Hailakandi,788816,5
Hamirpur,174304,388
Hamirpur,174305,1099
Hamirpur,174309,266
Hamirpur,174311,1075
Hamirpur,174312,1183
Hamirpur,174405,547
Hamirpur,174505,137
Hamirpur,176039,1176
Hamirpur,176040,984
Hamirpur,176041,1844
Hamirpur,176042,757
Hamirpur,176043,686
Hamirpur,176044,561
Hamirpur,176045,2067
Hamirpur,176048,470
Hamirpur,176049,807
Hamirpur,176108,519
Hamirpur,176109,319
Hamirpur,176110,1370
Hamirpur,176111,880
Hamirpur,177001,4740
Hamirpur,177005,53
Hamirpur,177006,223
Hamirpur,177007,438
Hamirpur,177020,1169
Hamirpur,177021,159
Hamirpur,177022,456
Hamirpur,177023,1402
Hamirpur,177024,1598
Hamirpur,177025,918
Hamirpur,177026,1573
Hamirpur,177027,511
Hamirpur,177028,640
Hamirpur,177029,1301
Hamirpur,177030,12
Hamirpur,177033,953
Hamirpur,177038,631
Hamirpur,177040,723
Hamirpur,177041,1249
Hamirpur,177042,1475
Hamirpur,177044,467
Hamirpur,177045,283
Hamirpur,177048,903
Hamirpur,177118,242
Hamirpur,177119,189
Hamirpur,177301,577
Hamirpur,177401,1117
Hamirpur,177501,458
Hamirpur,177601,843
Hamirpur,210206,7
Hamirpur,210301,7623
Hamirpur,210341,3601
Hamirpur,210422,4250
Hamirpur,210423,7
Hamirpur,210425,132
Hamirpur,210428,3370
Hamirpur,210429,404
Hamirpur,210430,6643
Hamirpur,210431,17356
Hamirpur,210432,6688
Hamirpur,210501,6639
Hamirpur,210502,8371
Hamirpur,210504,3213
Hamirpur,210505,6852
Hamirpur,210506,5296
Hamirpur,210507,16996
Hanumakonda,505101,722
Hanumakonda,505102,2705
Hanumakonda,505122,221
Hanumakonda,505471,102
Hanumakonda,505476,116
Hanumakonda,505480,14
Hanumakonda,505497,78
Hanumakonda,505498,20
Hanumakonda,506001,4621
Hanumakonda,506003,1436
Hanumakonda,506004,306
Hanumakonda,506005,4
Hanumakonda,506006,248
Hanumakonda,506009,551
Hanumakonda,506011,30
Hanumakonda,506015,757
Hanumakonda,506142,1060
Hanumakonda,506143,50
Hanumakonda,506144,2
Hanumakonda,506145,50
Hanumakonda,506151,198
Hanumakonda,506164,255
Hanumakonda,506170,2
Hanumakonda,506310,315
Hanumakonda,506313,77
Hanumakonda,506319,155
Hanumakonda,506342,445
Hanumakonda,506349,59
Hanumakonda,506370,868
Hanumakonda,506371,442
Hanumakonda,506391,160
Hanumangarh,335062,750
Hanumangarh,335063,14541
Hanumangarh,335064,1671
Hanumangarh,335065,2496
Hanumangarh,335501,12073
Hanumangarh,335502,5036
Hanumangarh,335503,4038
Hanumangarh,335504,8168
Hanumangarh,335511,4922
Hanumangarh,335512,17789
Hanumangarh,335513,8209
Hanumangarh,335523,25907
Hanumangarh,335524,20970
Hanumangarh,335525,1689
Hanumangarh,335526,11460
Hanumangarh,335801,5579
Hanumangarh,335802,6839
Hanumangarh,335803,17646
Hanumangarh,335804,2409
Haora,711101,4428
Haora,711102,1431
Haora,711103,164
Haora,711104,549
Haora,711105,109
Haora,711106,2063
Haora,711107,380
Haora,711108,112
Haora,711109,732
Haora,711110,287
Haora,711111,100
Haora,711112,230
Haora,711113,191
Haora,711114,1333
Haora,711201,260
Haora,711202,362
Haora,711203,187
Haora,711204,483
Haora,711205,344
Haora,711225,57
Haora,711226,727
Haora,711227,2071
Haora,711301,4
Haora,711302,6078
Haora,711303,3735
Haora,711304,66
Haora,711305,2
Haora,711306,360
Haora,711307,7
Haora,711309,939
Haora,711310,1030
Haora,711312,64
Haora,711313,1465
Haora,711315,1696
Haora,711316,2281
Haora,711317,251
Haora,711322,3115
Haora,711324,4
Haora,711325,39
Haora,711328,102
Haora,711401,298
Haora,711403,1352
Haora,711404,1379
Haora,711405,1826
Haora,711408,652
Haora,711409,813
Haora,711410,1743
Haora,711411,1873
Haora,711412,768
Haora,711413,9
Haora,711414,748
Haora,711415,139
Haora,711416,21
Hapur,201001,86
Hapur,201005,91
Hapur,201006,5
Hapur,201007,4
Hapur,201009,2
Hapur,201010,30
Hapur,201011,9
Hapur,201012,4
Hapur,201014,5
Hapur,201015,7
Hapur,201102,66
Hapur,201302,168
Hapur,201309,7
Hapur,245101,56705
Hapur,245201,641
Hapur,245205,17112
Hapur,245207,9924
Hapur,245208,5242
Hapur,245301,5759
Hapur,245304,5267
Harda,461228,22039
Harda,461331,32510
Harda,461441,12753
Harda *,461111,2
Harda *,461228,4134
Harda *,461251,1955
Harda *,461331,8184
Harda *,461335,226
Harda *,461441,2938
Harda *,461444,686
Hardoi,241001,50748
Hardoi,241121,8790
Hardoi,241122,9738
Hardoi,241123,18906
Hardoi,241124,23653
Hardoi,241125,14332
Hardoi,241126,9211
Hardoi,241127,4
Hardoi,241201,9687
Hardoi,241202,12930
Hardoi,241203,10006
Hardoi,241204,24407
Hardoi,241301,24420
Hardoi,241302,11811
Hardoi,241303,21289
Hardoi,241304,17221
Hardoi,241305,5226
Hardoi,241401,6338
Hardoi,241402,16112
Hardoi,241403,16346
Hardoi,241404,17866
Hardoi,241405,7621
Hardoi,241406,15387
Hardoi,241407,13421
Hardwar,247656,125
Hardwar,247661,390
Hardwar,247662,2
Hardwar,247663,21
Hardwar,247664,82
Hardwar,247665,2
Hardwar,247666,14
Hardwar,247667,333
Hardwar,247668,27
Hardwar,247670,137
Hardwar,249401,137
Hardwar,249402,94
Hardwar,249403,27
Hardwar,249404,75
Hardwar,249407,91
Hardwar,249408,32
Hardwar,249410,5
Haridwar,246763,3493
Haridwar,247656,19391
Haridwar,247661,29494
Haridwar,247662,5766
Haridwar,247663,32383
Haridwar,247664,10697
Haridwar,247665,7065
Haridwar,247666,8120
Haridwar,247667,47438
Haridwar,247668,6278
Haridwar,247670,6308
Haridwar,247671,8856
Haridwar,249401,6078
Haridwar,249402,15884
Haridwar,249403,3608
Haridwar,249404,8876
Haridwar,249405,4
Haridwar,249407,11424
Haridwar,249408,7616
Haridwar,249410,1083
Haridwar,249411,46
Haridwar,251001,2
Hassan,573101,905
Hassan,573102,4077
Hassan,573103,6876
Hassan,573111,2051
Hassan,573112,2074
Hassan,573113,315
Hassan,573115,3983
Hassan,573116,5969
Hassan,573117,592
Hassan,573118,1862
Hassan,573119,1433
Hassan,573120,1226
Hassan,573121,2096
Hassan,573122,1745
Hassan,573123,547
Hassan,573124,1618
Hassan,573125,1670
Hassan,573126,841
Hassan,573127,1064
Hassan,573128,1755
Hassan,573129,811
Hassan,573130,2402
Hassan,573131,2744
Hassan,573133,927
Hassan,573134,3698
Hassan,573135,2138
Hassan,573136,1066
Hassan,573137,936
Hassan,573141,627
Hassan,573142,706
Hassan,573144,731
Hassan,573150,333
Hassan,573162,914
Hassan,573164,736
Hassan,573165,674
Hassan,573201,10788
Hassan,573202,1180
Hassan,573210,1534
Hassan,573211,7926
Hassan,573212,1358
Hassan,573213,2135
Hassan,573214,1663
Hassan,573215,1007
Hassan,573216,2067
Hassan,573217,2343
Hassan,573218,1092
Hassan,573219,2386
Hassan,573220,2240
Hassan,573225,1167
Hathras,202001,217
Hathras,202002,608
Hathras,202121,4
Hathras,202139,4221
Hathras,202150,1433
Hathras,202170,100
Hathras,204101,40578
Hathras,204102,5175
Hathras,204211,8019
Hathras,204212,9230
Hathras,204213,8721
Hathras,204214,5802
Hathras,204215,13577
Hathras,204216,9412
Hathras,281001,14
Hathras,281005,4
Hathras,281104,3906
Hathras,281301,7
Hathras,281302,6805
Hathras,281306,15472
Hathras,281307,8943
Hathras,281308,1025
Hathras,281404,2
Haveri,581101,1958
Haveri,581102,2689
Haveri,581104,7087
Haveri,581106,6935
Haveri,581108,3282
Haveri,581109,4100
Haveri,581110,11807
Haveri,581111,3894
Haveri,581112,1680
Haveri,581115,19129
Haveri,581116,4997
Haveri,581118,8897
Haveri,581119,3587
Haveri,581120,4177
Haveri,581123,1983
Haveri,581126,2753
Haveri,581128,953
Haveri,581145,1413
Haveri,581148,2395
Haveri,581193,1891
Haveri,581202,4535
Haveri,581203,2607
Haveri,581205,4405
Haveri,581208,3790
Haveri,581210,5061
Haveri,581211,1700
Haveri,581212,576
Haveri,581213,3412
Haveri,583217,62
Haveri *,581104,397
Haveri *,581106,153
Haveri *,581108,16
Haveri *,581109,4
Haveri *,581110,918
Haveri *,581111,89
Haveri *,581112,4
Haveri *,581115,745
Haveri *,581116,7
Haveri *,581118,102
Haveri *,581119,2
Haveri *,581120,4
Haveri *,581126,4
Haveri *,581128,2
Haveri *,581145,4
Haveri *,581205,71
Haveri *,581208,4
Haveri *,581210,2
Hawrah,711303,4
Hawrah,711316,20
Hazaribag,825109,4
Hazaribag,825301,2589
Hazaribag,825302,20
Hazaribag,825303,5
Hazaribag,825311,75
Hazaribag,825312,6946
Hazaribag,825313,2730
Hazaribag,825315,59
Hazaribag,825317,216
Hazaribag,825319,77
Hazaribag,825321,4
Hazaribag,825323,32
Hazaribag,825330,4
Hazaribag,825336,9
Hazaribag,825402,756
Hazaribag,825405,27
Hazaribag,825406,45
Hazaribag,825408,55
Hazaribag,825411,127
Hazaribag,825413,4
Hazaribag,829109,2
Hazaribagh,825109,2618
Hazaribagh,825301,19614
Hazaribagh,825302,4849
Hazaribagh,825303,1611
Hazaribagh,825311,15702
Hazaribagh,825312,11759
Hazaribagh,825313,7725
Hazaribagh,825315,43
Hazaribagh,825316,2
Hazaribagh,825317,1076
Hazaribagh,825319,7418
Hazaribagh,825321,2192
Hazaribagh,825323,11064
Hazaribagh,825326,337
Hazaribagh,825330,1393
Hazaribagh,825336,1447
Hazaribagh,825402,8484
Hazaribagh,825405,7345
Hazaribagh,825406,15383
Hazaribagh,825408,813
Hazaribagh,825409,636
Hazaribagh,825411,6627
Hazaribagh,825413,1691
Hazaribagh,829101,421
Hazaribagh,829106,2
Hazaribagh,829108,4
Hazaribagh,829109,1465
Hazaribagh,829110,2
Hazaribagh,829122,2
Hazaribagh,829125,736
Hazaribagh,829129,1066
Hingoli,431501,94
Hingoli,431509,3592
Hingoli,431510,1944
Hingoli,431511,331
Hingoli,431512,38932
Hingoli,431513,42909
Hingoli,431514,558
Hingoli,431542,22247
Hingoli,431701,28612
Hingoli,431702,23507
Hingoli,431703,12604
Hingoli,431705,33263
Hingoli,431720,5
Hingoli *,431513,2
Hingoli *,431542,7
Hingoli *,431703,2
Hingoli *,431705,5
Hisar,125001,61633
Hisar,125004,5893
Hisar,125005,3662
Hisar,125006,2828
Hisar,125011,2
Hisar,125033,30818
Hisar,125037,1967
Hisar,125038,3275
Hisar,125039,14612
Hisar,125042,8065
Hisar,125044,5396
Hisar,125047,6258
Hisar,125048,355
Hisar,125049,5397
Hisar,125050,299
Hisar,125052,19355
Hisar,125053,57
Hisar,125055,20
Hisar,125111,2
Hisar,125112,4050
Hisar,125113,9287
Hisar,125121,23217
Hisar,127041,18
Hnahthial,796186,2
Hnahthial,796571,29
Hojai,782428,2527
Hojai,782429,1866
Hojai,782435,10496
Hojai,782439,4369
Hojai,782440,4781
Hojai,782442,4047
Hojai,782445,4198
Hojai,782446,14248
Hojai,782447,4915
Hojai,782481,233
Hooghiy,712302,4
Hooghiy,712401,9
Hooghly,711205,5
Hooghly,712101,2334
Hooghly,712102,3134
Hooghly,712103,3708
Hooghly,712104,2022
Hooghly,712105,453
Hooghly,712121,877
Hooghly,712122,4232
Hooghly,712123,6002
Hooghly,712124,2680
Hooghly,712125,1764
Hooghly,712134,3951
Hooghly,712135,2165
Hooghly,712136,3662
Hooghly,712137,599
Hooghly,712138,1415
Hooghly,712139,1105
Hooghly,712146,2842
Hooghly,712147,2541
Hooghly,712148,6884
Hooghly,712149,10307
Hooghly,712152,738
Hooghly,712156,20
Hooghly,712157,23
Hooghly,712158,20
Hooghly,712201,2021
Hooghly,712202,1283
Hooghly,712203,2256
Hooghly,712204,845
Hooghly,712221,2072
Hooghly,712222,5177
Hooghly,712223,6059
Hooghly,712232,1921
Hooghly,712233,1440
Hooghly,712234,978
Hooghly,712235,2680
Hooghly,712245,1089
Hooghly,712246,1593
Hooghly,712247,898
Hooghly,712248,2979
Hooghly,712249,1310
Hooghly,712250,2655
Hooghly,712258,1103
Hooghly,712301,3122
Hooghly,712302,4947
Hooghly,712303,3159
Hooghly,712304,3986
Hooghly,712305,6857
Hooghly,712306,5841
Hooghly,712308,1843
Hooghly,712310,1390
Hooghly,712311,2766
Hooghly,712401,9501
Hooghly,712402,2912
Hooghly,712403,4947
Hooghly,712404,5515
Hooghly,712405,5330
Hooghly,712406,5843
Hooghly,712407,4717
Hooghly,712408,3093
Hooghly,712409,6864
Hooghly,712410,8286
Hooghly,712411,590
Hooghly,712412,2723
Hooghly,712413,5071
Hooghly,712414,3099
Hooghly,712415,4154
Hooghly,712416,5200
Hooghly,712417,5686
Hooghly,712418,43
Hooghly,712419,107
Hooghly,712420,328
Hooghly,712422,123
Hooghly,712424,437
Hooghly,712426,110
Hooghly,712428,362
Hooghly,712429,187
Hooghly,712501,2142
Hooghly,712502,4066
Hooghly,712503,2594
Hooghly,712504,192
Hooghly,712512,3436
Hooghly,712513,1659
Hooghly,712514,608
Hooghly,712515,1392
Hooghly,712601,3373
Hooghly,712602,3699
Hooghly,712611,1434
Hooghly,712612,2286
Hooghly,712613,4346
Hooghly,712614,3785
Hooghly,712615,2137
Hooghly,712616,3649
Hooghly,712617,2286
Hooghly,712701,7960
Hooghly,712702,3118
Hooghly,712704,2024
Hooghly,712705,1338
Hooghly,712706,5091
Hooghly,712707,1905
Hooghly,712708,1085
Hooghly,713148,2
Hooghly,713152,2
Hooghly,713166,11
Hooghly,713401,5
Hooghly,713404,14
Hooghly,713408,9
Hooghly,721232,20
Hoshangabad,461001,20637
Hoshangabad,461005,43
Hoshangabad,461110,690
Hoshangabad,461111,32203
Hoshangabad,461114,2
Hoshangabad,461115,3958
Hoshangabad,461116,2381
Hoshangabad,461122,779
Hoshangabad,461221,7851
Hoshangabad,461222,29
Hoshangabad,461223,18085
Hoshangabad,461228,185
Hoshangabad,461446,11
Hoshangabad,461551,656
Hoshangabad,461661,13846
Hoshangabad,461668,6426
Hoshangabad,461771,15430
Hoshangabad,461772,125
Hoshangabad,461775,26651
Hoshangabad,461881,1260
Hoshangabad,461990,21699
Hoshangabad,487221,5
Hoshiarpur,144105,3086
Hoshiarpur,144202,4749
Hoshiarpur,144203,2865
Hoshiarpur,144204,3081
Hoshiarpur,144205,13038
Hoshiarpur,144206,941
Hoshiarpur,144207,5264
Hoshiarpur,144208,4619
Hoshiarpur,144209,1278
Hoshiarpur,144210,3206
Hoshiarpur,144211,8227
Hoshiarpur,144212,2140
Hoshiarpur,144213,1830
Hoshiarpur,144214,2810
Hoshiarpur,144216,3140
Hoshiarpur,144221,7507
Hoshiarpur,144222,2997
Hoshiarpur,144223,1632
Hoshiarpur,144224,2181
Hoshiarpur,144304,14
Hoshiarpur,144305,1684
Hoshiarpur,144306,6000
Hoshiarpur,144404,811
Hoshiarpur,144406,355
Hoshiarpur,144519,1422
Hoshiarpur,144520,1345
Hoshiarpur,144522,2
Hoshiarpur,144523,3934
Hoshiarpur,144524,39
Hoshiarpur,144526,9
Hoshiarpur,144527,6891
Hoshiarpur,144528,3118
Hoshiarpur,144529,1675
Hoshiarpur,144530,1891
Hoshiarpur,144531,1114
Hoshiarpur,144532,1987
Hoshiarpur,146001,27805
Hoshiarpur,146021,1115
Hoshiarpur,146022,1828
Hoshiarpur,146023,871
Hoshiarpur,146024,1529
Hoshiarpur,146101,1475
Hoshiarpur,146102,4441
Hoshiarpur,146103,633
Hoshiarpur,146104,1873
Hoshiarpur,146105,2443
Hoshiarpur,146106,344
Hoshiarpur,146107,242
Hoshiarpur,146108,1475
Hoshiarpur,146109,2161
Hoshiarpur,146110,604
Hoshiarpur,146111,3206
Hoshiarpur,146112,1655
Hoshiarpur,146113,2432
Hoshiarpur,146114,871
Hoshiarpur,146115,508
Hoshiarpur,146116,903
Howrah,711101,8204
Howrah,711102,4220
Howrah,711103,1459
Howrah,711104,2297
Howrah,711105,527
Howrah,711106,3895
Howrah,711107,1401
Howrah,711108,666
Howrah,711109,2071
Howrah,711110,1103
Howrah,711111,533
Howrah,711112,1374
Howrah,711113,952
Howrah,711114,2568
Howrah,711115,18
Howrah,711201,1279
Howrah,711202,2001
Howrah,711203,952
Howrah,711204,2315
Howrah,711205,884
Howrah,711206,98
Howrah,711225,780
Howrah,711226,2258
Howrah,711227,2566
Howrah,711301,3373
Howrah,711302,8120
Howrah,711303,16032
Howrah,711304,449
Howrah,711305,682
Howrah,711306,604
Howrah,711307,2318
Howrah,711308,1351
Howrah,711309,1096
Howrah,711310,3918
Howrah,711312,12823
Howrah,711313,1315
Howrah,711314,5109
Howrah,711315,8395
Howrah,711316,11189
Howrah,711317,586
Howrah,711322,6705
Howrah,711325,59
Howrah,711326,620
Howrah,711328,21
Howrah,711401,15173
Howrah,711403,3995
Howrah,711404,1843
Howrah,711405,3332
Howrah,711408,1891
Howrah,711409,3086
Howrah,711410,5829
Howrah,711411,3984
Howrah,711412,1917
Howrah,711413,3247
Howrah,711414,2411
Howrah,711415,171
Howrah,711416,624
Howrah,712408,410
Hugli,712101,43
Hugli,712102,18
Hugli,712103,102
Hugli,712104,12
Hugli,712105,4
Hugli,712123,18
Hugli,712125,4
Hugli,712134,2
Hugli,712136,48
Hugli,712146,2
Hugli,712148,30
Hugli,712149,46
Hugli,712201,21
Hugli,712202,5
Hugli,712203,16
Hugli,712204,5
Hugli,712221,2
Hugli,712222,20
Hugli,712223,5
Hugli,712232,23
Hugli,712233,4
Hugli,712234,2
Hugli,712235,7
Hugli,712245,7
Hugli,712246,7
Hugli,712247,2
Hugli,712248,20
Hugli,712249,2
Hugli,712250,7
Hugli,712258,16
Hugli,712301,7
Hugli,712302,4
Hugli,712303,2
Hugli,712305,4
Hugli,712306,2
Hugli,712310,2
Hugli,712311,23
Hugli,712402,5
Hugli,712403,4
Hugli,712405,2
Hugli,712407,2
Hugli,712408,62
Hugli,712409,9
Hugli,712410,21
Hugli,712411,4
Hugli,712413,25
Hugli,712414,2
Hugli,712415,4
Hugli,712417,4
Hugli,712418,2
Hugli,712419,2
Hugli,712424,2
Hugli,712501,2
Hugli,712502,9
Hugli,712514,2
Hugli,712601,43
Hugli,712612,2
Hugli,712613,5
Hugli,712614,2
Hugli,712616,12
Hugli,712701,7
Hugli,712702,2
Hugli,712705,2
Hugli,712706,2
Hugli,712707,4
Hyderabad,500001,14051
Hyderabad,500002,15783
Hyderabad,500003,17764
Hyderabad,500004,9378
Hyderabad,500005,21043
Hyderabad,500006,20300
Hyderabad,500007,3888
Hyderabad,500008,33686
Hyderabad,500009,5757
Hyderabad,500010,11773
Hyderabad,500011,11679
Hyderabad,500012,12235
Hyderabad,500013,26991
Hyderabad,500014,43
Hyderabad,500015,8666
Hyderabad,500016,6777
Hyderabad,500017,10052
Hyderabad,500018,8224
Hyderabad,500020,20941
Hyderabad,500021,5
Hyderabad,500023,20432
Hyderabad,500024,10228
Hyderabad,500025,1670
Hyderabad,500026,8054
Hyderabad,500027,7983
Hyderabad,500028,23493
Hyderabad,500029,7368
Hyderabad,500031,287
Hyderabad,500033,2855
Hyderabad,500034,8788
Hyderabad,500036,16043
Hyderabad,500037,522
Hyderabad,500038,4075
Hyderabad,500040,8190
Hyderabad,500041,23
Hyderabad,500042,2406
Hyderabad,500043,36
Hyderabad,500044,8578
Hyderabad,500045,12987
Hyderabad,500047,192
Hyderabad,500049,7684
Hyderabad,500050,2903
Hyderabad,500053,37303
Hyderabad,500054,6809
Hyderabad,500055,1083
Hyderabad,500056,7600
Hyderabad,500057,1953
Hyderabad,500058,3428
Hyderabad,500059,22181
Hyderabad,500060,5
Hyderabad,500061,15145
Hyderabad,500062,11508
Hyderabad,500063,77
Hyderabad,500064,23235
Hyderabad,500065,6581
Hyderabad,500066,2
Hyderabad,500067,7559
Hyderabad,500069,71
Hyderabad,500071,14
Hyderabad,500072,13172
Hyderabad,500073,2181
Hyderabad,500078,230
Hyderabad,500080,6951
Hyderabad,500081,538
Hyderabad,500082,3906
Hyderabad,500085,1994
Hyderabad,500087,378
Hyderabad,500088,53
Hyderabad,500090,2
Hyderabad,500091,834
Hyderabad,500093,5
Hyderabad,500094,4257
Hyderabad,500095,763
Hyderabad,500096,2005
Hyderabad,500103,14
Hyderabad,500110,5
Idukki,685501,2185
Idukki,685503,684
Idukki,685505,1593
Idukki,685507,873
Idukki,685508,896
Idukki,685509,3316
Idukki,685511,1486
Idukki,685512,601
Idukki,685514,2138
Idukki,685515,4366
Idukki,685531,1470
Idukki,685532,1044
Idukki,685533,4474
Idukki,685535,898
Idukki,685536,14
Idukki,685551,3241
Idukki,685552,2799
Idukki,685553,2755
Idukki,685554,513
Idukki,685561,4239
Idukki,685562,360
Idukki,685563,928
Idukki,685564,37
Idukki,685565,3995
Idukki,685566,1206
Idukki,685571,1174
Idukki,685581,1826
Idukki,685582,1461
Idukki,685583,978
Idukki,685584,918
Idukki,685585,2024
Idukki,685586,1055
Idukki,685587,772
Idukki,685588,2675
Idukki,685589,371
Idukki,685590,893
Idukki,685591,249
Idukki,685595,1486
Idukki,685601,61
Idukki,685602,2518
Idukki,685603,27
Idukki,685604,2085
Idukki,685605,1941
Idukki,685606,1990
Idukki,685607,2208
Idukki,685608,2153
Idukki,685609,9
Idukki,685612,2660
Idukki,685613,175
Idukki,685614,89
Idukki,685615,668
Idukki,685616,150
Idukki,685618,747
Idukki,685619,2311
Idukki,685620,3011
Idukki,686513,168
Idukki,686514,447
Imphal East,795001,20
Imphal East,795002,6251
Imphal East,795003,4660
Imphal East,795005,22819
Imphal East,795008,18022
Imphal East,795009,2
Imphal East,795010,22062
Imphal East,795114,10879
Imphal East,795115,1602
Imphal East,795116,5226
Imphal East,795130,4029
Imphal East,795138,802
Imphal East,795142,11
Imphal East,795149,9236
Imphal East,795150,2
Imphal West,795001,26164
Imphal West,795002,2778
Imphal West,795003,9458
Imphal West,795004,8115
Imphal West,795008,4323
Imphal West,795009,10677
Imphal West,795106,2
Imphal West,795113,12577
Imphal West,795122,7
Imphal West,795130,2495
Imphal West,795132,11422
Imphal West,795134,4031
Imphal West,795136,5528
Imphal West,795140,3657
Imphal West,795146,8019
Indore,452001,47825
Indore,452002,31813
Indore,452003,10880
Indore,452005,12652
Indore,452006,10937
Indore,452007,11688
Indore,452009,20986
Indore,452010,39463
Indore,452011,9781
Indore,452012,9722
Indore,452013,1180
Indore,452014,2415
Indore,452015,17639
Indore,452016,32670
Indore,452018,4106
Indore,452020,15888
Indore,453001,14145
Indore,453111,9601
Indore,453112,4948
Indore,453115,12199
Indore,453220,5307
Indore,453331,8416
Indore,453332,627
Indore,453441,25608
Indore,453446,194
Indore,453551,13188
Indore,453552,2
Indore,453555,636
Indore,453556,9
Indore,453661,9141
Indore,453771,10353
Indore,454773,900
Jabalpur,482001,67822
Jabalpur,482002,23548
Jabalpur,482003,26139
Jabalpur,482004,13051
Jabalpur,482005,14038
Jabalpur,482007,2063
Jabalpur,482008,6210
Jabalpur,482009,5050
Jabalpur,482010,675
Jabalpur,482011,2210
Jabalpur,482020,1935
Jabalpur,482021,6390
Jabalpur,482051,7185
Jabalpur,482056,2276
Jabalpur,483001,9157
Jabalpur,483053,773
Jabalpur,483105,5257
Jabalpur,483110,10667
Jabalpur,483113,11053
Jabalpur,483119,15526
Jabalpur,483220,12238
Jabalpur,483222,7718
Jabalpur,483225,14391
Jabalpur,483332,21
Jabalpur,483334,6381
Jabalpur,483336,10921
Jabalpur,483442,16
Jabalpur,483501,14
Jabalpur,483880,2
Jagatsinghapur,754102,3535
Jagatsinghapur,754103,7644
Jagatsinghapur,754104,3853
Jagatsinghapur,754106,4036
Jagatsinghapur,754107,2297
Jagatsinghapur,754108,4619
Jagatsinghapur,754109,1944
Jagatsinghapur,754110,4389
Jagatsinghapur,754111,2288
Jagatsinghapur,754113,3915
Jagatsinghapur,754114,2700
Jagatsinghapur,754119,5217
Jagatsinghapur,754120,702
Jagatsinghapur,754130,542
Jagatsinghapur,754132,4528
Jagatsinghapur,754133,2010
Jagatsinghapur,754134,73
Jagatsinghapur,754135,2739
Jagatsinghapur,754136,2272
Jagatsinghapur,754137,2511
Jagatsinghapur,754138,3268
Jagatsinghapur,754139,2568
Jagatsinghapur,754140,3628
Jagatsinghapur,754141,9804
Jagatsinghapur,754142,1021
Jagatsinghapur,754143,23
Jagatsinghapur,754145,25
Jagatsinghapur,754159,367
Jagatsinghapur,754160,1538
Jagatsinghapur,754162,608
Jagatsinghapur,754294,1586
Jagatsinghpur,752119,9
Jagatsinghpur,754100,43
Jagatsinghpur,754102,843
Jagatsinghpur,754103,1399
Jagatsinghpur,754104,761
Jagatsinghpur,754106,973
Jagatsinghpur,754107,380
Jagatsinghpur,754108,1115
Jagatsinghpur,754109,257
Jagatsinghpur,754110,1766
Jagatsinghpur,754111,561
Jagatsinghpur,754113,344
Jagatsinghpur,754114,857
Jagatsinghpur,754119,1233
Jagatsinghpur,754120,139
Jagatsinghpur,754130,78
Jagatsinghpur,754132,543
Jagatsinghpur,754133,274
Jagatsinghpur,754134,5
Jagatsinghpur,754135,593
Jagatsinghpur,754136,315
Jagatsinghpur,754137,392
Jagatsinghpur,754138,987
Jagatsinghpur,754139,1189
Jagatsinghpur,754140,1358
Jagatsinghpur,754141,4489
Jagatsinghpur,754142,164
Jagatsinghpur,754145,23
Jagatsinghpur,754155,2
Jagatsinghpur,754159,32
Jagatsinghpur,754160,312
Jagatsinghpur,754162,43
Jagatsinghpur,754294,69
Jagitial,504105,2
Jagitial,504106,52
Jagitial,504110,2
Jagitial,504293,2
Jagitial,504310,7
Jagitial,505306,519
Jagitial,505325,1734
Jagitial,505326,1814
Jagitial,505327,1971
Jagitial,505330,146
Jagitial,505331,880
Jagitial,505415,25
Jagitial,505416,89
Jagitial,505425,1010
Jagitial,505450,456
Jagitial,505452,1016
Jagitial,505453,862
Jagitial,505454,1303
Jagitial,505455,656
Jagitial,505460,1876
Jagitial,505462,511
Jagitial,505501,813
Jagitial,505526,1092
Jagitial,505529,978
Jagitial,505531,59
Jagitial,505532,1272
Jaintia Hills,793150,5
Jaintia Hills,793200,9
Jaipur,302001,10305
Jaipur,302002,21745
Jaipur,302003,18030
Jaipur,302004,11648
Jaipur,302005,688
Jaipur,302006,12509
Jaipur,302011,1140
Jaipur,302012,44960
Jaipur,302013,10328
Jaipur,302015,7785
Jaipur,302016,20588
Jaipur,302017,15015
Jaipur,302018,6021
Jaipur,302019,8576
Jaipur,302020,12525
Jaipur,302021,13348
Jaipur,302022,3542
Jaipur,302023,613
Jaipur,302024,431
Jaipur,302025,123
Jaipur,302026,5522
Jaipur,302027,9740
Jaipur,302028,12812
Jaipur,302029,18231
Jaipur,302031,12928
Jaipur,302032,1322
Jaipur,302033,8122
Jaipur,302034,4414
Jaipur,302035,2
Jaipur,302037,470
Jaipur,302039,12375
Jaipur,303001,6315
Jaipur,303002,4973
Jaipur,303003,5854
Jaipur,303004,1859
Jaipur,303005,6358
Jaipur,303006,3273
Jaipur,303007,7946
Jaipur,303008,9430
Jaipur,303009,4278
Jaipur,303012,9416
Jaipur,303102,5699
Jaipur,303103,15941
Jaipur,303104,7128
Jaipur,303105,7454
Jaipur,303106,8578
Jaipur,303107,5971
Jaipur,303108,14207
Jaipur,303109,9943
Jaipur,303110,5757
Jaipur,303119,6839
Jaipur,303120,9282
Jaipur,303121,233
Jaipur,303123,5
Jaipur,303301,11665
Jaipur,303302,4804
Jaipur,303305,6705
Jaipur,303328,10991
Jaipur,303329,2
Jaipur,303338,8190
Jaipur,303339,2
Jaipur,303348,4829
Jaipur,303501,2
Jaipur,303507,1057
Jaipur,303601,3601
Jaipur,303602,6271
Jaipur,303603,12917
Jaipur,303604,9211
Jaipur,303701,6267
Jaipur,303702,7169
Jaipur,303704,3487
Jaipur,303706,4036
Jaipur,303712,6600
Jaipur,303801,6415
Jaipur,303802,1213
Jaipur,303803,4825
Jaipur,303804,5656
Jaipur,303805,6809
Jaipur,303806,5127
Jaipur,303807,2926
Jaipur,303901,10038
Jaipur,303903,5205
Jaipur,303904,5096
Jaipur,303905,4792
Jaipur,303908,5652
Jaisalmer,342301,9
Jaisalmer,342302,4
Jaisalmer,342307,2
Jaisalmer,342310,654
Jaisalmer,342311,4
Jaisalmer,345001,28224
Jaisalmer,345021,9442
Jaisalmer,345022,2799
Jaisalmer,345023,3461
Jaisalmer,345024,2921
Jaisalmer,345025,10367
Jaisalmer,345026,4147
Jaisalmer,345027,7712
Jaisalmer,345028,3623
Jaisalmer,345031,3578
Jaisalmer,345033,2878
Jaisalmer,345034,323
Jajapur,754023,1338
Jajapur,754024,1812
Jajapur,754082,1408
Jajapur,754204,39
Jajapur,754205,1712
Jajapur,754207,9
Jajapur,754214,1151
Jajapur,754231,16
Jajapur,754250,308
Jajapur,754292,1885
Jajapur,754296,1228
Jajapur,755001,1600
Jajapur,755003,2963
Jajapur,755004,3329
Jajapur,755005,4212
Jajapur,755006,2766
Jajapur,755007,4849
Jajapur,755008,5606
Jajapur,755009,5472
Jajapur,755010,903
Jajapur,755011,4079
Jajapur,755012,1903
Jajapur,755013,2746
Jajapur,755014,3147
Jajapur,755015,1750
Jajapur,755016,2099
Jajapur,755017,2568
Jajapur,755018,5829
Jajapur,755019,6454
Jajapur,755020,424
Jajapur,755022,2243
Jajapur,755023,5308
Jajapur,755024,1848
Jajapur,755025,2584
Jajapur,755026,7584
Jajapur,755027,2694
Jajapur,755028,2210
Jajapur,755031,80
Jajapur,755032,16
Jajapur,755033,45
Jajapur,755036,1757
Jajapur,755037,25
Jajapur,755039,27
Jajapur,755043,3295
Jajapur,755044,1572
Jajapur,755045,2
Jajapur,755046,43
Jajapur,755047,23
Jajapur,755049,1295
Jajapur,755050,367
Jajapur,755061,4
Jajapur,756121,2
Jajapur,756122,2
Jajapur,758025,486
Jajpur,754023,638
Jajpur,754024,861
Jajpur,754082,611
Jajpur,754204,14
Jajpur,754205,1570
Jajpur,754214,854
Jajpur,754223,2
Jajpur,754231,2
Jajpur,754245,2
Jajpur,754250,333
Jajpur,754292,1841
Jajpur,754296,1144
Jajpur,755001,795
Jajpur,755003,1791
Jajpur,755004,2436
Jajpur,755005,3143
Jajpur,755006,1515
Jajpur,755007,3165
Jajpur,755008,3740
Jajpur,755009,3671
Jajpur,755010,624
Jajpur,755011,2612
Jajpur,755012,1397
Jajpur,755013,1573
Jajpur,755014,1732
Jajpur,755015,1509
Jajpur,755016,1329
Jajpur,755017,1864
Jajpur,755018,2671
Jajpur,755019,4186
Jajpur,755020,100
Jajpur,755022,1575
Jajpur,755023,3047
Jajpur,755024,941
Jajpur,755025,1593
Jajpur,755026,2990
Jajpur,755027,1693
Jajpur,755028,814
Jajpur,755036,804
Jajpur,755043,2317
Jajpur,755044,859
Jajpur,755049,1124
Jajpur,755050,241
Jajpur,755062,4
Jajpur,758025,289
Jalandhar,144001,17780
Jalandhar,144002,14489
Jalandhar,144003,13427
Jalandhar,144004,12890
Jalandhar,144005,6591
Jalandhar,144006,952
Jalandhar,144007,1832
Jalandhar,144008,9284
Jalandhar,144009,6299
Jalandhar,144010,549
Jalandhar,144011,64
Jalandhar,144012,4134
Jalandhar,144013,2885
Jalandhar,144014,682
Jalandhar,144020,2653
Jalandhar,144021,5323
Jalandhar,144022,6265
Jalandhar,144023,3209
Jalandhar,144024,2783
Jalandhar,144025,4426
Jalandhar,144026,4670
Jalandhar,144027,330
Jalandhar,144028,510
Jalandhar,144029,451
Jalandhar,144030,435
Jalandhar,144031,1479
Jalandhar,144032,526
Jalandhar,144033,2735
Jalandhar,144034,1803
Jalandhar,144035,1463
Jalandhar,144036,2539
Jalandhar,144037,1743
Jalandhar,144039,7277
Jalandhar,144040,6898
Jalandhar,144041,5620
Jalandhar,144042,1657
Jalandhar,144043,1481
Jalandhar,144044,980
Jalandhar,144101,2696
Jalandhar,144102,6606
Jalandhar,144103,782
Jalandhar,144104,401
Jalandhar,144106,1843
Jalandhar,144201,7484
Jalandhar,144301,3004
Jalandhar,144302,1254
Jalandhar,144303,1944
Jalandhar,144311,745
Jalandhar,144402,786
Jalandhar,144403,2
Jalandhar,144409,6622
Jalandhar,144410,10946
Jalandhar,144416,2115
Jalandhar,144418,3362
Jalandhar,144419,1996
Jalandhar,144501,39
Jalandhar,144502,1568
Jalandhar,144601,221
Jalandhar,144622,889
Jalandhar,144623,1992
Jalandhar,144625,841
Jalandhar,144626,5
Jalandhar,144628,53
Jalandhar,144629,5823
Jalandhar,144630,3320
Jalandhar,144632,1238
Jalandhar,144633,754
Jalandhar,144701,3320
Jalandhar,144702,7333
Jalandhar,144703,2381
Jalandhar,144801,6611
Jalandhar,144803,978
Jalandhar,144805,816
Jalandhar,144806,1846
Jalaun,284122,2
Jalaun,284203,2
Jalaun,284204,29
Jalaun,284306,490
Jalaun,284403,5
Jalaun,285001,26422
Jalaun,285121,6925
Jalaun,285122,3213
Jalaun,285123,17851
Jalaun,285124,4022
Jalaun,285125,5848
Jalaun,285126,3521
Jalaun,285127,4756
Jalaun,285128,2080
Jalaun,285129,3703
Jalaun,285130,5752
Jalaun,285201,6242
Jalaun,285202,6884
Jalaun,285203,9015
Jalaun,285204,7352
Jalaun,285205,13708
Jalaun,285206,2669
Jalaun,285223,2587
Jalgaon,424101,41788
Jalgaon,424102,5089
Jalgaon,424103,8653
Jalgaon,424104,7078
Jalgaon,424105,17333
Jalgaon,424106,13311
Jalgaon,424107,2689
Jalgaon,424108,8913
Jalgaon,424116,7206
Jalgaon,424201,27604
Jalgaon,424202,9017
Jalgaon,424203,5909
Jalgaon,424204,9157
Jalgaon,424205,9045
Jalgaon,424206,27930
Jalgaon,424207,9268
Jalgaon,424209,7222
Jalgaon,425001,52243
Jalgaon,425002,25619
Jalgaon,425003,8393
Jalgaon,425101,2033
Jalgaon,425102,1805
Jalgaon,425103,14564
Jalgaon,425104,5802
Jalgaon,425105,15836
Jalgaon,425106,2
Jalgaon,425107,36802
Jalgaon,425108,5497
Jalgaon,425109,18577
Jalgaon,425110,11059
Jalgaon,425111,32495
Jalgaon,425112,834
Jalgaon,425113,5298
Jalgaon,425114,10191
Jalgaon,425115,4886
Jalgaon,425116,3872
Jalgaon,425121,9
Jalgaon,425127,10107
Jalgaon,425201,23235
Jalgaon,425203,2049
Jalgaon,425301,17290
Jalgaon,425302,15294
Jalgaon,425303,12707
Jalgaon,425304,5020
Jalgaon,425305,9129
Jalgaon,425306,24938
Jalgaon,425307,3831
Jalgaon,425308,1695
Jalgaon,425309,5832
Jalgaon,425310,18659
Jalgaon,425311,5843
Jalgaon,425318,2
Jalgaon,425327,5
Jalgaon,425401,40125
Jalgaon,425402,2612
Jalgaon,425420,2865
Jalgaon,425434,5
Jalgaon,425501,2382
Jalgaon,425502,7486
Jalgaon,425503,12276
Jalgaon,425504,9113
Jalgaon,425505,2568
Jalgaon,425506,2732
Jalgaon,425507,5702
Jalgaon,425508,24908
Jalgaon,425524,2311
Jalna,431007,604
Jalna,431111,5
Jalna,431112,2739
Jalna,431113,2
Jalna,431114,27226
Jalna,431121,4633
Jalna,431132,6508
Jalna,431134,1146
Jalna,431135,3507
Jalna,431137,476
Jalna,431202,20389
Jalna,431203,61528
Jalna,431204,29751
Jalna,431205,5572
Jalna,431206,16240
Jalna,431207,10519
Jalna,431208,10795
Jalna,431209,16437
Jalna,431211,14991
Jalna,431212,7589
Jalna,431213,40892
Jalna,431501,25218
Jalna,431502,3626
Jalna,431503,1035
Jalna,431504,22905
Jalna,431506,453
Jalna,431507,8386
Jalna,431512,192
Jalor,307029,16141
Jalor,307030,8293
Jalor,307515,4385
Jalor,307803,3929
Jalor,343001,12561
Jalor,343002,5
Jalor,343021,3154
Jalor,343022,7969
Jalor,343023,2894
Jalor,343024,2422
Jalor,343025,6622
Jalor,343027,5643
Jalor,343028,1383
Jalor,343029,19193
Jalor,343030,8886
Jalor,343032,8626
Jalor,343039,1620
Jalor,343040,20029
Jalor,343041,31832
Jalor,343042,6689
Jalor,343048,1859
Jalor,343049,3676
Jalore,307803,4
Jalore,343001,4
Jalore,343022,2
Jalore,343024,2
Jalore,343025,7
Jalore,343027,4
Jalore,343032,4
Jalore,343040,2
Jalore,343041,5
Jalore,343042,2
Jalore,343049,2
Jalpaiguri,734001,3910
Jalpaiguri,734004,1449
Jalpaiguri,734005,1051
Jalpaiguri,734006,3771
Jalpaiguri,734007,2046
Jalpaiguri,734008,1483
Jalpaiguri,734015,1750
Jalpaiguri,734401,2
Jalpaiguri,734501,1614
Jalpaiguri,735101,4927
Jalpaiguri,735102,2024
Jalpaiguri,735121,5373
Jalpaiguri,735122,2411
Jalpaiguri,735132,3642
Jalpaiguri,735133,4624
Jalpaiguri,735134,2256
Jalpaiguri,735135,5952
Jalpaiguri,735136,212
Jalpaiguri,735137,150
Jalpaiguri,735138,429
Jalpaiguri,735139,196
Jalpaiguri,735140,344
Jalpaiguri,735201,55
Jalpaiguri,735202,3368
Jalpaiguri,735203,1269
Jalpaiguri,735204,4136
Jalpaiguri,735205,1055
Jalpaiguri,735206,1876
Jalpaiguri,735207,980
Jalpaiguri,735208,704
Jalpaiguri,735209,741
Jalpaiguri,735210,8149
Jalpaiguri,735211,3849
Jalpaiguri,735212,1679
Jalpaiguri,735213,1427
Jalpaiguri,735214,1299
Jalpaiguri,735215,1256
Jalpaiguri,735216,1112
Jalpaiguri,735217,2464
Jalpaiguri,735218,3421
Jalpaiguri,735219,1860
Jalpaiguri,735220,1862
Jalpaiguri,735221,2505
Jalpaiguri,735222,1641
Jalpaiguri,735223,2211
Jalpaiguri,735224,6472
Jalpaiguri,735225,3026
Jalpaiguri,735226,205
Jalpaiguri,735227,472
Jalpaiguri,735228,1083
Jalpaiguri,735229,725
Jalpaiguri,735230,2147
Jalpaiguri,735232,9
Jalpaiguri,735233,1584
Jalpaiguri,735234,155
Jalpaiguri,735235,226
Jalpaiguri,735237,12
Jalpaiguri,735238,7
Jalpaiguri,735302,1418
Jalpaiguri,735305,1928
Jalpaiguri,735306,226
Jalpaiguri,735307,23
Jalpaiguri,736121,5934
Jalpaiguri,736122,1390
Jalpaiguri,736123,2450
Jalpaiguri,736165,5
Jalpaiguri,736182,2063
Jalpaiguri,736201,1404
Jalpaiguri,736202,2723
Jalpaiguri,736203,966
Jalpaiguri,736204,3175
Jalpaiguri,736205,381
Jalpaiguri,736206,2276
Jalpaiguri,736207,887
Jalpaiguri,736208,1789
Jammu,180001,7955
Jammu,180002,8181
Jammu,180003,7290
Jammu,180004,4444
Jammu,180005,3229
Jammu,180006,2003
Jammu,180007,3277
Jammu,180010,5210
Jammu,180011,2211
Jammu,180012,16
Jammu,180013,2472
Jammu,180015,2015
Jammu,180016,870
Jammu,180017,2812
Jammu,180019,255
Jammu,180020,1424
Jammu,181101,7894
Jammu,181102,11536
Jammu,181111,4897
Jammu,181121,1826
Jammu,181122,8072
Jammu,181123,2773
Jammu,181124,66
Jammu,181131,6914
Jammu,181132,12089
Jammu,181133,1522
Jammu,181141,1673
Jammu,181143,442
Jammu,181145,192
Jammu,181152,1050
Jammu,181201,11297
Jammu,181202,4441
Jammu,181203,6360
Jammu,181204,3480
Jammu,181205,3040
Jammu,181206,10066
Jammu,181207,1454
Jammu,181221,10631
Jammu,181224,4120
Jammu,184120,1301
Jammu,184121,2423
Jammu,185153,542
Jammu,185154,2290
Jamnagar,360035,5
Jamnagar,360110,884
Jamnagar,360480,540
Jamnagar,360490,86
Jamnagar,360510,2657
Jamnagar,360515,2377
Jamnagar,360520,2513
Jamnagar,360530,4084
Jamnagar,360531,2119
Jamnagar,360540,1263
Jamnagar,360579,20
Jamnagar,360590,36
Jamnagar,361001,12657
Jamnagar,361002,4797
Jamnagar,361003,39
Jamnagar,361004,4827
Jamnagar,361005,10900
Jamnagar,361006,12351
Jamnagar,361007,3653
Jamnagar,361008,6399
Jamnagar,361009,2999
Jamnagar,361010,1577
Jamnagar,361011,606
Jamnagar,361012,4428
Jamnagar,361013,1479
Jamnagar,361110,1955
Jamnagar,361120,4218
Jamnagar,361130,2343
Jamnagar,361140,3578
Jamnagar,361141,21
Jamnagar,361142,519
Jamnagar,361150,4
Jamnagar,361160,5438
Jamnagar,361162,2472
Jamnagar,361170,5241
Jamnagar,361210,5807
Jamnagar,361220,2161
Jamnagar,361230,463
Jamnagar,361240,601
Jamnagar,361250,1561
Jamnagar,361280,3838
Jamnagar,361305,4378
Jamnagar,361306,1632
Jamnagar,361310,1130
Jamnagar,361315,3616
Jamnagar,361320,1759
Jamnagar,361325,1329
Jamnagar,361330,339
Jamnagar,361335,3678
Jamnagar,361345,944
Jamnagar,361347,1244
Jamnagar,361350,374
Jamnagar,363655,581
Jamtara,814158,2
Jamtara,814166,4683
Jamtara,815351,18509
Jamtara,815352,22655
Jamtara,815353,2
Jamtara,815354,4323
Jamtara,815355,10271
Jamtara,815359,10193
Jamui,811213,7
Jamui,811301,9982
Jamui,811303,13949
Jamui,811305,14735
Jamui,811307,21396
Jamui,811308,23664
Jamui,811310,66
Jamui,811311,1199
Jamui,811312,12816
Jamui,811313,6053
Jamui,811314,16624
Jamui,811315,9767
Jamui,811316,5394
Jamui,811317,10747
Jangaon,506143,4
Jangaon,506222,125
Jangaon,506244,36
Jangaon,506252,171
Jangaon,506302,39
Jangaon,506316,62
Jangaon,506317,62
Jangoan,506143,1472
Jangoan,506144,404
Jangoan,506145,1128
Jangoan,506167,2803
Jangoan,506201,470
Jangoan,506221,1636
Jangoan,506222,668
Jangoan,506223,139
Jangoan,506224,440
Jangoan,506244,134
Jangoan,506252,187
Jangoan,506301,535
Jangoan,506302,1153
Jangoan,506303,841
Jangoan,506313,82
Jangoan,506316,506
Jangoan,506317,78
Jangoan,506318,100
Jangoan,506367,194
Janjgir - Champa,495554,9
Janjgir - Champa,495556,9
Janjgir - Champa,495557,4
Janjgir - Champa,495559,5
Janjgir - Champa,495660,2
Janjgir - Champa,495661,2
Janjgir - Champa,495663,2
Janjgir - Champa,495668,303
Janjgir - Champa,495671,7
Janjgir - Champa,495687,7
Janjgir - Champa,495689,4
Janjgir - Champa,495690,2
Janjgir - Champa,495695,2
Janjgir Champa,495552,16
Janjgir Champa,495553,20
Janjgir Champa,495554,46
Janjgir Champa,495556,11
Janjgir Champa,495557,11
Janjgir Champa,495559,9
Janjgir Champa,495660,5
Janjgir Champa,495661,20
Janjgir Champa,495663,36
Janjgir Champa,495668,53
Janjgir Champa,495671,4
Janjgir Champa,495687,5
Janjgir Champa,495688,69
Janjgir Champa,495689,11
Janjgir Champa,495690,11
Janjgir Champa,495691,9
Janjgir Champa,495692,4
Janjgir Champa,495695,4
Janjgir-Champa,495001,23
Janjgir-Champa,495224,4
Janjgir-Champa,495446,2381
Janjgir-Champa,495549,5
Janjgir-Champa,495552,27399
Janjgir-Champa,495553,10608
Janjgir-Champa,495554,23359
Janjgir-Champa,495556,19040
Janjgir-Champa,495557,12005
Janjgir-Champa,495559,11011
Janjgir-Champa,495660,9797
Janjgir-Champa,495661,15282
Janjgir-Champa,495663,6370
Janjgir-Champa,495668,43062
Janjgir-Champa,495671,13384
Janjgir-Champa,495682,5
Janjgir-Champa,495683,2
Janjgir-Champa,495687,21529
Janjgir-Champa,495688,12751
Janjgir-Champa,495689,32461
Janjgir-Champa,495690,21116
Janjgir-Champa,495691,16834
Janjgir-Champa,495692,12199
Janjgir-Champa,495695,11285
Jashpur,496113,862
Jashpur,496118,11472
Jashpur,496220,15412
Jashpur,496223,10816
Jashpur,496224,12046
Jashpur,496225,9352
Jashpur,496227,6135
Jashpur,496242,3808
Jashpur,496245,6556
Jashpur,496330,8833
Jashpur,496331,12138
Jashpur,496334,11155
Jashpur,496336,17589
Jashpur,496338,6752
Jashpur,496661,9
Jashpur,497118,2
Jaunpur,222001,32419
Jaunpur,222002,5066
Jaunpur,222003,52
Jaunpur,222101,1092
Jaunpur,222102,337
Jaunpur,222103,61
Jaunpur,222105,4588
Jaunpur,222107,1326
Jaunpur,222108,1242
Jaunpur,222109,7668
Jaunpur,222110,20
Jaunpur,222111,1034
Jaunpur,222112,756
Jaunpur,222113,1737
Jaunpur,222125,15358
Jaunpur,222127,3300
Jaunpur,222128,3485
Jaunpur,222129,8623
Jaunpur,222131,4583
Jaunpur,222132,5250
Jaunpur,222133,5622
Jaunpur,222135,3525
Jaunpur,222136,12509
Jaunpur,222137,5469
Jaunpur,222138,3086
Jaunpur,222139,14487
Jaunpur,222141,6848
Jaunpur,222142,11713
Jaunpur,222143,13589
Jaunpur,222144,4713
Jaunpur,222145,6775
Jaunpur,222146,3945
Jaunpur,222148,3452
Jaunpur,222149,3808
Jaunpur,222161,16388
Jaunpur,222162,8601
Jaunpur,222165,6926
Jaunpur,222170,6419
Jaunpur,222175,5588
Jaunpur,222180,7746
Jaunpur,222181,3951
Jaunpur,222201,7163
Jaunpur,222202,12858
Jaunpur,222203,11946
Jaunpur,222204,4293
Jaunpur,223101,9804
Jaunpur,223102,5397
Jaunpur,223103,8240
Jaunpur,223104,8976
Jaunpur,223105,2632
Jaunpur,223106,433
Jaunpur,223107,1333
Jaunpur,229410,2
Jaunpur,230125,2
Jaunpur,230201,2
Jayashankar Bhupalpally,501141,36
Jayashankar Bhupalpally,501158,9
Jayashankar Bhupalpally,505184,128
Jayashankar Bhupalpally,505503,2006
Jayashankar Bhupalpally,505504,285
Jayashankar Bhupalpally,506164,130
Jayashankar Bhupalpally,506168,870
Jayashankar Bhupalpally,506169,1928
Jayashankar Bhupalpally,506344,2
Jayashankar Bhupalpally,506345,342
Jayashankar Bhupalpally,506348,829
Jayashankar Bhupalpally,506349,4
Jayashankar Bhupalpally,506356,1130
Jayashankar Bhupalpally,506366,442
Jehanabad,804403,691
Jehanabad,804405,3920
Jehanabad,804406,2258
Jehanabad,804407,3931
Jehanabad,804408,9475
Jehanabad,804417,5399
Jehanabad,804418,4783
Jehanabad,804419,2
Jehanabad,804420,3120
Jehanabad,804421,820
Jehanabad,804422,6312
Jehanabad,804423,1830
Jehanabad,804424,2201
Jehanabad,804425,5412
Jehanabad,804427,3945
Jehanabad,804429,4022
Jehanabad,804432,5627
Jehanabad,804433,166
Jehanabad,804434,1082
Jehanabad,804452,301
Jehanabad,804454,1212
Jehanabad,824233,191
Jhabua,457001,12
Jhabua,457114,2
Jhabua,457118,11
Jhabua,457222,9
Jhabua,457550,12
Jhabua,457661,50147
Jhabua,457770,12744
Jhabua,457772,5900
Jhabua,457773,7178
Jhabua,457775,14605
Jhabua,457777,25364
Jhabua,457779,26296
Jhabua,457882,112
Jhabua,457885,18
Jhabua,457887,2
Jhabua,457888,5
Jhabua,457893,21
Jhabua,457990,241
Jhabua,457993,15424
Jhajjar,124021,114
Jhajjar,124102,3268
Jhajjar,124103,13584
Jhajjar,124104,3090
Jhajjar,124105,4569
Jhajjar,124106,7352
Jhajjar,124107,3872
Jhajjar,124108,4843
Jhajjar,124109,5508
Jhajjar,124142,2370
Jhajjar,124146,5201
Jhajjar,124201,4275
Jhajjar,124202,3706
Jhajjar,124404,397
Jhajjar,124406,2
Jhajjar,124412,1215
Jhajjar,124501,3459
Jhajjar,124504,1629
Jhajjar,124505,3102
Jhajjar,124506,1340
Jhajjar,124507,28030
Jhalawar,325003,2
Jhalawar,326001,11871
Jhalawar,326021,3594
Jhalawar,326022,7040
Jhalawar,326023,13949
Jhalawar,326033,11885
Jhalawar,326034,6272
Jhalawar,326035,4150
Jhalawar,326036,6574
Jhalawar,326037,15734
Jhalawar,326038,10964
Jhalawar,326039,9706
Jhalawar,326501,2635
Jhalawar,326502,5830
Jhalawar,326512,6196
Jhalawar,326513,8648
Jhalawar,326514,7256
Jhalawar,326515,6729
Jhalawar,326516,3717
Jhansi,284001,8110
Jhansi,284002,17092
Jhansi,284003,17803
Jhansi,284120,4918
Jhansi,284121,7195
Jhansi,284123,5
Jhansi,284127,1201
Jhansi,284128,2627
Jhansi,284135,4376
Jhansi,284201,5581
Jhansi,284202,16976
Jhansi,284203,4897
Jhansi,284204,38055
Jhansi,284205,20797
Jhansi,284206,5221
Jhansi,284301,6770
Jhansi,284302,2853
Jhansi,284303,12021
Jhansi,284304,4211
Jhansi,284305,369
Jhansi,284306,3507
Jhansi,284401,7757
Jhansi,284402,2
Jhansi,284405,2
Jhansi,284419,6607
Jhansi,285125,11
Jhansi,285205,581
Jhansi,285223,41
Jhargram,721101,2
Jhargram,721102,64
Jhargram,721121,23
Jhargram,721124,14
Jhargram,721125,900
Jhargram,721126,29
Jhargram,721127,12
Jhargram,721128,9
Jhargram,721129,43
Jhargram,721131,2
Jhargram,721133,9
Jhargram,721135,283
Jhargram,721136,59
Jhargram,721141,12
Jhargram,721143,194
Jhargram,721146,2
Jhargram,721147,62
Jhargram,721149,30
Jhargram,721150,18
Jhargram,721156,25
Jhargram,721159,331
Jhargram,721160,30
Jhargram,721201,34
Jhargram,721211,11
Jhargram,721212,2
Jhargram,721232,7
Jhargram,721242,2
Jhargram,721253,4
Jhargram,721254,16
Jhargram,721260,7
Jhargram,721301,30
Jhargram,721305,27
Jhargram,721422,27
Jhargram,721426,18
Jhargram,721429,5
Jhargram,721437,5
Jhargram,721448,11
Jhargram,721452,9
Jhargram,721501,130
Jhargram,721502,36
Jhargram,721503,196
Jhargram,721504,324
Jhargram,721505,262
Jhargram,721506,941
Jhargram,721507,1276
Jhargram,721513,413
Jhargram,721514,30
Jhargram,721515,66
Jhargram,721516,306
Jhargram,721517,731
Jhargram,721518,20
Jhargram,722134,30
Jhargram,722140,4
Jhargram,722148,2
Jhargram,722150,2
Jhargram,722162,2
Jharsuguda,768052,2
Jharsuguda,768112,2
Jharsuguda,768200,14
Jharsuguda,768201,4498
Jharsuguda,768202,5656
Jharsuguda,768203,1228
Jharsuguda,768204,1577
Jharsuguda,768211,3291
Jharsuguda,768212,121
Jharsuguda,768213,3826
Jharsuguda,768214,296
Jharsuguda,768215,1212
Jharsuguda,768216,5941
Jharsuguda,768217,3901
Jharsuguda,768218,1511
Jharsuguda,768219,1903
Jharsuguda,768220,2653
Jharsuguda,768221,1251
Jharsuguda,768222,12
Jharsuguda,768224,11
Jharsuguda,768225,1258
Jharsuguda,768226,3507
Jharsuguda,768228,2
Jharsuguda,768233,558
Jharsuguda,768234,1844
Jhunjhunu,331025,2
Jhunjhunu,331026,4
Jhunjhunu,331027,7
Jhunjhunu,331028,14
Jhunjhunu,332716,7
Jhunjhunu,332746,5
Jhunjhunu,333001,100
Jhunjhunu,333011,7
Jhunjhunu,333012,20
Jhunjhunu,333021,37
Jhunjhunu,333022,9
Jhunjhunu,333023,114
Jhunjhunu,333024,57
Jhunjhunu,333025,208
Jhunjhunu,333026,1568
Jhunjhunu,333027,119
Jhunjhunu,333028,37
Jhunjhunu,333029,112
Jhunjhunu,333030,23
Jhunjhunu,333031,203
Jhunjhunu,333032,14
Jhunjhunu,333033,18
Jhunjhunu,333034,18
Jhunjhunu,333035,226
Jhunjhunu,333036,23
Jhunjhunu,333041,32
Jhunjhunu,333042,132
Jhunjhunu,333053,7
Jhunjhunu,333303,2
Jhunjhunu,333304,36
Jhunjhunu,333305,12
Jhunjhunu,333307,23
Jhunjhunu,333308,4
Jhunjhunu,333501,9
Jhunjhunu,333502,53
Jhunjhunu,333503,21
Jhunjhunu,333504,29
Jhunjhunu,333514,20
Jhunjhunu,333515,5
Jhunjhunu,333516,18
Jhunjhunu,333701,14
Jhunjhunu,333704,39
Jhunjhunu,333705,18
Jhunjhunu,333707,23
Jhunjhunu,333801,7
Jhunjhunun,331025,1957
Jhunjhunun,331026,2899
Jhunjhunun,331027,6468
Jhunjhunun,331028,3569
Jhunjhunun,331030,643
Jhunjhunun,332716,1554
Jhunjhunun,332746,716
Jhunjhunun,333001,18723
Jhunjhunun,333011,2014
Jhunjhunun,333012,3019
Jhunjhunun,333021,4305
Jhunjhunun,333022,4198
Jhunjhunun,333023,5406
Jhunjhunun,333024,3423
Jhunjhunun,333025,3368
Jhunjhunun,333026,11755
Jhunjhunun,333027,1864
Jhunjhunun,333028,3224
Jhunjhunun,333029,5349
Jhunjhunun,333030,1734
Jhunjhunun,333031,7498
Jhunjhunun,333032,1632
Jhunjhunun,333033,3975
Jhunjhunun,333034,2145
Jhunjhunun,333035,1957
Jhunjhunun,333036,3810
Jhunjhunun,333041,3373
Jhunjhunun,333042,11385
Jhunjhunun,333053,5672
Jhunjhunun,333302,2570
Jhunjhunun,333303,3106
Jhunjhunun,333304,2737
Jhunjhunun,333305,2831
Jhunjhunun,333307,5708
Jhunjhunun,333308,2156
Jhunjhunun,333310,36
Jhunjhunun,333501,3466
Jhunjhunun,333502,3779
Jhunjhunun,333503,6189
Jhunjhunun,333504,3569
Jhunjhunun,333514,3366
Jhunjhunun,333515,3931
Jhunjhunun,333516,5969
Jhunjhunun,333701,1212
Jhunjhunun,333702,1153
Jhunjhunun,333704,5471
Jhunjhunun,333705,4385
Jhunjhunun,333707,3074
Jhunjhunun,333801,4368
Jind,126101,8060
Jind,126102,36613
Jind,126110,3195
Jind,126111,4555
Jind,126112,22794
Jind,126113,7627
Jind,126114,8680
Jind,126115,15357
Jind,126116,38374
Jind,126125,9592
Jind,126152,7787
Jiribam,795115,494
Jiribam,795116,3010
Jodhpur,342001,49580
Jodhpur,342003,5143
Jodhpur,342005,8851
Jodhpur,342006,8088
Jodhpur,342007,3681
Jodhpur,342008,11331
Jodhpur,342011,2308
Jodhpur,342012,1213
Jodhpur,342013,2598
Jodhpur,342014,7
Jodhpur,342015,465
Jodhpur,342021,16
Jodhpur,342022,11800
Jodhpur,342023,10788
Jodhpur,342024,9075
Jodhpur,342025,16224
Jodhpur,342026,1463
Jodhpur,342027,18470
Jodhpur,342028,4100
Jodhpur,342037,11139
Jodhpur,342301,20831
Jodhpur,342302,8844
Jodhpur,342303,14646
Jodhpur,342304,5490
Jodhpur,342305,5955
Jodhpur,342306,20007
Jodhpur,342307,6878
Jodhpur,342308,10740
Jodhpur,342309,7409
Jodhpur,342310,146
Jodhpur,342311,14206
Jodhpur,342312,13452
Jodhpur,342314,6310
Jodhpur,342601,18063
Jodhpur,342602,8092
Jodhpur,342603,8389
Jodhpur,342604,2368
Jodhpur,342605,7566
Jodhpur,342606,11169
Jodhpur,342801,3929
Jodhpur,342802,6973
Jodhpur,342901,6574
Jodhpur,345021,4729
Jodhpur,345023,1194
Jogulamba Gadwal,509125,5789
Jogulamba Gadwal,509126,2676
Jogulamba Gadwal,509127,1408
Jogulamba Gadwal,509128,2951
Jogulamba Gadwal,509129,1716
Jogulamba Gadwal,509132,1990
Jogulamba Gadwal,509133,7
Jogulamba Gadwal,509135,1262
Jogulamba Gadwal,509152,715
Jogulamba Gadwal,509153,1675
Jorhat,785001,2842
Jorhat,785002,4
Jorhat,785004,371
Jorhat,785005,50
Jorhat,785006,1385
Jorhat,785007,248
Jorhat,785008,834
Jorhat,785009,171
Jorhat,785010,1169
Jorhat,785013,21
Jorhat,785014,175
Jorhat,785015,378
Jorhat,785101,934
Jorhat,785102,16
Jorhat,785104,613
Jorhat,785105,572
Jorhat,785106,52
Jorhat,785107,1075
Jorhat,785108,1114
Jorhat,785110,135
Jorhat,785111,78
Jorhat,785112,2340
Jorhat,785614,11
Jorhat,785616,1356
Jorhat,785625,4
Jorhat,785630,3031
Jorhat,785631,1773
Jorhat,785632,462
Jorhat,785633,1078
Jorhat,785634,2277
Jorhat,785635,1709
Jorhat,785636,404
Jorhat,785666,2
Jorhat,785680,21
Jorhat,785682,602
Jorhat,785683,633
Jorhat,785700,328
Jorhat,785703,700
Jorhat,785704,43
Junagadh,360490,29
Junagadh,362001,23568
Junagadh,362002,2753
Junagadh,362004,66
Junagadh,362011,1358
Junagadh,362015,2953
Junagadh,362020,3683
Junagadh,362030,2240
Junagadh,362037,2988
Junagadh,362110,1914
Junagadh,362120,1885
Junagadh,362130,6440
Junagadh,362135,527
Junagadh,362140,510
Junagadh,362150,3726
Junagadh,362205,1782
Junagadh,362215,2076
Junagadh,362220,8655
Junagadh,362222,1326
Junagadh,362225,10745
Junagadh,362226,754
Junagadh,362227,1294
Junagadh,362229,1112
Junagadh,362230,347
Junagadh,362235,1953
Junagadh,362240,3787
Junagadh,362245,7436
Junagadh,362250,4959
Junagadh,362255,4588
Junagadh,362260,4011
Junagadh,362263,3359
Junagadh,362265,6344
Junagadh,362266,2037
Junagadh,362268,7570
Junagadh,362269,184
Junagadh,362275,3336
Junagadh,362310,960
Junagadh,362315,410
Junagadh,362510,3685
Junagadh,362530,2906
Junagadh,362550,2520
Junagadh,362560,8954
Junagadh,362565,1395
Junagadh,362610,4262
Junagadh,362620,3794
Junagadh,362625,1552
Junagadh,362630,5132
Junagadh,362640,1101
Junagadh,362650,29
Junagadh,362710,1875
Junagadh,362715,16
Junagadh,362720,9532
Junagadh,362725,2178
Junagadh,365440,312
Junagadh,365640,34
Junagadh,365645,16
Jyotiba Phule Nagar,244102,59
Jyotiba Phule Nagar,244221,52
Jyotiba Phule Nagar,244222,143
Jyotiba Phule Nagar,244231,2
Jyotiba Phule Nagar,244235,4
Jyotiba Phule Nagar,244236,52
Jyotiba Phule Nagar,244241,4
Jyotiba Phule Nagar,244501,2
K.V. Rangareddy,500005,12219
K.V. Rangareddy,500008,356
K.V. Rangareddy,500014,2279
K.V. Rangareddy,500015,32
K.V. Rangareddy,500018,11171
K.V. Rangareddy,500019,6317
K.V. Rangareddy,500030,3731
K.V. Rangareddy,500032,3500
K.V. Rangareddy,500033,4
K.V. Rangareddy,500035,12286
K.V. Rangareddy,500037,6942
K.V. Rangareddy,500039,6796
K.V. Rangareddy,500043,2345
K.V. Rangareddy,500046,821
K.V. Rangareddy,500047,7710
K.V. Rangareddy,500048,10620
K.V. Rangareddy,500049,8510
K.V. Rangareddy,500050,4018
K.V. Rangareddy,500051,331
K.V. Rangareddy,500052,10055
K.V. Rangareddy,500055,10522
K.V. Rangareddy,500058,5323
K.V. Rangareddy,500060,5683
K.V. Rangareddy,500067,1007
K.V. Rangareddy,500068,8094
K.V. Rangareddy,500070,8744
K.V. Rangareddy,500074,7090
K.V. Rangareddy,500075,5649
K.V. Rangareddy,500076,6288
K.V. Rangareddy,500077,3790
K.V. Rangareddy,500078,6301
K.V. Rangareddy,500079,9842
K.V. Rangareddy,500081,1670
K.V. Rangareddy,500083,3375
K.V. Rangareddy,500084,5830
K.V. Rangareddy,500085,725
K.V. Rangareddy,500086,3614
K.V. Rangareddy,500087,3831
K.V. Rangareddy,500088,2188
K.V. Rangareddy,500089,7187
K.V. Rangareddy,500090,4337
K.V. Rangareddy,500091,2112
K.V. Rangareddy,500092,4913
K.V. Rangareddy,500097,7060
K.V. Rangareddy,500098,2261
K.V. Rangareddy,500102,125
K.V. Rangareddy,500104,438
K.V. Rangareddy,500107,30
K.V. Rangareddy,500112,45
K.V. Rangareddy,500113,4
K.V. Rangareddy,501101,11358
K.V. Rangareddy,501106,9881
K.V. Rangareddy,501111,2046
K.V. Rangareddy,501121,3559
K.V. Rangareddy,501141,7926
K.V. Rangareddy,501142,5624
K.V. Rangareddy,501143,6729
K.V. Rangareddy,501144,4760
K.V. Rangareddy,501158,1759
K.V. Rangareddy,501202,7967
K.V. Rangareddy,501203,5415
K.V. Rangareddy,501218,6410
K.V. Rangareddy,501301,9298
K.V. Rangareddy,501359,5123
K.V. Rangareddy,501401,4868
K.V. Rangareddy,501501,11885
K.V. Rangareddy,501502,7538
K.V. Rangareddy,501503,5832
K.V. Rangareddy,501504,4016
K.V. Rangareddy,501505,8097
K.V. Rangareddy,501506,6524
K.V. Rangareddy,501508,8213
K.V. Rangareddy,501509,7055
K.V. Rangareddy,501510,6989
K.V. Rangareddy,501511,1570
K.V. Rangareddy,501512,976
K.V. Rangareddy,502210,75
K.V. Rangareddy,502321,18
K.V. Rangareddy,502345,185
K.V. Rangareddy,509202,1110
K.V. Rangareddy,509207,1941
K.V. Rangareddy,509216,5504
K.V. Rangareddy,509217,3295
K.V. Rangareddy,509228,1862
K.V. Rangareddy,509320,146
K.V. Rangareddy,509321,2733
K.V. Rangareddy,509324,12
K.V. Rangareddy,509325,5431
K.V. Rangareddy,509327,1290
K.V. Rangareddy,509334,12
K.V. Rangareddy,509335,6704
K.V. Rangareddy,509337,2455
K.V. Rangareddy,509339,1584
K.V. Rangareddy,509340,3444
K.V. Rangareddy,509357,595
K.V. Rangareddy,509358,1165
K.V. Rangareddy,509360,89
K.V. Rangareddy,509371,583
K.V. Rangareddy,509408,2083
K.V. Rangareddy,509410,1816
K.V.Rangareddy,500005,2
K.V.Rangareddy,500008,34
K.V.Rangareddy,500014,18
K.V.Rangareddy,500018,23
K.V.Rangareddy,500019,2
K.V.Rangareddy,500030,32
K.V.Rangareddy,500035,2
K.V.Rangareddy,500043,2
K.V.Rangareddy,500046,7
K.V.Rangareddy,500047,11
K.V.Rangareddy,500048,16
K.V.Rangareddy,500052,4
K.V.Rangareddy,500055,21
K.V.Rangareddy,500058,2
K.V.Rangareddy,500068,9
K.V.Rangareddy,500070,11
K.V.Rangareddy,500075,18
K.V.Rangareddy,500076,12
K.V.Rangareddy,500078,7
K.V.Rangareddy,500079,7
K.V.Rangareddy,500083,14
K.V.Rangareddy,500084,5
K.V.Rangareddy,500086,7
K.V.Rangareddy,500087,2
K.V.Rangareddy,500088,7
K.V.Rangareddy,500089,5
K.V.Rangareddy,500090,91
K.V.Rangareddy,500092,14
K.V.Rangareddy,500097,2
K.V.Rangareddy,500098,5
K.V.Rangareddy,501101,59
K.V.Rangareddy,501106,16
K.V.Rangareddy,501111,2
K.V.Rangareddy,501121,9
K.V.Rangareddy,501142,9
K.V.Rangareddy,501143,11
K.V.Rangareddy,501144,11
K.V.Rangareddy,501158,7
K.V.Rangareddy,501202,143
K.V.Rangareddy,501203,7
K.V.Rangareddy,501218,68
K.V.Rangareddy,501301,16
K.V.Rangareddy,501359,4
K.V.Rangareddy,501401,30
K.V.Rangareddy,501501,135
K.V.Rangareddy,501502,55
K.V.Rangareddy,501503,46
K.V.Rangareddy,501506,52
K.V.Rangareddy,501508,27
K.V.Rangareddy,501509,96
K.V.Rangareddy,501510,9
K.V.Rangareddy,509217,4
K.V.Rangareddy,509325,7
K.V.Rangareddy,509335,141
K.V.Rangareddy,509337,2
K.V.Rangareddy,509339,2
K.V.Rangareddy,509340,18
K.V.Rangareddy,509371,2
Kabeerdham,491336,15927
Kabeerdham,491559,12153
Kabeerdham,491888,166
Kabeerdham,491995,29696
Kabeerdham,493554,2
Kachchh,370001,26904
Kachchh,370015,62
Kachchh,370020,8717
Kachchh,370030,4877
Kachchh,370040,3149
Kachchh,370105,6689
Kachchh,370110,14501
Kachchh,370130,2356
Kachchh,370135,1743
Kachchh,370140,9202
Kachchh,370145,4699
Kachchh,370150,4091
Kachchh,370155,7744
Kachchh,370160,1648
Kachchh,370165,13375
Kachchh,370201,13682
Kachchh,370203,55
Kachchh,370205,8833
Kachchh,370210,618
Kachchh,370230,55
Kachchh,370240,4720
Kachchh,370405,1921
Kachchh,370410,2712
Kachchh,370415,1233
Kachchh,370421,3833
Kachchh,370425,709
Kachchh,370427,1356
Kachchh,370430,2126
Kachchh,370435,2459
Kachchh,370445,3190
Kachchh,370450,1864
Kachchh,370455,1390
Kachchh,370460,1123
Kachchh,370465,8199
Kachchh,370475,1454
Kachchh,370485,1784
Kachchh,370490,2219
Kachchh,370510,11971
Kachchh,370511,535
Kachchh,370601,791
Kachchh,370602,34
Kachchh,370605,3496
Kachchh,370610,1064
Kachchh,370615,2454
Kachchh,370620,1598
Kachchh,370625,2987
Kachchh,370627,3017
Kachchh,370630,485
Kachchh,370640,1009
Kachchh,370645,2607
Kachchh,370650,1773
Kachchh,370655,5098
Kachchh,370660,1158
Kachchh,370665,2138
Kachchh,370670,1187
Kachchh,370675,2197
Kaimur (Bhabua),802132,11711
Kaimur (Bhabua),802212,2
Kaimur (Bhabua),802213,2
Kaimur (Bhabua),802215,2
Kaimur (Bhabua),802218,4
Kaimur (Bhabua),821101,17766
Kaimur (Bhabua),821102,12593
Kaimur (Bhabua),821103,9597
Kaimur (Bhabua),821104,4906
Kaimur (Bhabua),821105,14184
Kaimur (Bhabua),821106,20097
Kaimur (Bhabua),821107,2
Kaimur (Bhabua),821108,15615
Kaimur (Bhabua),821109,23183
Kaimur (Bhabua),821110,9521
Kaimur (Bhabua),821112,68
Kaimur (Bhabua),821113,4
Kaimur (Bhabua),821304,12
Kaimur (Bhabua),821310,2
Kaimur (Bhabua),821312,2
Kaithal,136020,4417
Kaithal,136021,7402
Kaithal,136026,8835
Kaithal,136027,50388
Kaithal,136033,8106
Kaithal,136034,12313
Kaithal,136035,5950
Kaithal,136042,7411
Kaithal,136043,11572
Kaithal,136044,6420
Kaithal,136117,19626
Kakching,795101,542
Kakching,795103,3076
Kakching,795132,4
Kakching,795135,27
Kakinada,533001,1306
Kakinada,533002,779
Kakinada,533003,793
Kakinada,533004,274
Kakinada,533005,2065
Kakinada,533006,971
Kakinada,533016,529
Kakinada,533260,155
Kakinada,533262,141
Kakinada,533263,48
Kakinada,533297,171
Kakinada,533344,756
Kakinada,533401,1272
Kakinada,533406,376
Kakinada,533407,365
Kakinada,533408,118
Kakinada,533428,7
Kakinada,533429,403
Kakinada,533430,105
Kakinada,533431,372
Kakinada,533432,21
Kakinada,533433,89
Kakinada,533434,444
Kakinada,533435,1627
Kakinada,533437,1342
Kakinada,533440,478
Kakinada,533444,32
Kakinada,533445,462
Kakinada,533446,604
Kakinada,533447,116
Kakinada,533448,542
Kakinada,533449,633
Kakinada,533450,916
Kakinada,533461,257
Kakinada,533462,312
Kakinada,533463,419
Kakinada,533464,226
Kakinada,533468,1320
Kalaburagi,585101,9100
Kalaburagi,585102,13842
Kalaburagi,585103,15521
Kalaburagi,585104,25776
Kalaburagi,585105,5871
Kalaburagi,585106,1497
Kalaburagi,585201,5
Kalaburagi,585202,7
Kalaburagi,585210,871
Kalaburagi,585211,6178
Kalaburagi,585212,3207
Kalaburagi,585213,4389
Kalaburagi,585214,1491
Kalaburagi,585216,2
Kalaburagi,585217,4626
Kalaburagi,585218,3719
Kalaburagi,585220,43
Kalaburagi,585221,37
Kalaburagi,585222,10111
Kalaburagi,585223,86
Kalaburagi,585225,7878
Kalaburagi,585228,9940
Kalaburagi,585229,187
Kalaburagi,585236,4287
Kalaburagi,585265,4567
Kalaburagi,585287,45
Kalaburagi,585290,4
Kalaburagi,585292,909
Kalaburagi,585301,9507
Kalaburagi,585302,12680
Kalaburagi,585303,2443
Kalaburagi,585304,12
Kalaburagi,585305,3036
Kalaburagi,585306,4466
Kalaburagi,585307,2017
Kalaburagi,585308,4316
Kalaburagi,585309,312
Kalaburagi,585310,15474
Kalaburagi,585311,5011
Kalaburagi,585312,5057
Kalaburagi,585313,6415
Kalaburagi,585314,3473
Kalaburagi,585315,7
Kalaburagi,585316,5994
Kalaburagi,585317,3603
Kalaburagi,585318,5636
Kalaburagi,585319,7
Kalaburagi,585320,2828
Kalaburagi,585321,7
Kalaburagi,585322,3395
Kalaburagi,585323,5
Kalaburagi,585324,3548
Kalaburagi,585325,6402
Kalaburagi,585355,4
Kalahandi,766001,6935
Kalahandi,766002,17550
Kalahandi,766011,8651
Kalahandi,766012,6716
Kalahandi,766013,6313
Kalahandi,766014,13537
Kalahandi,766015,10684
Kalahandi,766016,1242
Kalahandi,766017,5649
Kalahandi,766018,10276
Kalahandi,766019,6958
Kalahandi,766020,4845
Kalahandi,766023,7245
Kalahandi,766026,2186
Kalahandi,766027,4100
Kalahandi,766028,2395
Kalahandi,766029,8197
Kalahandi,766031,2783
Kalahandi,766032,75
Kalahandi,766036,8293
Kalahandi,766037,6461
Kalahandi,766100,5057
Kalahandi,766101,4882
Kalahandi,766102,9118
Kalahandi,766103,5062
Kalahandi,766104,14
Kalahandi,766107,2
Kalahandi,766110,3913
Kalahandi,766118,4
Kalimpong,734008,7
Kalimpong,734301,868
Kalimpong,734311,71
Kalimpong,734312,14
Kalimpong,734314,86
Kalimpong,734315,48
Kalimpong,734316,43
Kalimpong,734317,20
Kalimpong,734319,30
Kalimpong,734320,2
Kalimpong,734321,2
Kalimpong,734502,4
Kalimpong,734503,29
Kalimpong,735206,20
Kalimpong,735222,2
Kalimpong,735223,7
Kalimpong,735231,36
Kalimpong,737133,2
Kallakurichi,605102,2
Kallakurichi,605103,2
Kallakurichi,605201,2
Kallakurichi,605202,5
Kallakurichi,605203,2
Kallakurichi,605401,2
Kallakurichi,605402,4
Kallakurichi,605502,2
Kallakurichi,605701,7
Kallakurichi,605702,41
Kallakurichi,605751,175
Kallakurichi,605754,110
Kallakurichi,605755,12
Kallakurichi,605756,9
Kallakurichi,605757,241
Kallakurichi,605758,9
Kallakurichi,605759,18
Kallakurichi,605766,266
Kallakurichi,605801,37
Kallakurichi,605802,16
Kallakurichi,605803,39
Kallakurichi,606102,66
Kallakurichi,606104,29
Kallakurichi,606107,323
Kallakurichi,606115,14
Kallakurichi,606201,1176
Kallakurichi,606202,1075
Kallakurichi,606203,593
Kallakurichi,606204,540
Kallakurichi,606205,299
Kallakurichi,606206,813
Kallakurichi,606207,574
Kallakurichi,606208,43
Kallakurichi,606209,435
Kallakurichi,606213,319
Kallakurichi,606301,378
Kallakurichi,606305,367
Kallakurichi,606401,137
Kallakurichi,606402,41
Kallakurichi,607101,9
Kallakurichi,607107,5
Kallakurichi,607201,45
Kallakurichi,607202,78
Kallakurichi,607203,20
Kallakurichi,607204,200
Kallakurichi,607209,7
Kallakurichi,607805,2
Kamareddy,502371,25
Kamareddy,503101,1215
Kamareddy,503102,399
Kamareddy,503108,105
Kamareddy,503110,1679
Kamareddy,503111,5977
Kamareddy,503114,838
Kamareddy,503120,702
Kamareddy,503122,955
Kamareddy,503123,805
Kamareddy,503124,1233
Kamareddy,503125,704
Kamareddy,503144,2217
Kamareddy,503145,1565
Kamareddy,503185,2
Kamareddy,503187,2165
Kamareddy,503206,2
Kamareddy,503301,679
Kamareddy,503302,360
Kamareddy,503305,1479
Kamareddy,503306,772
Kamareddy,503309,1315
Kamareddy,503310,1174
Kamareddy,503321,786
Kamareddy,504292,5
Kamareddy,504293,2
Kamle,791130,255
Kamrup,781001,14
Kamrup,781003,18
Kamrup,781004,5
Kamrup,781006,37
Kamrup,781007,23
Kamrup,781008,32
Kamrup,781009,45
Kamrup,781010,2
Kamrup,781011,16
Kamrup,781012,16
Kamrup,781013,18
Kamrup,781014,59
Kamrup,781015,21
Kamrup,781016,14
Kamrup,781017,449
Kamrup,781018,912
Kamrup,781019,11
Kamrup,781020,9
Kamrup,781021,14
Kamrup,781022,12
Kamrup,781023,2
Kamrup,781024,7
Kamrup,781025,9
Kamrup,781026,5
Kamrup,781028,32
Kamrup,781029,12
Kamrup,781030,836
Kamrup,781031,800
Kamrup,781032,467
Kamrup,781034,16
Kamrup,781035,7
Kamrup,781036,4
Kamrup,781037,12
Kamrup,781038,7
Kamrup,781039,43
Kamrup,781101,1548
Kamrup,781102,7081
Kamrup,781103,2507
Kamrup,781104,1980
Kamrup,781120,340
Kamrup,781121,1887
Kamrup,781122,1344
Kamrup,781123,3129
Kamrup,781124,1397
Kamrup,781125,1046
Kamrup,781127,5989
Kamrup,781128,315
Kamrup,781129,404
Kamrup,781131,109
Kamrup,781132,526
Kamrup,781134,428
Kamrup,781135,1632
Kamrup,781136,11171
Kamrup,781137,5387
Kamrup,781141,2591
Kamrup,781171,23
Kamrup,781350,1117
Kamrup,781354,6734
Kamrup,781364,1810
Kamrup,781365,684
Kamrup,781366,3603
Kamrup,781376,1577
Kamrup,781380,2710
Kamrup,781381,3206
Kamrup,781382,807
Kamrup Metro,781001,1604
Kamrup Metro,781003,1035
Kamrup Metro,781004,184
Kamrup Metro,781005,1272
Kamrup Metro,781006,919
Kamrup Metro,781007,1016
Kamrup Metro,781008,766
Kamrup Metro,781009,1119
Kamrup Metro,781010,80
Kamrup Metro,781011,1570
Kamrup Metro,781012,2044
Kamrup Metro,781013,9
Kamrup Metro,781014,223
Kamrup Metro,781015,531
Kamrup Metro,781016,1292
Kamrup Metro,781017,848
Kamrup Metro,781018,43
Kamrup Metro,781019,1025
Kamrup Metro,781020,1850
Kamrup Metro,781021,1438
Kamrup Metro,781022,969
Kamrup Metro,781023,684
Kamrup Metro,781024,524
Kamrup Metro,781025,2276
Kamrup Metro,781026,1891
Kamrup Metro,781027,294
Kamrup Metro,781028,1037
Kamrup Metro,781029,1475
Kamrup Metro,781033,185
Kamrup Metro,781034,1263
Kamrup Metro,781035,772
Kamrup Metro,781036,902
Kamrup Metro,781037,838
Kamrup Metro,781038,966
Kamrup Metro,781040,964
Kamrup Metro,781150,2325
Kamrup Metro,781171,773
Kamrup Metro,782401,1659
Kamrup Metro,782402,5595
Kamrup Metro,782403,3421
Kamrup Metro,782411,7
Kancheepuram,600016,5009
Kancheepuram,600027,175
Kancheepuram,600041,3943
Kancheepuram,600043,7094
Kancheepuram,600044,13247
Kancheepuram,600045,7846
Kancheepuram,600046,25
Kancheepuram,600047,1083
Kancheepuram,600048,11467
Kancheepuram,600056,1670
Kancheepuram,600059,5180
Kancheepuram,600061,5118
Kancheepuram,600063,8641
Kancheepuram,600064,4024
Kancheepuram,600069,9774
Kancheepuram,600070,4318
Kancheepuram,600073,9681
Kancheepuram,600074,2520
Kancheepuram,600075,4770
Kancheepuram,600088,6272
Kancheepuram,600089,706
Kancheepuram,600091,8683
Kancheepuram,600096,5123
Kancheepuram,600097,6554
Kancheepuram,600100,13587
Kancheepuram,600114,2270
Kancheepuram,600115,4817
Kancheepuram,600116,1123
Kancheepuram,600117,9638
Kancheepuram,600119,4225
Kancheepuram,600122,12641
Kancheepuram,600123,684
Kancheepuram,600125,4179
Kancheepuram,600126,8862
Kancheepuram,600127,2174
Kancheepuram,600128,1078
Kancheepuram,600129,200
Kancheepuram,600130,447
Kancheepuram,600131,369
Kancheepuram,600132,93
Kancheepuram,601102,7
Kancheepuram,601301,8414
Kancheepuram,602002,62
Kancheepuram,602105,5606
Kancheepuram,602106,2464
Kancheepuram,602108,1021
Kancheepuram,602109,782
Kancheepuram,602117,164
Kancheepuram,603001,2621
Kancheepuram,603002,7352
Kancheepuram,603101,1712
Kancheepuram,603102,6379
Kancheepuram,603103,6748
Kancheepuram,603104,3254
Kancheepuram,603105,3277
Kancheepuram,603106,1675
Kancheepuram,603107,3587
Kancheepuram,603108,4025
Kancheepuram,603109,7513
Kancheepuram,603110,4173
Kancheepuram,603111,2725
Kancheepuram,603112,4002
Kancheepuram,603127,595
Kancheepuram,603201,1508
Kancheepuram,603202,10946
Kancheepuram,603203,4685
Kancheepuram,603204,5994
Kancheepuram,603209,2202
Kancheepuram,603210,3551
Kancheepuram,603211,640
Kancheepuram,603301,3765
Kancheepuram,603302,3047
Kancheepuram,603303,1800
Kancheepuram,603304,2687
Kancheepuram,603305,2643
Kancheepuram,603306,4658
Kancheepuram,603307,1679
Kancheepuram,603308,2516
Kancheepuram,603309,1761
Kancheepuram,603310,2466
Kancheepuram,603311,813
Kancheepuram,603312,3420
Kancheepuram,603313,2104
Kancheepuram,603314,1092
Kancheepuram,603319,1303
Kancheepuram,603401,3281
Kancheepuram,603402,1417
Kancheepuram,603403,1267
Kancheepuram,603404,212
Kancheepuram,603405,1916
Kancheepuram,603406,4510
Kancheepuram,604406,37
Kancheepuram,604408,2
Kancheepuram,631202,7
Kancheepuram,631205,29
Kancheepuram,631501,16476
Kancheepuram,631502,20596
Kancheepuram,631551,3949
Kancheepuram,631552,1951
Kancheepuram,631553,2261
Kancheepuram,631561,3441
Kancheepuram,631601,3901
Kancheepuram,631603,1926
Kancheepuram,631604,2495
Kancheepuram,631605,2906
Kancheepuram,631606,1502
Kanchipuram,600073,5
Kanchipuram,600088,2
Kanchipuram,600091,4
Kanchipuram,600116,2
Kanchipuram,603109,2
Kanchipuram,631501,2
Kandhamal,761108,46
Kandhamal,761125,5
Kandhamal,761151,114
Kandhamal,762001,3085
Kandhamal,762002,7495
Kandhamal,762010,3731
Kandhamal,762011,7438
Kandhamal,762012,2938
Kandhamal,762019,1814
Kandhamal,762020,2
Kandhamal,762021,6982
Kandhamal,762022,985
Kandhamal,762023,27
Kandhamal,762024,128
Kandhamal,762027,1228
Kandhamal,762028,4154
Kandhamal,762029,3090
Kandhamal,762100,4163
Kandhamal,762101,6745
Kandhamal,762102,4002
Kandhamal,762103,9626
Kandhamal,762104,11745
Kandhamal,762105,7224
Kandhamal,762106,3313
Kandhamal,762107,7340
Kandhamal,762109,3093
Kandhamal,762110,4408
Kandhamal,762112,1887
Kangra,175013,4
Kangra,176001,7274
Kangra,176021,1930
Kangra,176022,2398
Kangra,176023,4560
Kangra,176025,1855
Kangra,176026,839
Kangra,176027,1964
Kangra,176028,1148
Kangra,176029,2666
Kangra,176030,873
Kangra,176031,2682
Kangra,176032,1126
Kangra,176033,928
Kangra,176036,2235
Kangra,176037,1089
Kangra,176038,1050
Kangra,176047,4841
Kangra,176051,2780
Kangra,176052,2776
Kangra,176053,1320
Kangra,176054,1645
Kangra,176055,130
Kangra,176056,3420
Kangra,176057,2498
Kangra,176058,1730
Kangra,176059,1814
Kangra,176060,583
Kangra,176061,7297
Kangra,176062,18
Kangra,176063,1294
Kangra,176064,1474
Kangra,176065,216
Kangra,176066,276
Kangra,176071,244
Kangra,176073,214
Kangra,176075,53
Kangra,176076,1121
Kangra,176077,1164
Kangra,176081,946
Kangra,176082,745
Kangra,176083,2042
Kangra,176084,846
Kangra,176085,1017
Kangra,176086,789
Kangra,176087,1037
Kangra,176088,1196
Kangra,176089,91
Kangra,176091,574
Kangra,176092,898
Kangra,176093,296
Kangra,176094,216
Kangra,176095,1080
Kangra,176096,1265
Kangra,176097,207
Kangra,176098,287
Kangra,176101,887
Kangra,176102,1034
Kangra,176103,1826
Kangra,176107,1016
Kangra,176115,1598
Kangra,176122,1654
Kangra,176125,4975
Kangra,176128,927
Kangra,176200,2325
Kangra,176201,4291
Kangra,176202,4152
Kangra,176203,782
Kangra,176204,2012
Kangra,176205,1429
Kangra,176206,4686
Kangra,176208,2258
Kangra,176209,3241
Kangra,176210,1422
Kangra,176211,1203
Kangra,176213,46
Kangra,176214,1151
Kangra,176215,3393
Kangra,176216,882
Kangra,176217,1513
Kangra,176218,743
Kangra,176219,606
Kangra,176225,1449
Kangra,176401,3537
Kangra,176402,1030
Kangra,176403,3781
Kangra,176501,691
Kangra,176502,118
Kangra,177034,611
Kangra,177043,1424
Kangra,177101,2283
Kangra,177103,1037
Kangra,177104,1037
Kangra,177105,1244
Kangra,177106,1014
Kangra,177107,659
Kangra,177108,1278
Kangra,177110,102
Kangra,177111,346
Kangra,177112,722
Kangra,177113,1388
Kangra,177114,670
Kangra,177117,688
Kannauj,209720,1016
Kannauj,209721,17119
Kannauj,209722,13651
Kannauj,209723,5351
Kannauj,209725,6672
Kannauj,209726,3719
Kannauj,209727,17016
Kannauj,209728,12632
Kannauj,209729,3783
Kannauj,209731,8047
Kannauj,209732,7750
Kannauj,209733,8395
Kannauj,209734,7153
Kannauj,209735,3594
Kannauj,209736,3934
Kannauj,209738,3614
Kannauj,209747,4236
Kanniyakumari,629001,6625
Kanniyakumari,629002,6677
Kanniyakumari,629003,2856
Kanniyakumari,629004,2431
Kanniyakumari,629101,993
Kanniyakumari,629102,30
Kanniyakumari,629151,2213
Kanniyakumari,629152,1721
Kanniyakumari,629153,2578
Kanniyakumari,629154,1091
Kanniyakumari,629155,408
Kanniyakumari,629156,650
Kanniyakumari,629157,2459
Kanniyakumari,629158,1581
Kanniyakumari,629159,1671
Kanniyakumari,629160,2921
Kanniyakumari,629161,5380
Kanniyakumari,629162,1445
Kanniyakumari,629163,2504
Kanniyakumari,629164,1363
Kanniyakumari,629165,2088
Kanniyakumari,629166,1750
Kanniyakumari,629167,1283
Kanniyakumari,629168,1650
Kanniyakumari,629169,748
Kanniyakumari,629170,702
Kanniyakumari,629171,1907
Kanniyakumari,629172,916
Kanniyakumari,629173,1632
Kanniyakumari,629174,1663
Kanniyakumari,629175,2197
Kanniyakumari,629176,1438
Kanniyakumari,629177,3259
Kanniyakumari,629178,1062
Kanniyakumari,629179,194
Kanniyakumari,629180,1356
Kanniyakumari,629187,2
Kanniyakumari,629189,5
Kanniyakumari,629193,1238
Kanniyakumari,629195,2
Kanniyakumari,629201,1707
Kanniyakumari,629202,770
Kanniyakumari,629203,1023
Kanniyakumari,629204,932
Kanniyakumari,629251,2894
Kanniyakumari,629252,3044
Kanniyakumari,629301,1757
Kanniyakumari,629302,1445
Kanniyakumari,629303,4
Kanniyakumari,629304,53
Kanniyakumari,629305,119
Kanniyakumari,629401,1796
Kanniyakumari,629402,939
Kanniyakumari,629403,740
Kanniyakumari,629501,4439
Kanniyakumari,629502,2292
Kanniyakumari,629601,1794
Kanniyakumari,629602,2987
Kanniyakumari,629701,1436
Kanniyakumari,629702,3715
Kanniyakumari,629703,1335
Kanniyakumari,629704,2455
Kanniyakumari,629801,1107
Kanniyakumari,629802,3480
Kanniyakumari,629803,442
Kanniyakumari,629804,1506
Kanniyakumari,629805,230
Kanniyakumari,629806,77
Kanniyakumari,629808,2
Kanniyakumari,629809,1237
Kanniyakumari,629810,401
Kanniyakumari,629851,2438
Kanniyakumari,629852,1246
Kanniyakumari,629901,1158
Kanniyakumari,629902,36
Kannur,670001,695
Kannur,670002,1203
Kannur,670003,3052
Kannur,670004,1570
Kannur,670005,2520
Kannur,670006,2448
Kannur,670007,1976
Kannur,670008,889
Kannur,670009,3708
Kannur,670010,1427
Kannur,670011,3273
Kannur,670012,1046
Kannur,670013,37
Kannur,670014,1454
Kannur,670017,62
Kannur,670018,1041
Kannur,670101,1306
Kannur,670102,2744
Kannur,670103,1279
Kannur,670104,838
Kannur,670105,1374
Kannur,670106,987
Kannur,670107,706
Kannur,670141,3719
Kannur,670142,5070
Kannur,670143,1976
Kannur,670301,3665
Kannur,670302,1454
Kannur,670303,1009
Kannur,670304,2076
Kannur,670305,1721
Kannur,670306,3717
Kannur,670307,7906
Kannur,670308,1488
Kannur,670309,1575
Kannur,670310,4
Kannur,670325,978
Kannur,670327,356
Kannur,670331,1871
Kannur,670334,1085
Kannur,670353,773
Kannur,670358,486
Kannur,670501,2258
Kannur,670502,1805
Kannur,670503,168
Kannur,670504,198
Kannur,670511,2817
Kannur,670521,1547
Kannur,670561,3375
Kannur,670562,1477
Kannur,670563,424
Kannur,670567,32
Kannur,670571,3972
Kannur,670581,3649
Kannur,670582,2222
Kannur,670591,2112
Kannur,670592,3359
Kannur,670593,2880
Kannur,670594,2903
Kannur,670595,1543
Kannur,670601,3550
Kannur,670602,2199
Kannur,670604,2418
Kannur,670611,1287
Kannur,670612,1755
Kannur,670613,2178
Kannur,670621,2705
Kannur,670622,2482
Kannur,670631,3979
Kannur,670632,1707
Kannur,670633,1552
Kannur,670641,1531
Kannur,670642,2529
Kannur,670643,5080
Kannur,670649,1010
Kannur,670650,3338
Kannur,670651,1203
Kannur,670661,1281
Kannur,670662,1825
Kannur,670663,1889
Kannur,670671,1636
Kannur,670672,3972
Kannur,670673,3247
Kannur,670674,1894
Kannur,670675,1857
Kannur,670676,1009
Kannur,670691,2513
Kannur,670692,4715
Kannur,670693,3026
Kannur,670694,1700
Kannur,670701,1734
Kannur,670702,8304
Kannur,670703,3954
Kannur,670704,3264
Kannur,670705,2117
Kannur,670706,3003
Kannur,670741,3651
Kannur,673311,809
Kannur,673312,78
Kannur,673313,554
Kannur,673316,921
Kanpur Dehat,208001,3926
Kanpur Dehat,209101,10921
Kanpur Dehat,209111,9626
Kanpur Dehat,209112,5634
Kanpur Dehat,209115,8721
Kanpur Dehat,209121,8646
Kanpur Dehat,209125,641
Kanpur Dehat,209202,1704
Kanpur Dehat,209204,4861
Kanpur Dehat,209205,16
Kanpur Dehat,209206,11
Kanpur Dehat,209208,3617
Kanpur Dehat,209209,2
Kanpur Dehat,209210,2
Kanpur Dehat,209301,7591
Kanpur Dehat,209302,12680
Kanpur Dehat,209303,11451
Kanpur Dehat,209304,23
Kanpur Dehat,209306,13183
Kanpur Dehat,209307,5465
Kanpur Dehat,209308,9
Kanpur Dehat,209310,8184
Kanpur Dehat,209311,2571
Kanpur Dehat,209312,4740
Kanpur Dehat,209715,10521
Kanpur Dehat,209801,5
Kanpur Dehat,241501,5
Kanpur Dehat,241504,4
Kanpur Nagar,208001,50566
Kanpur Nagar,208002,10308
Kanpur Nagar,208003,4537
Kanpur Nagar,208004,7176
Kanpur Nagar,208005,5326
Kanpur Nagar,208006,3416
Kanpur Nagar,208007,10355
Kanpur Nagar,208008,900
Kanpur Nagar,208009,510
Kanpur Nagar,208010,10239
Kanpur Nagar,208011,12294
Kanpur Nagar,208012,7388
Kanpur Nagar,208013,5162
Kanpur Nagar,208014,7675
Kanpur Nagar,208015,1661
Kanpur Nagar,208016,2359
Kanpur Nagar,208017,8493
Kanpur Nagar,208019,7666
Kanpur Nagar,208020,6948
Kanpur Nagar,208021,20057
Kanpur Nagar,208022,7661
Kanpur Nagar,208023,9524
Kanpur Nagar,208024,1299
Kanpur Nagar,208025,3696
Kanpur Nagar,208026,690
Kanpur Nagar,208027,12671
Kanpur Nagar,209115,11
Kanpur Nagar,209121,1098
Kanpur Nagar,209201,48
Kanpur Nagar,209202,18707
Kanpur Nagar,209203,4979
Kanpur Nagar,209204,2292
Kanpur Nagar,209205,4856
Kanpur Nagar,209206,18468
Kanpur Nagar,209208,1017
Kanpur Nagar,209209,4592
Kanpur Nagar,209210,7211
Kanpur Nagar,209214,8999
Kanpur Nagar,209217,6281
Kanpur Nagar,209302,2
Kanpur Nagar,209304,4923
Kanpur Nagar,209305,1673
Kanpur Nagar,209306,29
Kanpur Nagar,209307,55
Kanpur Nagar,209308,4286
Kanpur Nagar,209310,41
Kanpur Nagar,209311,317
Kanpur Nagar,209401,7648
Kanpur Nagar,209402,7201
Kanpur Nagar,209407,2
Kanyakumari,629001,2226
Kanyakumari,629002,2464
Kanyakumari,629003,1278
Kanyakumari,629004,1030
Kanyakumari,629101,283
Kanyakumari,629102,18
Kanyakumari,629151,1096
Kanyakumari,629152,916
Kanyakumari,629153,994
Kanyakumari,629154,462
Kanyakumari,629155,116
Kanyakumari,629156,214
Kanyakumari,629157,1281
Kanyakumari,629158,1055
Kanyakumari,629159,864
Kanyakumari,629160,1005
Kanyakumari,629161,2154
Kanyakumari,629162,748
Kanyakumari,629163,1358
Kanyakumari,629164,554
Kanyakumari,629165,1217
Kanyakumari,629166,1012
Kanyakumari,629167,608
Kanyakumari,629168,959
Kanyakumari,629169,249
Kanyakumari,629170,155
Kanyakumari,629171,1000
Kanyakumari,629172,435
Kanyakumari,629173,816
Kanyakumari,629174,784
Kanyakumari,629175,1107
Kanyakumari,629176,292
Kanyakumari,629177,2053
Kanyakumari,629178,317
Kanyakumari,629179,121
Kanyakumari,629180,527
Kanyakumari,629193,636
Kanyakumari,629201,666
Kanyakumari,629202,176
Kanyakumari,629203,483
Kanyakumari,629204,219
Kanyakumari,629251,1759
Kanyakumari,629252,1288
Kanyakumari,629301,809
Kanyakumari,629302,838
Kanyakumari,629305,23
Kanyakumari,629401,677
Kanyakumari,629402,285
Kanyakumari,629403,116
Kanyakumari,629501,1443
Kanyakumari,629502,645
Kanyakumari,629601,727
Kanyakumari,629602,1041
Kanyakumari,629701,538
Kanyakumari,629702,1522
Kanyakumari,629703,488
Kanyakumari,629704,700
Kanyakumari,629801,517
Kanyakumari,629802,1844
Kanyakumari,629803,146
Kanyakumari,629804,611
Kanyakumari,629805,30
Kanyakumari,629806,27
Kanyakumari,629809,595
Kanyakumari,629810,194
Kanyakumari,629851,966
Kanyakumari,629852,636
Kanyakumari,629901,593
Kapurthala,144041,2
Kapurthala,144401,19605
Kapurthala,144402,4296
Kapurthala,144403,2169
Kapurthala,144405,1352
Kapurthala,144407,1905
Kapurthala,144408,453
Kapurthala,144601,19788
Kapurthala,144602,647
Kapurthala,144606,1572
Kapurthala,144620,5816
Kapurthala,144621,2562
Kapurthala,144622,3965
Kapurthala,144623,706
Kapurthala,144624,2416
Kapurthala,144625,1222
Kapurthala,144626,7972
Kapurthala,144628,4131
Kapurthala,144629,859
Kapurthala,144631,1148
Kapurthala,144632,2507
Kapurthala,144701,2
Kapurthala,144802,3314
Kapurthala,144803,253
Kapurthala,144804,6299
Kapurthala,144806,2
Kapurthala,144819,1445
Karaikal,609601,2208
Karaikal,609602,8306
Karaikal,609603,1846
Karaikal,609604,2929
Karaikal,609605,2293
Karaikal,609606,2885
Karaikal,609607,3724
Karaikal,609609,4758
Karauli,321610,2067
Karauli,321611,11967
Karauli,322033,919
Karauli,322202,2158
Karauli,322203,3733
Karauli,322204,2153
Karauli,322212,1254
Karauli,322213,4360
Karauli,322215,3291
Karauli,322216,2723
Karauli,322218,6483
Karauli,322219,968
Karauli,322220,5779
Karauli,322230,21340
Karauli,322234,5977
Karauli,322236,7343
Karauli,322238,3596
Karauli,322241,16535
Karauli,322242,6043
Karauli,322243,8457
Karauli,322249,4453
Karauli,322251,6051
Karauli,322252,3899
Karauli,322254,5435
Karauli,322255,7301
Karbi Anglong,782001,2
Karbi Anglong,782002,5
Karbi Anglong,782104,4
Karbi Anglong,782121,2
Karbi Anglong,782122,4
Karbi Anglong,782124,5
Karbi Anglong,782135,396
Karbi Anglong,782136,818
Karbi Anglong,782138,4
Karbi Anglong,782139,595
Karbi Anglong,782140,5
Karbi Anglong,782410,3461
Karbi Anglong,782425,7
Karbi Anglong,782426,9
Karbi Anglong,782428,4
Karbi Anglong,782435,282
Karbi Anglong,782439,2
Karbi Anglong,782441,10802
Karbi Anglong,782442,2
Karbi Anglong,782446,1994
Karbi Anglong,782447,903
Karbi Anglong,782448,4020
Karbi Anglong,782450,3068
Karbi Anglong,782460,5107
Karbi Anglong,782461,2771
Karbi Anglong,782462,444
Karbi Anglong,782470,4081
Karbi Anglong,782480,13639
Karbi Anglong,782481,5627
Karbi Anglong,782482,6019
Karbi Anglong,782485,4113
Karbi Anglong,782486,1525
Karbi Anglong,782490,144
Kargil,194102,1304
Kargil,194103,2774
Kargil,194105,1953
Kargil,194109,1538
Kargil,194301,1761
Kargil,194302,1058
Kargil,194403,62
Karim Nagar,505001,1269
Karim Nagar,505101,5
Karim Nagar,505102,168
Karim Nagar,505122,5
Karim Nagar,505152,7
Karim Nagar,505153,9
Karim Nagar,505162,4
Karim Nagar,505172,27
Karim Nagar,505184,87
Karim Nagar,505185,14
Karim Nagar,505186,2
Karim Nagar,505187,7
Karim Nagar,505188,7
Karim Nagar,505208,53
Karim Nagar,505209,337
Karim Nagar,505210,11
Karim Nagar,505211,5
Karim Nagar,505212,9
Karim Nagar,505214,36
Karim Nagar,505215,27
Karim Nagar,505301,330
Karim Nagar,505302,32
Karim Nagar,505303,5
Karim Nagar,505304,11
Karim Nagar,505305,14
Karim Nagar,505307,7
Karim Nagar,505325,14
Karim Nagar,505326,69
Karim Nagar,505327,98
Karim Nagar,505330,2
Karim Nagar,505331,4
Karim Nagar,505401,4
Karim Nagar,505402,23
Karim Nagar,505403,2
Karim Nagar,505404,18
Karim Nagar,505405,14
Karim Nagar,505415,2
Karim Nagar,505416,4
Karim Nagar,505425,5
Karim Nagar,505445,2
Karim Nagar,505450,39
Karim Nagar,505451,4
Karim Nagar,505452,4
Karim Nagar,505453,5
Karim Nagar,505454,11
Karim Nagar,505455,5
Karim Nagar,505460,4
Karim Nagar,505462,2
Karim Nagar,505466,5
Karim Nagar,505467,43
Karim Nagar,505468,14
Karim Nagar,505469,11
Karim Nagar,505471,5
Karim Nagar,505472,5
Karim Nagar,505474,9
Karim Nagar,505476,2
Karim Nagar,505481,7
Karim Nagar,505497,7
Karim Nagar,505503,16
Karim Nagar,505504,23
Karim Nagar,505514,4
Karim Nagar,505524,9
Karim Nagar,505525,9
Karim Nagar,505526,7
Karim Nagar,505528,5
Karim Nagar,505529,7
Karim Nagar,505530,2
Karim Nagar,505531,5
Karim Nagar,505532,7
Karimganj,788030,2
Karimganj,788152,748
Karimganj,788156,1279
Karimganj,788166,1244
Karimganj,788701,5271
Karimganj,788709,2721
Karimganj,788710,934
Karimganj,788711,1422
Karimganj,788712,3676
Karimganj,788713,2119
Karimganj,788719,1727
Karimganj,788720,7867
Karimganj,788722,4480
Karimganj,788723,3551
Karimganj,788724,5686
Karimganj,788725,2441
Karimganj,788726,1306
Karimganj,788727,647
Karimganj,788728,1971
Karimganj,788733,813
Karimganj,788734,2423
Karimganj,788735,1317
Karimganj,788736,1226
Karimganj,788737,3218
Karimganj,788781,1026
Karimganj,788803,189
Karimganj,788806,4214
Karimnagar,505001,24918
Karimnagar,505101,1609
Karimnagar,505102,3090
Karimnagar,505122,5412
Karimnagar,505129,1306
Karimnagar,505152,3681
Karimnagar,505153,3291
Karimnagar,505162,3024
Karimnagar,505172,5517
Karimnagar,505174,2801
Karimnagar,505184,8796
Karimnagar,505185,2313
Karimnagar,505186,2454
Karimnagar,505187,4995
Karimnagar,505188,3599
Karimnagar,505208,2028
Karimnagar,505209,8145
Karimnagar,505210,394
Karimnagar,505211,1470
Karimnagar,505212,3689
Karimnagar,505214,1201
Karimnagar,505215,1486
Karimnagar,505301,7718
Karimnagar,505302,4847
Karimnagar,505303,1835
Karimnagar,505304,2541
Karimnagar,505305,3264
Karimnagar,505306,1484
Karimnagar,505307,2047
Karimnagar,505325,4663
Karimnagar,505326,4009
Karimnagar,505327,4863
Karimnagar,505330,966
Karimnagar,505331,3083
Karimnagar,505401,1698
Karimnagar,505402,2956
Karimnagar,505403,2559
Karimnagar,505404,3648
Karimnagar,505405,3036
Karimnagar,505415,3940
Karimnagar,505416,2908
Karimnagar,505425,2726
Karimnagar,505445,4321
Karimnagar,505450,2060
Karimnagar,505451,3890
Karimnagar,505452,3281
Karimnagar,505453,2507
Karimnagar,505454,3521
Karimnagar,505455,1992
Karimnagar,505460,4250
Karimnagar,505462,1914
Karimnagar,505466,2304
Karimnagar,505467,4900
Karimnagar,505468,3405
Karimnagar,505469,5982
Karimnagar,505470,1271
Karimnagar,505471,1654
Karimnagar,505472,1819
Karimnagar,505473,1679
Karimnagar,505474,2413
Karimnagar,505475,1727
Karimnagar,505476,2374
Karimnagar,505480,807
Karimnagar,505481,3559
Karimnagar,505490,1076
Karimnagar,505497,1374
Karimnagar,505498,1559
Karimnagar,505501,2933
Karimnagar,505502,2619
Karimnagar,505503,6151
Karimnagar,505504,3501
Karimnagar,505505,1935
Karimnagar,505514,2233
Karimnagar,505524,3822
Karimnagar,505525,3494
Karimnagar,505526,3172
Karimnagar,505527,918
Karimnagar,505528,1627
Karimnagar,505529,2628
Karimnagar,505530,4637
Karimnagar,505531,3952
Karimnagar,505532,3289
Karimnagar,506168,71
Karimnagar,506169,7
Karnal,132001,47782
Karnal,132022,2801
Karnal,132023,2903
Karnal,132024,9216
Karnal,132036,5950
Karnal,132037,4321
Karnal,132039,13871
Karnal,132040,5367
Karnal,132041,12755
Karnal,132046,4617
Karnal,132054,7399
Karnal,132114,20964
Karnal,132116,11139
Karnal,132117,10506
Karnal,132157,7944
Karur,621301,4920
Karur,621307,2
Karur,621311,5187
Karur,621313,9455
Karur,621315,503
Karur,638151,319
Karur,639001,4309
Karur,639002,5814
Karur,639003,2896
Karur,639004,6019
Karur,639005,4243
Karur,639006,4572
Karur,639007,280
Karur,639008,37
Karur,639102,3302
Karur,639103,706
Karur,639104,2443
Karur,639105,3436
Karur,639106,34
Karur,639107,2575
Karur,639108,1376
Karur,639109,1153
Karur,639110,5098
Karur,639111,1438
Karur,639113,2229
Karur,639114,3391
Karur,639116,1183
Karur,639117,2017
Karur,639118,2630
Karur,639119,3671
Karur,639120,5713
Karur,639136,802
Karur,639201,1548
Karur,639202,1156
Karur,639203,873
Karur,639205,3213
Karur,639206,1306
Karur,639207,3159
Kasaragod,670511,1356
Kasaragod,671121,3642
Kasaragod,671122,1303
Kasaragod,671123,5501
Kasaragod,671124,7023
Kasaragod,671310,4585
Kasaragod,671311,1598
Kasaragod,671312,2137
Kasaragod,671313,3174
Kasaragod,671314,9311
Kasaragod,671315,3215
Kasaragod,671316,7432
Kasaragod,671317,4505
Kasaragod,671318,2897
Kasaragod,671319,3535
Kasaragod,671321,9521
Kasaragod,671322,4592
Kasaragod,671323,8892
Kasaragod,671324,3202
Kasaragod,671326,666
Kasaragod,671348,1123
Kasaragod,671351,857
Kasaragod,671531,8468
Kasaragod,671532,3013
Kasaragod,671533,2744
Kasaragod,671534,5
Kasaragod,671541,8229
Kasaragod,671542,2705
Kasaragod,671543,6110
Kasaragod,671551,3428
Kasaragod,671552,3095
Kasargod,670511,5
Kasargod,671121,12
Kasargod,671123,5
Kasargod,671124,30
Kasargod,671310,45
Kasargod,671311,18
Kasargod,671313,39
Kasargod,671314,159
Kasargod,671315,18
Kasargod,671316,242
Kasargod,671317,12
Kasargod,671318,98
Kasargod,671319,39
Kasargod,671321,196
Kasargod,671322,132
Kasargod,671323,137
Kasargod,671324,103
Kasargod,671326,12
Kasargod,671348,48
Kasargod,671531,504
Kasargod,671532,296
Kasargod,671533,895
Kasargod,671541,103
Kasargod,671542,84
Kasargod,671543,362
Kasargod,671551,155
Kasargod,671552,59
Kasganj,207001,1556
Kasganj,207123,22700
Kasganj,207124,11101
Kasganj,207125,2
Kasganj,207241,7019
Kasganj,207242,27002
Kasganj,207243,14571
Kasganj,207244,3642
Kasganj,207245,15387
Kasganj,207246,9115
Kasganj,207248,376
Kasganj,207401,1793
Kasganj,207402,6137
Kasganj,207403,12388
Kathua,180012,2
Kathua,182122,5
Kathua,182204,5
Kathua,184101,6292
Kathua,184102,1620
Kathua,184104,4022
Kathua,184121,34
Kathua,184141,2003
Kathua,184142,3596
Kathua,184143,5927
Kathua,184144,6467
Kathua,184145,84
Kathua,184148,4270
Kathua,184151,2953
Kathua,184152,3297
Kathua,184201,6178
Kathua,184202,2003
Kathua,184203,6388
Kathua,184204,7099
Kathua,184205,3101
Kathua,184206,6224
Katihar,853204,80
Katihar,854101,10186
Katihar,854103,15011
Katihar,854104,19787
Katihar,854105,20931
Katihar,854106,11508
Katihar,854107,13801
Katihar,854108,17299
Katihar,854109,1443
Katihar,854112,9920
Katihar,854113,18243
Katihar,854114,12748
Katihar,854115,16691
Katihar,854116,22000
Katihar,854117,5417
Katihar,854303,3575
Katihar,854317,59283
Katihar,854334,2
Katihar,854335,2
Katihar,854337,11789
Katihar,855101,4
Katihar,855102,36111
Katihar,855105,16545
Katihar,855113,47132
Katihar,855114,17646
Katihar,855117,25
Katni,482002,2
Katni,483001,29
Katni,483105,2
Katni,483225,1696
Katni,483330,10419
Katni,483331,10604
Katni,483332,11787
Katni,483334,4875
Katni,483440,11219
Katni,483442,8594
Katni,483501,48050
Katni,483504,2874
Katni,483770,16312
Katni,483773,11011
Katni,483775,15109
Katni,483880,10193
Katni,483990,12659
Kaushambi,211011,18
Kaushambi,211012,848
Kaushambi,212201,25425
Kaushambi,212202,6818
Kaushambi,212203,7292
Kaushambi,212204,9380
Kaushambi,212205,8758
Kaushambi,212206,17080
Kaushambi,212207,19615
Kaushambi,212208,857
Kaushambi,212210,29
Kaushambi,212213,5871
Kaushambi,212214,15314
Kaushambi,212216,22591
Kaushambi,212217,28338
Kaushambi,212218,5674
Kawardha,491336,7529
Kawardha,491441,2
Kawardha,491559,40209
Kawardha,491888,4168
Kawardha,491995,56418
Kendrapada,754134,3461
Kendrapada,754135,14
Kendrapada,754140,980
Kendrapada,754141,2222
Kendrapada,754142,729
Kendrapada,754153,2407
Kendrapada,754162,456
Kendrapada,754204,4
Kendrapada,754207,919
Kendrapada,754208,4002
Kendrapada,754209,643
Kendrapada,754210,3111
Kendrapada,754211,9510
Kendrapada,754212,6490
Kendrapada,754213,5234
Kendrapada,754214,3033
Kendrapada,754215,8787
Kendrapada,754216,1875
Kendrapada,754217,7215
Kendrapada,754218,2315
Kendrapada,754219,4455
Kendrapada,754220,10284
Kendrapada,754222,2122
Kendrapada,754223,2901
Kendrapada,754224,10166
Kendrapada,754225,6882
Kendrapada,754227,4143
Kendrapada,754228,1196
Kendrapada,754229,18
Kendrapada,754230,16
Kendrapada,754231,1773
Kendrapada,754239,2226
Kendrapada,754240,1928
Kendrapada,754243,39
Kendrapada,754244,1700
Kendrapada,754245,2979
Kendrapada,754246,4569
Kendrapada,754248,4645
Kendrapada,754250,3667
Kendrapada,754251,20
Kendrapada,754253,586
Kendrapada,754289,1812
Kendrapada,754292,269
Kendrapada,754311,4
Kendrapada,755004,130
Kendrapada,755006,2
Kendrapada,755011,91
Kendrapada,755016,3587
Kendrapada,755043,2
Kendrapada,755061,4061
Kendujhar,755019,492
Kendujhar,756114,43
Kendujhar,756121,2919
Kendujhar,756144,27
Kendujhar,758001,3885
Kendujhar,758002,1992
Kendujhar,758013,6529
Kendujhar,758014,6338
Kendujhar,758015,5342
Kendujhar,758016,3683
Kendujhar,758017,2564
Kendujhar,758018,12117
Kendujhar,758019,6424
Kendujhar,758020,1983
Kendujhar,758021,10278
Kendujhar,758022,5490
Kendujhar,758023,3375
Kendujhar,758025,5490
Kendujhar,758026,595
Kendujhar,758027,4875
Kendujhar,758028,5863
Kendujhar,758029,6132
Kendujhar,758030,3630
Kendujhar,758031,9218
Kendujhar,758032,4972
Kendujhar,758034,9088
Kendujhar,758035,7308
Kendujhar,758036,1132
Kendujhar,758037,1401
Kendujhar,758038,2470
Kendujhar,758040,462
Kendujhar,758041,4686
Kendujhar,758043,5923
Kendujhar,758044,4152
Kendujhar,758045,2245
Kendujhar,758046,2479
Kendujhar,758047,3940
Kendujhar,758052,100
Kendujhar,758076,4118
Kendujhar,758078,3453
Kendujhar,758079,3190
Kendujhar,758080,4378
Kendujhar,758081,2596
Kendujhar,758082,1634
Kendujhar,758083,3147
Kendujhar,758084,2
Kendujhar,758085,2
Kendujhar,758086,11
Kendujhar,758087,2
Khagaria,848201,1311
Khagaria,848203,19779
Khagaria,851201,9720
Khagaria,851202,4355
Khagaria,851203,10214
Khagaria,851204,24323
Khagaria,851205,9934
Khagaria,851212,9578
Khagaria,851213,6677
Khagaria,851214,13429
Khagaria,851215,2562
Khagaria,851216,9277
Khagaria,851220,1532
Khagaria,852161,16793
Khagaria,853203,2897
Khairagarh Chhuikhadan Gandai,491444,77
Khairagarh Chhuikhadan Gandai,491881,593
Khairagarh Chhuikhadan Gandai,491885,445
Khairagarh Chhuikhadan Gandai,491888,729
Khairthal-Tijara,301019,7
Khairthal-Tijara,301411,12
Khairthal-Tijara,301702,2
Khairthal-Tijara,301707,4
Khairthal-Tijara,301712,2
Khammam,507001,8568
Khammam,507002,6800
Khammam,507003,11066
Khammam,507101,9842
Khammam,507103,191
Khammam,507111,2356
Khammam,507113,5
Khammam,507114,2871
Khammam,507115,7808
Khammam,507116,1051
Khammam,507117,3835
Khammam,507118,952
Khammam,507119,486
Khammam,507120,1860
Khammam,507121,12
Khammam,507122,7395
Khammam,507123,7579
Khammam,507124,2502
Khammam,507125,319
Khammam,507126,139
Khammam,507128,1408
Khammam,507129,1429
Khammam,507133,770
Khammam,507135,5
Khammam,507136,2463
Khammam,507137,1169
Khammam,507138,80
Khammam,507140,421
Khammam,507154,255
Khammam,507157,1313
Khammam,507158,3190
Khammam,507159,2692
Khammam,507160,3706
Khammam,507161,3936
Khammam,507163,2183
Khammam,507164,3263
Khammam,507165,6386
Khammam,507166,2618
Khammam,507167,4970
Khammam,507168,3063
Khammam,507169,2272
Khammam,507170,2929
Khammam,507182,4820
Khammam,507183,1846
Khammam,507201,3186
Khammam,507202,1939
Khammam,507203,5348
Khammam,507204,2855
Khammam,507208,4193
Khammam,507209,5519
Khammam,507210,2769
Khammam,507211,2566
Khammam,507301,3332
Khammam,507302,3386
Khammam,507303,5458
Khammam,507304,1773
Khammam,507305,2903
Khammam,507306,2466
Khammam,507316,964
Khammam,507318,2288
Khandwa,450001,19637
Khandwa,450051,2796
Khandwa,450110,1584
Khandwa,450112,3929
Khandwa,450114,4829
Khandwa,450116,9065
Khandwa,450117,17233
Khandwa,450119,478
Khandwa,450331,14
Khandwa,450337,4792
Khandwa,450551,7447
Khandwa,450554,3826
Khandwa,450661,9783
Khandwa,450771,5071
Khandwa,450881,6313
Khandwa,450991,4024
Khandwa,451001,5
Khandwa,451115,4339
Khandwa,451335,2
Khargone,450110,2
Khargone,450331,5
Khargone,450551,1529
Khargone,450554,2
Khargone,450661,1215
Khargone,450771,4
Khargone,451001,37754
Khargone,451111,14674
Khargone,451113,19958
Khargone,451115,19147
Khargone,451220,8594
Khargone,451221,12491
Khargone,451224,10398
Khargone,451225,6647
Khargone,451228,21189
Khargone,451331,29942
Khargone,451332,36485
Khargone,451335,18038
Khargone,451440,7069
Khargone,451441,36711
Khargone,451442,12244
Khargone,451447,4
Khargone,451449,759
Khargone,451660,6634
Khargone,451881,11
Khawzawl,796310,12
Khawzawl,796370,2
Kheda,387001,11736
Kheda,387002,7343
Kheda,387110,1853
Kheda,387115,2780
Kheda,387120,3011
Kheda,387130,16490
Kheda,387210,855
Kheda,387230,866
Kheda,387240,793
Kheda,387305,2129
Kheda,387315,4476
Kheda,387320,3206
Kheda,387325,1342
Kheda,387330,4890
Kheda,387335,9145
Kheda,387340,1859
Kheda,387345,1324
Kheda,387350,1885
Kheda,387355,3129
Kheda,387360,2179
Kheda,387365,4261
Kheda,387370,2388
Kheda,387375,873
Kheda,387380,1545
Kheda,387411,1686
Kheda,387430,7416
Kheda,387510,1705
Kheda,387520,1092
Kheda,387530,5278
Kheda,387540,1410
Kheda,387550,1108
Kheda,387560,1841
Kheda,387570,3085
Kheda,387610,4264
Kheda,387620,14236
Kheda,387630,12507
Kheda,387635,4106
Kheda,387640,4189
Kheda,387650,2940
Kheda,387710,1532
Kheda,388180,1937
Kheda,388215,1112
Kheda,388220,682
Kheda,388225,7315
Kheda,388230,6942
Kheda,388235,6114
Kheda,388239,77
Kheda,388245,4173
Kheda,388250,11048
Kheda,388255,5178
Kheda,388260,3118
Kheda,388265,2031
Kheda,388307,14
Kheda,388440,264
Kheda,388550,12
Kheri,261501,13047
Kheri,261502,16522
Kheri,261505,25357
Kheri,261506,15043
Kheri,262701,29275
Kheri,262702,3869
Kheri,262721,3494
Kheri,262722,12841
Kheri,262723,13062
Kheri,262724,7621
Kheri,262725,4850
Kheri,262726,4694
Kheri,262727,12315
Kheri,262728,5503
Kheri,262801,4448
Kheri,262802,33924
Kheri,262803,3015
Kheri,262804,40220
Kheri,262805,6067
Kheri,262901,11395
Kheri,262902,30189
Kheri,262903,14443
Kheri,262904,3753
Kheri,262905,6376
Kheri,262906,7441
Kheri,262907,9460
Kheri,271855,454
Khorda,751001,2619
Khorda,751002,7636
Khorda,751003,5168
Khorda,751004,93
Khorda,751005,187
Khorda,751006,3888
Khorda,751007,2466
Khorda,751008,5
Khorda,751009,1185
Khorda,751010,2691
Khorda,751011,29
Khorda,751012,2648
Khorda,751013,2701
Khorda,751014,1146
Khorda,751015,1663
Khorda,751016,2106
Khorda,751017,2047
Khorda,751018,1907
Khorda,751019,5592
Khorda,751020,1434
Khorda,751021,2644
Khorda,751022,1035
Khorda,751023,321
Khorda,751024,4765
Khorda,751025,1395
Khorda,751028,41
Khorda,751029,944
Khorda,751030,2272
Khorda,751031,356
Khorda,752015,23
Khorda,752018,2407
Khorda,752019,1641
Khorda,752020,3640
Khorda,752021,5389
Khorda,752022,1230
Khorda,752023,3304
Khorda,752026,2
Khorda,752027,3867
Khorda,752030,5592
Khorda,752031,7803
Khorda,752034,4754
Khorda,752035,3858
Khorda,752037,48
Khorda,752038,1964
Khorda,752050,7671
Khorda,752054,5275
Khorda,752055,5734
Khorda,752056,4122
Khorda,752057,1534
Khorda,752060,1483
Khorda,752061,3567
Khorda,752062,4270
Khorda,752063,4
Khorda,752064,2709
Khorda,752065,763
Khorda,752066,4972
Khorda,752068,59
Khorda,752077,4
Khorda,752100,3232
Khorda,752101,2872
Khorda,752102,4159
Khorda,752103,3277
Khorda,752104,478
Khorda,752106,189
Khorda,752114,1139
Khorda,752115,517
Khorda,754001,877
Khorda,754004,638
Khorda,754005,1987
Khorda,754009,14
Khorda,754012,27
Khordha,751001,1217
Khordha,751002,3542
Khordha,751003,2210
Khordha,751004,61
Khordha,751005,34
Khordha,751006,1775
Khordha,751007,577
Khordha,751008,4
Khordha,751009,424
Khordha,751010,490
Khordha,751011,2
Khordha,751012,789
Khordha,751013,861
Khordha,751014,210
Khordha,751015,262
Khordha,751016,438
Khordha,751017,725
Khordha,751018,371
Khordha,751019,2821
Khordha,751020,216
Khordha,751021,629
Khordha,751022,217
Khordha,751023,55
Khordha,751024,1410
Khordha,751025,132
Khordha,751030,264
Khordha,751031,21
Khordha,752015,9
Khordha,752018,290
Khordha,752019,207
Khordha,752020,1000
Khordha,752021,593
Khordha,752022,91
Khordha,752023,611
Khordha,752026,2
Khordha,752027,707
Khordha,752028,11
Khordha,752030,467
Khordha,752031,1504
Khordha,752034,921
Khordha,752035,663
Khordha,752037,5
Khordha,752038,162
Khordha,752050,937
Khordha,752054,1773
Khordha,752055,1823
Khordha,752056,994
Khordha,752057,128
Khordha,752060,143
Khordha,752061,536
Khordha,752062,609
Khordha,752064,226
Khordha,752065,36
Khordha,752066,520
Khordha,752100,864
Khordha,752101,704
Khordha,752102,1399
Khordha,752103,713
Khordha,752104,53
Khordha,752106,105
Khordha,752114,132
Khordha,752115,46
Khordha,754001,200
Khordha,754004,78
Khordha,754005,1253
Khordha,754008,9
Khordha,754009,9
Khordha,754012,23
Khordha *,751002,2
Khowai,799201,4225
Khowai,799202,447
Khowai,799203,3648
Khowai,799205,5038
Khowai,799207,2976
Khunti,834004,1402
Khunti,835202,34
Khunti,835203,2
Khunti,835204,2
Khunti,835209,6433
Khunti,835210,22965
Khunti,835216,16299
Khunti,835221,1146
Khunti,835225,11508
Khunti,835227,13913
Khunti,835229,7
Khunti,835232,5
Khunti,835234,2810
Khunti,835303,16
Kinnaur,172101,572
Kinnaur,172102,4
Kinnaur,172103,118
Kinnaur,172104,1007
Kinnaur,172105,529
Kinnaur,172106,1206
Kinnaur,172107,1402
Kinnaur,172108,298
Kinnaur,172109,545
Kinnaur,172110,388
Kinnaur,172111,449
Kinnaur,172112,146
Kinnaur,172115,552
Kinnaur,172116,355
Kinnaur,172118,388
Kiphire,798611,7669
Kiphire,798612,7
Kiphire,798620,4
Kishanganj,854203,5
Kishanganj,854333,1483
Kishanganj,854336,2
Kishanganj,855101,65035
Kishanganj,855106,1532
Kishanganj,855107,56831
Kishanganj,855108,40134
Kishanganj,855115,26839
Kishanganj,855116,24585
Kishanganj,855117,35302
Kishtwar,182203,3601
Kishtwar,182204,17540
Kishtwar,182205,16126
Kishtwar,182206,2
Kishtwar,182315,9
Koch Bihar,735122,1664
Koch Bihar,735211,78
Koch Bihar,735224,123
Koch Bihar,735236,20
Koch Bihar,735301,458
Koch Bihar,735303,1600
Koch Bihar,735304,973
Koch Bihar,736101,176
Koch Bihar,736118,61
Koch Bihar,736121,16
Koch Bihar,736131,1379
Koch Bihar,736132,94
Koch Bihar,736133,486
Koch Bihar,736134,1253
Koch Bihar,736135,2256
Koch Bihar,736145,543
Koch Bihar,736146,1632
Koch Bihar,736156,1360
Koch Bihar,736157,1057
Koch Bihar,736158,1091
Koch Bihar,736159,2543
Koch Bihar,736160,601
Koch Bihar,736165,175
Koch Bihar,736166,64
Koch Bihar,736167,1235
Koch Bihar,736168,415
Koch Bihar,736169,171
Koch Bihar,736170,216
Koch Bihar,736171,157
Koch Bihar,736172,713
Koch Bihar,736173,55
Koch Bihar,736174,52
Koch Bihar,736175,32
Koch Bihar,736176,103
Koch Bihar,736177,71
Koch Bihar,736179,16
Koch Bihar,736180,11
Koch Bihar,736181,45
Koch Bihar,736207,529
Kodagu,571201,4006
Kodagu,571211,862
Kodagu,571212,838
Kodagu,571213,1230
Kodagu,571214,1133
Kodagu,571215,419
Kodagu,571216,1108
Kodagu,571217,362
Kodagu,571218,3728
Kodagu,571219,116
Kodagu,571231,766
Kodagu,571232,1670
Kodagu,571234,2562
Kodagu,571235,1410
Kodagu,571236,1982
Kodagu,571237,1322
Kodagu,571247,987
Kodagu,571248,296
Kodagu,571249,699
Kodagu,571250,675
Kodagu,571251,969
Kodagu,571252,1037
Kodagu,571253,1527
Kodagu,571254,474
Kodagu,574234,404
Kodagu,574314,255
Kodarma,825109,9
Kodarma,825318,1748
Kodarma,825407,2
Kodarma,825409,3405
Kodarma,825410,2962
Kodarma,825413,2
Kodarma,825418,601
Koderma,825109,6153
Koderma,825132,13689
Koderma,825318,9296
Koderma,825407,6297
Koderma,825409,18705
Koderma,825410,3856
Koderma,825413,960
Koderma,825418,9004
Koderma,825421,7
Kohima,797001,10659
Kohima,797002,1351
Kohima,797003,3150
Kohima,797004,87
Kohima,797005,3721
Kohima,797101,208
Kohima,797105,2823
Kohima,797109,2488
Kohima,797110,372
Kohima,797112,4
Kokrajhar,783332,2096
Kokrajhar,783333,2639
Kokrajhar,783335,175
Kokrajhar,783336,2596
Kokrajhar,783337,7028
Kokrajhar,783339,57
Kokrajhar,783345,1502
Kokrajhar,783346,2591
Kokrajhar,783347,1504
Kokrajhar,783350,3398
Kokrajhar,783354,1582
Kokrajhar,783360,8963
Kokrajhar,783361,3393
Kokrajhar,783369,1887
Kokrajhar,783370,9745
Kokrajhar,783372,1051
Kokrajhar,783376,1215
Kokrajhar,783394,2
Kolar,561208,2
Kolar,561213,2
Kolar,563101,20597
Kolar,563102,7
Kolar,563113,2340
Kolar,563114,8186
Kolar,563115,880
Kolar,563116,3945
Kolar,563117,1117
Kolar,563118,934
Kolar,563119,1121
Kolar,563120,2509
Kolar,563121,3662
Kolar,563122,3731
Kolar,563125,103
Kolar,563126,3737
Kolar,563127,2666
Kolar,563128,374
Kolar,563129,2712
Kolar,563130,9029
Kolar,563131,11575
Kolar,563132,4273
Kolar,563133,2115
Kolar,563134,2001
Kolar,563135,6668
Kolar,563136,3070
Kolar,563137,2892
Kolar,563138,3036
Kolar,563139,2856
Kolar,563160,2464
Kolar,563161,1996
Kolar,563162,3945
Kolasib,796007,1089
Kolasib,796014,289
Kolasib,796015,2
Kolasib,796070,2643
Kolasib,796075,911
Kolasib,796081,8753
Kolasib,796091,2306
Kolasib,796101,3416
Kolasib,796410,71
Kolhapur,415101,7056
Kolhapur,416001,14343
Kolhapur,416002,6803
Kolhapur,416003,7783
Kolhapur,416004,2618
Kolhapur,416005,10364
Kolhapur,416006,4175
Kolhapur,416007,5004
Kolhapur,416008,7978
Kolhapur,416010,9378
Kolhapur,416011,12
Kolhapur,416012,16267
Kolhapur,416013,4294
Kolhapur,416101,12196
Kolhapur,416102,3845
Kolhapur,416103,4271
Kolhapur,416104,2327
Kolhapur,416105,1317
Kolhapur,416106,5373
Kolhapur,416107,1912
Kolhapur,416108,1212
Kolhapur,416109,8414
Kolhapur,416110,1723
Kolhapur,416111,2696
Kolhapur,416112,12785
Kolhapur,416113,3665
Kolhapur,416114,6285
Kolhapur,416115,35943
Kolhapur,416116,10991
Kolhapur,416117,1148
Kolhapur,416118,5376
Kolhapur,416119,4656
Kolhapur,416120,1948
Kolhapur,416121,8911
Kolhapur,416122,10579
Kolhapur,416143,4710
Kolhapur,416144,2
Kolhapur,416146,1388
Kolhapur,416201,1486
Kolhapur,416202,5950
Kolhapur,416203,7778
Kolhapur,416204,2970
Kolhapur,416205,16602
Kolhapur,416206,5196
Kolhapur,416207,5267
Kolhapur,416208,4920
Kolhapur,416209,10512
Kolhapur,416210,5062
Kolhapur,416211,12361
Kolhapur,416212,6073
Kolhapur,416213,7648
Kolhapur,416214,8265
Kolhapur,416215,1504
Kolhapur,416216,9507
Kolhapur,416218,5116
Kolhapur,416219,6135
Kolhapur,416220,4339
Kolhapur,416221,4797
Kolhapur,416223,3031
Kolhapur,416229,8771
Kolhapur,416230,5554
Kolhapur,416231,584
Kolhapur,416232,1967
Kolhapur,416234,3487
Kolhapur,416235,5080
Kolhapur,416236,1687
Kolhapur,416501,4783
Kolhapur,416502,9277
Kolhapur,416503,2559
Kolhapur,416504,3794
Kolhapur,416505,7352
Kolhapur,416506,4385
Kolhapur,416507,10825
Kolhapur,416508,7090
Kolhapur,416509,11174
Kolhapur,416526,2901
Kolhapur,416527,485
Kolhapur,416551,3293
Kolhapur,416552,3733
Kolkata,700001,560
Kolkata,700002,4519
Kolkata,700003,802
Kolkata,700004,1566
Kolkata,700005,1873
Kolkata,700006,5879
Kolkata,700007,3557
Kolkata,700008,82
Kolkata,700009,4246
Kolkata,700010,2684
Kolkata,700011,3493
Kolkata,700012,1901
Kolkata,700013,731
Kolkata,700014,6832
Kolkata,700015,5613
Kolkata,700016,3999
Kolkata,700017,4049
Kolkata,700018,4708
Kolkata,700019,3505
Kolkata,700020,1288
Kolkata,700021,37
Kolkata,700022,196
Kolkata,700023,7329
Kolkata,700024,7317
Kolkata,700025,1873
Kolkata,700026,2475
Kolkata,700027,3008
Kolkata,700028,442
Kolkata,700029,1746
Kolkata,700030,1297
Kolkata,700031,1272
Kolkata,700032,1944
Kolkata,700033,1983
Kolkata,700034,3710
Kolkata,700035,89
Kolkata,700036,212
Kolkata,700037,2908
Kolkata,700038,1221
Kolkata,700039,3870
Kolkata,700040,2010
Kolkata,700041,1292
Kolkata,700042,2279
Kolkata,700043,777
Kolkata,700044,4376
Kolkata,700045,1253
Kolkata,700046,5688
Kolkata,700047,1663
Kolkata,700048,64
Kolkata,700049,34
Kolkata,700050,1035
Kolkata,700051,5
Kolkata,700052,335
Kolkata,700053,2431
Kolkata,700054,3933
Kolkata,700055,116
Kolkata,700056,68
Kolkata,700057,25
Kolkata,700058,217
Kolkata,700060,3361
Kolkata,700061,29
Kolkata,700062,9
Kolkata,700063,5
Kolkata,700064,41
Kolkata,700065,950
Kolkata,700066,396
Kolkata,700067,3204
Kolkata,700068,198
Kolkata,700069,23
Kolkata,700071,64
Kolkata,700072,94
Kolkata,700073,1794
Kolkata,700074,116
Kolkata,700075,2083
Kolkata,700076,2
Kolkata,700077,55
Kolkata,700078,3282
Kolkata,700079,12
Kolkata,700080,30
Kolkata,700081,2
Kolkata,700083,7
Kolkata,700085,1042
Kolkata,700086,634
Kolkata,700087,107
Kolkata,700088,556
Kolkata,700089,20
Kolkata,700090,155
Kolkata,700091,20
Kolkata,700092,1278
Kolkata,700093,160
Kolkata,700094,1901
Kolkata,700095,298
Kolkata,700096,86
Kolkata,700098,4
Kolkata,700099,198
Kolkata,700100,107
Kolkata,700104,2790
Kolkata,700105,2611
Kolkata,700107,1987
Kolkata,700108,52
Kollam,689695,4328
Kollam,689696,3193
Kollam,690518,1215
Kollam,690519,2584
Kollam,690520,2853
Kollam,690521,2835
Kollam,690522,2097
Kollam,690523,3689
Kollam,690524,2156
Kollam,690525,980
Kollam,690526,1851
Kollam,690528,903
Kollam,690533,18
Kollam,690536,1483
Kollam,690538,989
Kollam,690539,754
Kollam,690540,943
Kollam,690542,1541
Kollam,690544,987
Kollam,690547,1135
Kollam,690561,1841
Kollam,690573,3599
Kollam,690574,1219
Kollam,691001,2407
Kollam,691002,704
Kollam,691003,3863
Kollam,691004,3216
Kollam,691005,2520
Kollam,691006,1224
Kollam,691007,260
Kollam,691008,481
Kollam,691009,242
Kollam,691010,2240
Kollam,691011,3441
Kollam,691012,1538
Kollam,691013,1265
Kollam,691014,2937
Kollam,691015,1176
Kollam,691016,734
Kollam,691019,629
Kollam,691020,1941
Kollam,691021,1887
Kollam,691301,2379
Kollam,691302,2739
Kollam,691303,1495
Kollam,691304,615
Kollam,691305,2206
Kollam,691306,6440
Kollam,691307,1941
Kollam,691308,469
Kollam,691309,834
Kollam,691310,4446
Kollam,691311,827
Kollam,691312,3142
Kollam,691319,364
Kollam,691322,1670
Kollam,691331,1310
Kollam,691332,1155
Kollam,691333,3304
Kollam,691334,1051
Kollam,691500,627
Kollam,691501,1598
Kollam,691502,2468
Kollam,691503,2357
Kollam,691504,2694
Kollam,691505,5002
Kollam,691506,2349
Kollam,691507,2819
Kollam,691508,5014
Kollam,691509,2145
Kollam,691510,1292
Kollam,691511,2354
Kollam,691512,1422
Kollam,691515,973
Kollam,691516,1475
Kollam,691520,1376
Kollam,691521,864
Kollam,691522,1618
Kollam,691526,93
Kollam,691531,2995
Kollam,691532,2459
Kollam,691533,2969
Kollam,691534,2386
Kollam,691535,1620
Kollam,691536,4772
Kollam,691537,1969
Kollam,691538,1992
Kollam,691540,693
Kollam,691541,1698
Kollam,691543,481
Kollam,691552,652
Kollam,691553,674
Kollam,691556,282
Kollam,691557,1768
Kollam,691559,3229
Kollam,691560,1328
Kollam,691566,1395
Kollam,691571,2341
Kollam,691572,1589
Kollam,691573,1235
Kollam,691574,2181
Kollam,691576,4749
Kollam,691577,3646
Kollam,691578,2652
Kollam,691579,1973
Kollam,691581,976
Kollam,691582,1176
Kollam,691583,5084
Kollam,691584,1411
Kollam,691585,1949
Kollam,691589,2929
Kollam,691590,1021
Kollam,691601,6258
Kollam,691602,1502
Komaram Bheem,504219,98
Komaram Bheem,504273,501
Komaram Bheem,504292,1130
Komaram Bheem,504293,3405
Komaram Bheem,504294,1114
Komaram Bheem,504295,1844
Komaram Bheem,504296,3796
Komaram Bheem,504299,4054
Komaram Bheem,504311,52
Komaram Bheem,504313,1251
Kondagaon,490024,2
Kondagaon,494222,2
Kondagaon,494224,4
Kondagaon,494226,47059
Kondagaon,494228,13958
Kondagaon,494229,5078
Kondagaon,494230,6417
Kondagaon,494331,12851
Kondagaon,494333,4
Kondagaon,494334,941
Kondagaon,494347,15861
Kondagaon,494441,2
Kondagaon,494444,2
Kondagaon,494552,2
Kondagaon,494661,2
Kondagaon,494776,4
Koppal,583226,3154
Koppal,583227,11189
Koppal,583228,5353
Koppal,583229,7926
Koppal,583230,2962
Koppal,583231,7593
Koppal,583232,4348
Koppal,583233,816
Koppal,583234,4145
Koppal,583235,2840
Koppal,583236,5807
Koppal,583237,6784
Koppal,583238,7140
Koppal,583268,2692
Koppal,583277,8616
Koppal,583278,3327
Koppal,583279,3817
Koppal,583280,3797
Koppal,583281,5214
Koppal,583282,3115
Koppal,583283,5435
Koppal,584112,62
Koppal,584114,69
Koppal,584119,18
Koppal,584121,155
Koppal,584130,116
Koppal,584131,43
Koppal,584166,48
Koraput,763001,1433
Koraput,763002,1051
Koraput,763003,1310
Koraput,763004,20
Koraput,763008,3548
Koraput,764001,4296
Koraput,764002,16978
Koraput,764003,4127
Koraput,764004,87
Koraput,764005,4649
Koraput,764006,1096
Koraput,764011,1128
Koraput,764014,4811
Koraput,764020,3124
Koraput,764021,6365
Koraput,764027,10469
Koraput,764028,4825
Koraput,764036,10954
Koraput,764037,6812
Koraput,764038,6659
Koraput,764039,11075
Koraput,764040,1916
Koraput,764041,1998
Koraput,764042,294
Koraput,764043,22586
Koraput,764044,130
Koraput,764046,2
Koraput,764055,5565
Koraput,764056,16372
Koraput,764057,8890
Koraput,764058,9483
Koraput,764063,2450
Koraput,764071,9
Koraput,764075,18
Koraput,764081,3022
Koraput,765013,9909
Koraput,765015,11
Koraput,765020,7
Korba,495119,10823
Korba,495442,1461
Korba,495445,37191
Korba,495446,12705
Korba,495447,3179
Korba,495449,19111
Korba,495450,5487
Korba,495452,4674
Korba,495453,3001
Korba,495454,8053
Korba,495455,752
Korba,495671,7318
Korba,495674,27199
Korba,495677,18275
Korba,495678,4373
Korba,495682,1835
Korba,495683,5337
Korba,495684,10758
Koriya,497231,7
Koriya,497235,4
Koriya,497331,9669
Koriya,497333,29
Koriya,497335,17935
Koriya,497339,9364
Koriya,497442,22297
Koriya,497446,829
Koriya,497447,1199
Koriya,497448,1153
Koriya,497449,21818
Koriya,497451,1538
Koriya,497553,212
Koriya,497555,540
Koriya,497557,805
Koriya,497559,606
Koriya,497773,1463
Koriya,497778,19047
Kota,324001,10535
Kota,324002,11406
Kota,324003,2308
Kota,324004,6438
Kota,324005,15366
Kota,324006,6190
Kota,324007,6500
Kota,324008,7350
Kota,324009,9025
Kota,324010,6417
Kota,325001,9384
Kota,325003,6000
Kota,325004,8739
Kota,325009,5765
Kota,325201,3131
Kota,325202,540
Kota,325203,3485
Kota,325204,8412
Kota,325207,2525
Kota,325208,1768
Kota,325214,3186
Kota,325601,6067
Kota,325602,5250
Kota,326501,392
Kota,326512,2
Kota,326517,2721
Kota,326518,3660
Kota,326519,7336
Kota,326520,1680
Kota,326529,1778
Kota,326530,2994
Kotputli-Behror,301020,2
Kotputli-Behror,301402,4
Kotputli-Behror,301706,4
Kotputli-Behror,303003,2
Kotputli-Behror,303119,2
Kottayam,686001,1012
Kottayam,686002,246
Kottayam,686003,1230
Kottayam,686004,1481
Kottayam,686005,574
Kottayam,686006,679
Kottayam,686007,355
Kottayam,686008,1600
Kottayam,686009,198
Kottayam,686010,960
Kottayam,686011,2096
Kottayam,686012,1124
Kottayam,686013,944
Kottayam,686014,460
Kottayam,686015,713
Kottayam,686016,1663
Kottayam,686017,561
Kottayam,686018,757
Kottayam,686019,2935
Kottayam,686020,1126
Kottayam,686021,536
Kottayam,686022,686
Kottayam,686039,77
Kottayam,686041,242
Kottayam,686101,1773
Kottayam,686102,1682
Kottayam,686103,953
Kottayam,686104,1798
Kottayam,686105,2815
Kottayam,686106,1306
Kottayam,686121,1627
Kottayam,686122,649
Kottayam,686123,413
Kottayam,686141,1511
Kottayam,686142,253
Kottayam,686143,711
Kottayam,686144,1007
Kottayam,686501,1679
Kottayam,686502,2172
Kottayam,686503,1413
Kottayam,686504,993
Kottayam,686505,48
Kottayam,686506,1905
Kottayam,686507,1165
Kottayam,686508,1650
Kottayam,686509,2014
Kottayam,686510,1420
Kottayam,686512,1712
Kottayam,686513,3714
Kottayam,686514,1146
Kottayam,686515,652
Kottayam,686516,850
Kottayam,686517,289
Kottayam,686518,1340
Kottayam,686519,679
Kottayam,686520,855
Kottayam,686521,677
Kottayam,686522,383
Kottayam,686531,761
Kottayam,686532,1584
Kottayam,686533,3225
Kottayam,686535,1666
Kottayam,686536,2247
Kottayam,686537,764
Kottayam,686538,1762
Kottayam,686539,1156
Kottayam,686540,1589
Kottayam,686541,1837
Kottayam,686542,1374
Kottayam,686543,668
Kottayam,686544,1075
Kottayam,686545,800
Kottayam,686546,1971
Kottayam,686548,506
Kottayam,686555,251
Kottayam,686560,2
Kottayam,686561,638
Kottayam,686562,1912
Kottayam,686563,1933
Kottayam,686564,1825
Kottayam,686571,383
Kottayam,686572,1219
Kottayam,686573,1142
Kottayam,686574,1700
Kottayam,686575,768
Kottayam,686576,1508
Kottayam,686577,1372
Kottayam,686578,1269
Kottayam,686579,870
Kottayam,686580,903
Kottayam,686581,631
Kottayam,686582,1096
Kottayam,686583,538
Kottayam,686584,406
Kottayam,686585,285
Kottayam,686586,404
Kottayam,686587,987
Kottayam,686596,2
Kottayam,686601,593
Kottayam,686602,763
Kottayam,686603,1311
Kottayam,686604,1450
Kottayam,686605,3482
Kottayam,686606,1075
Kottayam,686607,1025
Kottayam,686608,1798
Kottayam,686609,330
Kottayam,686610,1556
Kottayam,686611,911
Kottayam,686612,786
Kottayam,686613,1524
Kottayam,686616,2
Kottayam,686630,18
Kottayam,686631,1967
Kottayam,686632,1422
Kottayam,686633,1955
Kottayam,686634,1085
Kottayam,686635,784
Kottayam,686636,1196
Kottayam,686637,643
Kottayam,686651,1951
Kottayam,686652,656
Kottayam,686653,540
Kottayam,689589,12
Kozhikode,673001,1345
Kozhikode,673002,403
Kozhikode,673003,5952
Kozhikode,673004,663
Kozhikode,673005,1980
Kozhikode,673006,715
Kozhikode,673007,3010
Kozhikode,673008,5166
Kozhikode,673009,645
Kozhikode,673010,3172
Kozhikode,673011,1392
Kozhikode,673012,2790
Kozhikode,673014,2078
Kozhikode,673015,2714
Kozhikode,673016,2493
Kozhikode,673017,1823
Kozhikode,673018,773
Kozhikode,673019,7053
Kozhikode,673020,406
Kozhikode,673021,1276
Kozhikode,673027,2819
Kozhikode,673028,2614
Kozhikode,673029,1025
Kozhikode,673032,508
Kozhikode,673101,593
Kozhikode,673102,1867
Kozhikode,673103,1892
Kozhikode,673104,5136
Kozhikode,673105,3396
Kozhikode,673106,2115
Kozhikode,673301,2733
Kozhikode,673302,750
Kozhikode,673303,3184
Kozhikode,673304,1650
Kozhikode,673305,1260
Kozhikode,673306,1807
Kozhikode,673307,3411
Kozhikode,673308,1917
Kozhikode,673309,1306
Kozhikode,673310,14
Kozhikode,673315,3774
Kozhikode,673317,2088
Kozhikode,673323,282
Kozhikode,673328,1073
Kozhikode,673501,1285
Kozhikode,673502,1759
Kozhikode,673503,2072
Kozhikode,673504,2062
Kozhikode,673505,1272
Kozhikode,673506,4467
Kozhikode,673507,6361
Kozhikode,673508,4098
Kozhikode,673509,1871
Kozhikode,673513,2309
Kozhikode,673517,1766
Kozhikode,673521,2639
Kozhikode,673522,2493
Kozhikode,673523,2703
Kozhikode,673524,5864
Kozhikode,673525,5911
Kozhikode,673526,959
Kozhikode,673527,1928
Kozhikode,673528,2031
Kozhikode,673529,2284
Kozhikode,673541,2764
Kozhikode,673542,5704
Kozhikode,673570,9
Kozhikode,673571,8637
Kozhikode,673572,10105
Kozhikode,673573,6570
Kozhikode,673574,5351
Kozhikode,673580,2099
Kozhikode,673582,3767
Kozhikode,673585,4727
Kozhikode,673586,6962
Kozhikode,673601,3371
Kozhikode,673602,8170
Kozhikode,673603,2450
Kozhikode,673604,1846
Kozhikode,673611,4982
Kozhikode,673612,12067
Kozhikode,673613,2420
Kozhikode,673614,5932
Kozhikode,673615,118
Kozhikode,673616,2238
Kozhikode,673620,4660
Kozhikode,673631,6495
Kozhikode,673632,1691
Kozhikode,673633,2022
Kozhikode,673639,32
Kozhikode,673655,2261
Kozhikode,673661,4533
Kra Daadi,791118,2210
Krishna,520001,15984
Krishna,520002,1994
Krishna,520003,7792
Krishna,520004,5847
Krishna,520007,10380
Krishna,520008,3077
Krishna,520010,7735
Krishna,520011,4473
Krishna,520012,11237
Krishna,520013,9008
Krishna,520015,13384
Krishna,521001,16807
Krishna,521002,5617
Krishna,521003,9
Krishna,521101,4825
Krishna,521102,1559
Krishna,521104,1285
Krishna,521105,5638
Krishna,521106,2024
Krishna,521107,850
Krishna,521108,4587
Krishna,521109,2439
Krishna,521110,2653
Krishna,521111,3690
Krishna,521120,4246
Krishna,521121,4045
Krishna,521125,2251
Krishna,521126,2972
Krishna,521130,855
Krishna,521131,2472
Krishna,521132,1634
Krishna,521133,1361
Krishna,521135,732
Krishna,521136,1146
Krishna,521137,4581
Krishna,521138,1051
Krishna,521139,2406
Krishna,521148,723
Krishna,521149,1235
Krishna,521150,1661
Krishna,521151,5925
Krishna,521153,431
Krishna,521156,1005
Krishna,521157,3126
Krishna,521158,417
Krishna,521162,1247
Krishna,521163,1789
Krishna,521164,1233
Krishna,521165,4770
Krishna,521170,1730
Krishna,521175,7716
Krishna,521178,3772
Krishna,521180,6153
Krishna,521181,3161
Krishna,521182,3557
Krishna,521183,1916
Krishna,521185,12204
Krishna,521190,5871
Krishna,521201,8988
Krishna,521207,2739
Krishna,521211,5369
Krishna,521212,4145
Krishna,521213,3667
Krishna,521214,3986
Krishna,521215,6574
Krishna,521225,2808
Krishna,521226,11
Krishna,521227,6916
Krishna,521228,4366
Krishna,521229,4400
Krishna,521230,9908
Krishna,521235,6005
Krishna,521241,1698
Krishna,521245,1440
Krishna,521246,740
Krishna,521247,1042
Krishna,521250,2074
Krishna,521256,1484
Krishna,521260,1805
Krishna,521261,617
Krishna,521263,1627
Krishna,521286,3362
Krishna,521301,12983
Krishna,521311,1205
Krishna,521312,1971
Krishna,521321,2684
Krishna,521322,1144
Krishna,521323,1363
Krishna,521324,7787
Krishna,521325,3047
Krishna,521326,1041
Krishna,521327,1568
Krishna,521328,2732
Krishna,521329,2393
Krishna,521330,1124
Krishna,521331,1326
Krishna,521332,909
Krishna,521333,5123
Krishna,521340,2634
Krishna,521343,2450
Krishna,521344,4455
Krishna,521345,2147
Krishna,521356,1737
Krishna,521366,6312
Krishna,521369,2550
Krishna,521390,424
Krishna,521401,3336
Krishna,521402,2899
Krishna,521403,3753
Krishna,521456,4833
Krishna,521457,982
Krishna,534281,659
Krishnagiri,635001,17973
Krishnagiri,635002,3721
Krishnagiri,635101,2990
Krishnagiri,635102,5870
Krishnagiri,635103,3234
Krishnagiri,635104,7261
Krishnagiri,635105,4088
Krishnagiri,635106,1285
Krishnagiri,635107,12128
Krishnagiri,635108,3133
Krishnagiri,635109,22515
Krishnagiri,635110,4738
Krishnagiri,635111,328
Krishnagiri,635112,10202
Krishnagiri,635113,7391
Krishnagiri,635114,3362
Krishnagiri,635115,5916
Krishnagiri,635116,6730
Krishnagiri,635117,8742
Krishnagiri,635118,5344
Krishnagiri,635119,2990
Krishnagiri,635120,3742
Krishnagiri,635121,8233
Krishnagiri,635122,5586
Krishnagiri,635123,2521
Krishnagiri,635124,1062
Krishnagiri,635126,6750
Krishnagiri,635201,3453
Krishnagiri,635202,4
Krishnagiri,635203,9168
Krishnagiri,635204,4143
Krishnagiri,635205,5
Krishnagiri,635206,6604
Krishnagiri,635207,6878
Krishnagiri,635301,4
Krishnagiri,635302,2
Krishnagiri,635303,4
Krishnagiri,635304,4271
Krishnagiri,635305,2
Krishnagiri,635306,4100
Krishnagiri,635307,6534
Krishnagiri,635654,16
Krishnagiri,636803,2
Krishnagiri,636805,4
Krishnagiri,636806,898
Krishnagiri,636812,93
Krishnagiri,636902,1244
Kulgam,192102,959
Kulgam,192221,1900
Kulgam,192231,37848
Kulgam,192232,5157
Kulgam,192233,11
Kullu,172001,870
Kullu,172002,2418
Kullu,172023,1782
Kullu,172025,458
Kullu,172026,2921
Kullu,172032,788
Kullu,172033,727
Kullu,172201,305
Kullu,175101,3589
Kullu,175102,1174
Kullu,175103,691
Kullu,175104,624
Kullu,175105,1809
Kullu,175106,560
Kullu,175122,29
Kullu,175123,2992
Kullu,175125,3983
Kullu,175126,1727
Kullu,175128,681
Kullu,175129,2065
Kullu,175130,490
Kullu,175131,1785
Kullu,175134,2600
Kullu,175136,613
Kullu,175138,811
Kullu,175141,925
Kullu,175143,449
Kupwara,193221,11422
Kupwara,193222,18546
Kupwara,193223,16160
Kupwara,193224,21793
Kupwara,193225,6597
Kupwara,193302,13106
Kupwara,193303,1044
Kurnool,518001,22194
Kurnool,518002,22424
Kurnool,518003,18382
Kurnool,518004,11272
Kurnool,518005,966
Kurnool,518006,2926
Kurnool,518007,1151
Kurnool,518010,6231
Kurnool,518101,1146
Kurnool,518102,1684
Kurnool,518112,5435
Kurnool,518122,5034
Kurnool,518123,5077
Kurnool,518124,9425
Kurnool,518134,6638
Kurnool,518135,2881
Kurnool,518145,536
Kurnool,518155,1755
Kurnool,518165,1536
Kurnool,518166,2005
Kurnool,518176,3407
Kurnool,518186,481
Kurnool,518196,1983
Kurnool,518206,1638
Kurnool,518216,7122
Kurnool,518217,4079
Kurnool,518218,5989
Kurnool,518220,4822
Kurnool,518221,9337
Kurnool,518222,18340
Kurnool,518225,8298
Kurnool,518301,26266
Kurnool,518302,10643
Kurnool,518308,7003
Kurnool,518313,16036
Kurnool,518319,9081
Kurnool,518323,10104
Kurnool,518333,5738
Kurnool,518343,4036
Kurnool,518344,11235
Kurnool,518345,4375
Kurnool,518346,7233
Kurnool,518347,10284
Kurnool,518348,6768
Kurnool,518349,32
Kurnool,518350,7215
Kurnool,518360,32640
Kurnool,518380,9756
Kurnool,518385,4512
Kurnool,518390,6953
Kurnool,518395,11130
Kurnool,518396,4081
Kurnool,518401,12997
Kurnool,518405,3398
Kurnool,518411,3118
Kurnool,518412,3979
Kurnool,518422,18177
Kurnool,518432,3384
Kurnool,518442,2466
Kurnool,518452,5328
Kurnool,518462,11246
Kurnool,518463,12301
Kurnool,518464,9715
Kurnool,518465,10203
Kurnool,518466,7140
Kurnool,518467,6026
Kurnool,518468,6814
Kurnool,518501,24450
Kurnool,518502,9647
Kurnool,518508,4394
Kurnool,518510,2660
Kurnool,518511,3567
Kurnool,518512,3184
Kurnool,518513,2480
Kurnool,518523,2566
Kurnool,518533,8534
Kurnool,518543,13626
Kurnool,518553,6144
Kurnool,518563,3797
Kurnool,518573,2309
Kurnool,518583,5096
Kurnool,518593,2468
Kurnool,518594,3129
Kurnool,518598,3049
Kurnool,518599,6823
Kurnool,518674,1271
Kurukshetra,136020,32
Kurukshetra,136030,4989
Kurukshetra,136038,2147
Kurukshetra,136118,18748
Kurukshetra,136119,13083
Kurukshetra,136128,18566
Kurukshetra,136129,5545
Kurukshetra,136130,5545
Kurukshetra,136131,12188
Kurukshetra,136132,11438
Kurukshetra,136135,21738
Kurukshetra,136136,3225
Kurukshetra,136156,7475
Kurung Kumey,791118,6041
Kushinagar,274149,13985
Kushinagar,274182,2
Kushinagar,274203,13607
Kushinagar,274206,2644
Kushinagar,274207,12028
Kushinagar,274301,12552
Kushinagar,274302,16932
Kushinagar,274303,11347
Kushinagar,274304,39801
Kushinagar,274305,22158
Kushinagar,274306,14437
Kushinagar,274401,22534
Kushinagar,274402,19612
Kushinagar,274403,2258
Kushinagar,274404,4
Kushinagar,274406,11959
Kushinagar,274407,9874
Kushinagar,274408,1016
Kushinagar,274409,12563
Kushinagar,274509,7
Kushinagar,274701,7
Kushinagar,274801,3145
Kushinagar,274802,20945
Kushinagar *,274304,141
Lahaul And Spiti,172113,20
Lahaul And Spiti,172114,18
Lahaul And Spiti,172117,9
Lahaul And Spiti,175132,12
Lahaul And Spiti,175133,2
Lahaul And Spiti,175139,9
Lahaul And Spiti,175140,4
Lahaul And Spiti,175142,11
Lahul And Spiti,172111,45
Lahul And Spiti,172113,184
Lahul And Spiti,172114,686
Lahul And Spiti,172117,232
Lahul And Spiti,175132,198
Lahul And Spiti,175133,139
Lahul And Spiti,175139,130
Lahul And Spiti,175140,107
Lahul And Spiti,175142,700
Lahul And Spiti,176126,4
Lakhimpur,784160,6484
Lakhimpur,784161,2675
Lakhimpur,784162,513
Lakhimpur,784163,433
Lakhimpur,784164,1438
Lakhimpur,784165,1190
Lakhimpur,787001,2509
Lakhimpur,787031,8195
Lakhimpur,787032,5483
Lakhimpur,787033,674
Lakhimpur,787034,7
Lakhimpur,787035,2
Lakhimpur,787051,2236
Lakhimpur,787052,5433
Lakhimpur,787053,2349
Lakhimpur,787054,5105
Lakhimpur,787055,6392
Lakhimpur,787056,1123
Lakhimpur,787058,811
Lakhisarai,811101,2
Lakhisarai,811105,30
Lakhisarai,811106,14184
Lakhisarai,811107,5668
Lakhisarai,811112,3124
Lakhisarai,811202,11
Lakhisarai,811212,43
Lakhisarai,811302,11440
Lakhisarai,811304,592
Lakhisarai,811309,4638
Lakhisarai,811310,12491
Lakhisarai,811311,33187
Lakhisarai,811315,2790
Lakshadweep,682551,2327
Lakshadweep,682552,1279
Lakshadweep,682553,1046
Lakshadweep,682554,153
Lakshadweep,682555,971
Lakshadweep,682556,691
Lakshadweep,682557,565
Lakshadweep,682558,406
Lakshadweep,682559,1149
Lalitpur,284122,9551
Lalitpur,284123,6966
Lalitpur,284124,7185
Lalitpur,284125,21
Lalitpur,284126,17411
Lalitpur,284136,1058
Lalitpur,284303,2
Lalitpur,284402,9020
Lalitpur,284403,39117
Lalitpur,284404,13436
Lalitpur,284405,17866
Lalitpur,284406,10047
Lalitpur,284501,2892
Latehar,822111,7684
Latehar,822113,4
Latehar,822119,6737
Latehar,822126,9045
Latehar,822127,80
Latehar,829202,14373
Latehar,829203,9929
Latehar,829204,8712
Latehar,829206,11030
Latehar,829207,9033
Latehar,829208,821
Latur,413501,12
Latur,413502,75
Latur,413510,6192
Latur,413511,18398
Latur,413512,57629
Latur,413513,13830
Latur,413514,13977
Latur,413515,19571
Latur,413516,12730
Latur,413517,43009
Latur,413518,9075
Latur,413519,12956
Latur,413520,37337
Latur,413521,35375
Latur,413522,16027
Latur,413523,9690
Latur,413524,6563
Latur,413527,19200
Latur,413529,6182
Latur,413530,11686
Latur,413531,39812
Latur,413532,13295
Latur,413544,12714
Latur,413581,2047
Latur,413603,7
Latur,413607,13844
Latur,431522,8441
Lawngtlai,796770,7195
Lawngtlai,796772,1718
Lawngtlai,796810,1780
Lawngtlai,796891,11901
Lawngtlai,796901,1336
Leh,194101,4196
Leh,194103,5
Leh,194104,324
Leh,194105,2
Leh,194106,1566
Leh,194109,4
Leh,194201,1527
Leh,194401,1835
Leh,194402,39
Leh,194404,96
Leh (Ladakh),194101,9
Leh (Ladakh),194104,4
Leh (Ladakh),194106,4
Leh (Ladakh),194201,4
Leparada,791101,64
Lohardaga,834004,2
Lohardaga,834009,11
Lohardaga,835202,4
Lohardaga,835203,1524
Lohardaga,835205,48
Lohardaga,835207,5
Lohardaga,835213,9255
Lohardaga,835214,3142
Lohardaga,835231,216
Lohardaga,835301,3309
Lohardaga,835302,45031
Lohardaga,835304,69
Lohardaga,835325,7229
Lohit,792001,3416
Lohit,792102,2967
Lohit,792103,166
Lohit,792111,385
Longding,786629,2
Longding,786630,94
Longding,786631,273
Longding,792130,768
Longding,792131,3494
Longleng,798618,595
Longleng,798622,346
Longleng,798625,3824
Lower Dibang Valley,792110,4006
Lower Siang,791101,331
Lower Siang,791102,66
Lower Siang,791125,339
Lower Subansiri,791118,4
Lower Subansiri,791119,622
Lower Subansiri,791120,4150
Lucknow,226001,12242
Lucknow,226002,19633
Lucknow,226003,39001
Lucknow,226004,11059
Lucknow,226005,9551
Lucknow,226006,3714
Lucknow,226007,1741
Lucknow,226008,9054
Lucknow,226009,952
Lucknow,226010,13810
Lucknow,226011,5371
Lucknow,226012,7493
Lucknow,226013,1206
Lucknow,226014,527
Lucknow,226015,1271
Lucknow,226016,14548
Lucknow,226017,15927
Lucknow,226018,8418
Lucknow,226019,173
Lucknow,226020,17746
Lucknow,226021,15121
Lucknow,226022,9375
Lucknow,226023,5328
Lucknow,226024,5041
Lucknow,226025,3370
Lucknow,226026,4029
Lucknow,226028,10775
Lucknow,226029,3133
Lucknow,226030,314
Lucknow,226031,962
Lucknow,226101,6237
Lucknow,226102,1901
Lucknow,226103,11
Lucknow,226104,43
Lucknow,226201,298
Lucknow,226202,27
Lucknow,226203,1165
Lucknow,226301,3708
Lucknow,226302,540
Lucknow,226303,21
Lucknow,226401,3402
Lucknow,226501,1493
Lucknow,227101,3956
Lucknow,227105,3794
Lucknow,227107,14330
Lucknow,227111,11078
Lucknow,227115,15619
Lucknow,227116,5593
Lucknow,227125,10389
Lucknow,227132,2
Lucknow,227202,10251
Lucknow,227205,11385
Lucknow,227207,45
Lucknow,227305,16185
Lucknow,227308,8840
Lucknow,227309,6178
Ludhiana,141001,27839
Ludhiana,141002,5861
Ludhiana,141003,26779
Ludhiana,141004,130
Ludhiana,141006,2058
Ludhiana,141007,28791
Ludhiana,141008,33561
Ludhiana,141010,14464
Ludhiana,141012,5658
Ludhiana,141013,8129
Ludhiana,141014,5734
Ludhiana,141015,10888
Ludhiana,141016,10241
Ludhiana,141017,1110
Ludhiana,141101,2821
Ludhiana,141102,1468
Ludhiana,141103,549
Ludhiana,141104,1508
Ludhiana,141105,1174
Ludhiana,141106,121
Ludhiana,141107,2249
Ludhiana,141108,1714
Ludhiana,141109,7333
Ludhiana,141110,2195
Ludhiana,141112,2716
Ludhiana,141113,1629
Ludhiana,141114,7422
Ludhiana,141115,7390
Ludhiana,141116,5743
Ludhiana,141117,2635
Ludhiana,141118,2441
Ludhiana,141119,2979
Ludhiana,141120,4180
Ludhiana,141121,2753
Ludhiana,141122,1461
Ludhiana,141123,2983
Ludhiana,141124,1076
Ludhiana,141125,811
Ludhiana,141126,4478
Ludhiana,141201,540
Ludhiana,141202,964
Ludhiana,141203,709
Ludhiana,141204,1999
Ludhiana,141205,1525
Ludhiana,141206,1798
Ludhiana,141401,15449
Ludhiana,141411,522
Ludhiana,141412,1497
Ludhiana,141413,1333
Ludhiana,141414,2536
Ludhiana,141415,1424
Ludhiana,141416,2448
Ludhiana,141417,1447
Ludhiana,141418,1907
Ludhiana,141419,780
Ludhiana,141421,7272
Ludhiana,141422,631
Ludhiana,142021,2144
Ludhiana,142022,2849
Ludhiana,142023,1818
Ludhiana,142024,1094
Ludhiana,142025,1985
Ludhiana,142026,9681
Ludhiana,142027,2374
Ludhiana,142028,25
Ludhiana,142029,1299
Ludhiana,142030,1333
Ludhiana,142031,1288
Ludhiana,142032,3222
Ludhiana,142033,5560
Ludhiana,142034,2137
Ludhiana,142035,3788
Ludhiana,142036,1769
Lunglei,796101,5
Lunglei,796181,287
Lunglei,796571,3200
Lunglei,796581,588
Lunglei,796691,1627
Lunglei,796701,10718
Lunglei,796710,1504
Lunglei,796730,5216
Lunglei,796751,3856
Lunglei,796770,242
Madhepura,813204,4
Madhepura,852101,20629
Madhepura,852107,349
Madhepura,852108,2931
Madhepura,852112,19995
Madhepura,852113,16738
Madhepura,852114,10790
Madhepura,852115,10219
Madhepura,852116,11093
Madhepura,852121,5599
Madhepura,852122,17117
Madhepura,852124,7409
Madhepura,852126,2
Madhepura,852127,11
Madhepura,852128,32274
Madhepura,852131,1593
Madhepura,852138,5
Madhepura,852202,1067
Madhepura,852210,24737
Madhepura,852213,12705
Madhepura,852218,7
Madhepura,852219,11
Madhepura,852220,11271
Madhepura,853204,2350
Madhepura,854304,2
Madhubani,843319,1051
Madhubani,847102,9134
Madhubani,847108,16693
Madhubani,847109,4583
Madhubani,847121,6160
Madhubani,847122,7448
Madhubani,847211,10109
Madhubani,847212,8544
Madhubani,847213,3270
Madhubani,847214,14
Madhubani,847215,2910
Madhubani,847222,8829
Madhubani,847223,17370
Madhubani,847224,10911
Madhubani,847225,19762
Madhubani,847226,25947
Madhubani,847227,11795
Madhubani,847228,17853
Madhubani,847229,10282
Madhubani,847230,10186
Madhubani,847231,5127
Madhubani,847232,11636
Madhubani,847234,10934
Madhubani,847235,19877
Madhubani,847236,9177
Madhubani,847238,8350
Madhubani,847239,6205
Madhubani,847240,7710
Madhubani,847304,9172
Madhubani,847305,3286
Madhubani,847306,747
Madhubani,847308,9592
Madhubani,847401,8528
Madhubani,847402,19822
Madhubani,847403,9530
Madhubani,847404,15519
Madhubani,847407,1616
Madhubani,847408,27322
Madhubani,847409,11429
Madhubani,847410,5039
Madhubani,847411,2486
Madhubani,847421,9956
Madhubani,847424,4426
Madhubani,847452,4002
Madurai,624401,4
Madurai,625001,17499
Madurai,625002,15530
Madurai,625003,8527
Madurai,625004,2514
Madurai,625005,6696
Madurai,625006,6310
Madurai,625007,7525
Madurai,625008,2746
Madurai,625009,21440
Madurai,625011,12584
Madurai,625012,12636
Madurai,625014,11055
Madurai,625016,22181
Madurai,625017,9499
Madurai,625018,11836
Madurai,625019,4815
Madurai,625020,16148
Madurai,625021,1916
Madurai,625022,8101
Madurai,625023,4
Madurai,625101,6517
Madurai,625102,1976
Madurai,625103,5759
Madurai,625104,2224
Madurai,625105,2837
Madurai,625106,10937
Madurai,625107,6477
Madurai,625108,2990
Madurai,625109,5303
Madurai,625110,2042
Madurai,625122,2356
Madurai,625201,3733
Madurai,625205,1483
Madurai,625207,3995
Madurai,625209,132
Madurai,625214,2719
Madurai,625218,6119
Madurai,625221,2609
Madurai,625234,2436
Madurai,625301,9180
Madurai,625402,5686
Madurai,625501,4720
Madurai,625502,492
Madurai,625503,6021
Madurai,625514,11130
Madurai,625527,4888
Madurai,625529,2767
Madurai,625532,11723
Madurai,625535,8462
Madurai,625536,37
Madurai,625537,4198
Madurai,625566,4
Madurai,625701,3726
Madurai,625702,4907
Madurai,625703,5522
Madurai,625704,2409
Madurai,625705,5843
Madurai,625706,14273
Madurai,625707,1885
Madurai,625708,889
Mahabub Nagar,509001,121
Mahabub Nagar,509102,7
Mahabub Nagar,509103,2
Mahabub Nagar,509104,114
Mahabub Nagar,509105,198
Mahabub Nagar,509110,153
Mahabub Nagar,509120,5
Mahabub Nagar,509125,993
Mahabub Nagar,509126,184
Mahabub Nagar,509127,638
Mahabub Nagar,509128,508
Mahabub Nagar,509129,640
Mahabub Nagar,509130,269
Mahabub Nagar,509131,225
Mahabub Nagar,509132,1235
Mahabub Nagar,509135,321
Mahabub Nagar,509152,144
Mahabub Nagar,509153,176
Mahabub Nagar,509201,25
Mahabub Nagar,509202,802
Mahabub Nagar,509203,27
Mahabub Nagar,509204,273
Mahabub Nagar,509205,428
Mahabub Nagar,509206,12
Mahabub Nagar,509207,645
Mahabub Nagar,509208,802
Mahabub Nagar,509209,34
Mahabub Nagar,509210,652
Mahabub Nagar,509215,289
Mahabub Nagar,509216,453
Mahabub Nagar,509219,278
Mahabub Nagar,509228,194
Mahabub Nagar,509235,5
Mahabub Nagar,509301,1771
Mahabub Nagar,509311,173
Mahabub Nagar,509320,78
Mahabub Nagar,509321,483
Mahabub Nagar,509324,100
Mahabub Nagar,509325,46
Mahabub Nagar,509327,4
Mahabub Nagar,509334,453
Mahabub Nagar,509336,811
Mahabub Nagar,509338,1117
Mahabub Nagar,509339,1543
Mahabub Nagar,509340,690
Mahabub Nagar,509349,18
Mahabub Nagar,509350,552
Mahabub Nagar,509351,98
Mahabub Nagar,509352,137
Mahabub Nagar,509353,178
Mahabub Nagar,509357,55
Mahabub Nagar,509358,178
Mahabub Nagar,509360,339
Mahabub Nagar,509371,843
Mahabub Nagar,509375,37
Mahabub Nagar,509376,27
Mahabub Nagar,509380,45
Mahabub Nagar,509381,7
Mahabub Nagar,509382,45
Mahabub Nagar,509385,9
Mahabub Nagar,509401,25
Mahabub Nagar,509406,572
Mahabub Nagar,509407,825
Mahabub Nagar,509408,756
Mahabub Nagar,509409,164
Mahabub Nagar,509410,358
Mahabub Nagar,509411,1283
Mahabub Nagar,509412,14
Mahabubabad,506101,2067
Mahabubabad,506104,421
Mahabubabad,506105,1158
Mahabubabad,506112,2714
Mahabubabad,506134,845
Mahabubabad,506135,497
Mahabubabad,506163,1982
Mahabubabad,506310,5
Mahabubabad,506315,1882
Mahabubabad,506317,258
Mahabubabad,506318,141
Mahabubabad,506324,1630
Mahabubabad,506332,48
Mahabubabad,506368,23
Mahabubabad,506381,1773
Mahabubabad,507122,45
Mahabubabad,507210,878
Mahabubabad,507211,1773
Mahabubnagar,501502,2
Mahabubnagar,509001,23828
Mahabubnagar,509102,6545
Mahabubnagar,509103,3190
Mahabubnagar,509104,3555
Mahabubnagar,509105,3183
Mahabubnagar,509110,4284
Mahabubnagar,509120,2457
Mahabubnagar,509125,11390
Mahabubnagar,509126,3172
Mahabubnagar,509127,6659
Mahabubnagar,509128,3509
Mahabubnagar,509129,4786
Mahabubnagar,509130,3480
Mahabubnagar,509131,3286
Mahabubnagar,509132,5118
Mahabubnagar,509135,3735
Mahabubnagar,509152,1249
Mahabubnagar,509153,2349
Mahabubnagar,509201,7226
Mahabubnagar,509202,6559
Mahabubnagar,509203,3585
Mahabubnagar,509204,5633
Mahabubnagar,509205,5923
Mahabubnagar,509206,6474
Mahabubnagar,509207,3877
Mahabubnagar,509208,6611
Mahabubnagar,509209,8028
Mahabubnagar,509210,11677
Mahabubnagar,509215,2974
Mahabubnagar,509216,4480
Mahabubnagar,509217,86
Mahabubnagar,509219,2415
Mahabubnagar,509228,2545
Mahabubnagar,509235,6041
Mahabubnagar,509301,11347
Mahabubnagar,509311,3968
Mahabubnagar,509320,4686
Mahabubnagar,509321,3879
Mahabubnagar,509324,5875
Mahabubnagar,509325,709
Mahabubnagar,509326,435
Mahabubnagar,509327,2005
Mahabubnagar,509334,5471
Mahabubnagar,509335,148
Mahabubnagar,509336,5241
Mahabubnagar,509337,1377
Mahabubnagar,509338,5307
Mahabubnagar,509339,6242
Mahabubnagar,509340,5255
Mahabubnagar,509349,4057
Mahabubnagar,509350,3156
Mahabubnagar,509351,1823
Mahabubnagar,509352,1998
Mahabubnagar,509353,2557
Mahabubnagar,509357,3462
Mahabubnagar,509358,1142
Mahabubnagar,509360,2495
Mahabubnagar,509371,7536
Mahabubnagar,509375,8416
Mahabubnagar,509376,4977
Mahabubnagar,509380,6390
Mahabubnagar,509381,4565
Mahabubnagar,509382,10011
Mahabubnagar,509385,7197
Mahabubnagar,509401,8434
Mahabubnagar,509406,3377
Mahabubnagar,509407,4476
Mahabubnagar,509408,4150
Mahabubnagar,509409,2676
Mahabubnagar,509410,1791
Mahabubnagar,509411,6278
Mahabubnagar,509412,4961
Maharajganj,273002,2
Maharajganj,273151,11139
Maharajganj,273155,12424
Maharajganj,273157,10251
Maharajganj,273158,10269
Maharajganj,273161,4822
Maharajganj,273162,16670
Maharajganj,273163,12568
Maharajganj,273164,18635
Maharajganj,273165,3126
Maharajganj,273207,6354
Maharajganj,273301,9485
Maharajganj,273302,11554
Maharajganj,273303,27280
Maharajganj,273304,12306
Maharajganj,273305,9350
Maharajganj,273306,7459
Maharajganj,273310,25
Mahasamund,492112,6500
Mahasamund,493445,49892
Mahasamund,493449,28532
Mahasamund,493551,25904
Mahasamund,493554,15966
Mahasamund,493555,5941
Mahasamund,493558,45222
Mahasamund,493885,2
Mahbubnagar,509001,128
Mahbubnagar,509102,2268
Mahbubnagar,509103,2742
Mahbubnagar,509104,2292
Mahbubnagar,509105,538
Mahbubnagar,509110,64
Mahbubnagar,509120,2865
Mahbubnagar,509125,533
Mahbubnagar,509126,127
Mahbubnagar,509127,230
Mahbubnagar,509128,71
Mahbubnagar,509129,308
Mahbubnagar,509130,141
Mahbubnagar,509131,166
Mahbubnagar,509132,200
Mahbubnagar,509135,75
Mahbubnagar,509152,61
Mahbubnagar,509153,114
Mahbubnagar,509201,7
Mahbubnagar,509202,116
Mahbubnagar,509203,2088
Mahbubnagar,509204,128
Mahbubnagar,509205,200
Mahbubnagar,509206,2983
Mahbubnagar,509207,107
Mahbubnagar,509208,237
Mahbubnagar,509209,48
Mahbubnagar,509210,604
Mahbubnagar,509215,4
Mahbubnagar,509216,2053
Mahbubnagar,509217,102
Mahbubnagar,509219,45
Mahbubnagar,509228,478
Mahbubnagar,509235,5
Mahbubnagar,509301,18
Mahbubnagar,509309,12
Mahbubnagar,509311,201
Mahbubnagar,509320,36
Mahbubnagar,509321,82
Mahbubnagar,509324,36
Mahbubnagar,509325,139
Mahbubnagar,509327,4
Mahbubnagar,509334,82
Mahbubnagar,509336,168
Mahbubnagar,509338,239
Mahbubnagar,509339,116
Mahbubnagar,509340,159
Mahbubnagar,509349,2
Mahbubnagar,509350,69
Mahbubnagar,509351,73
Mahbubnagar,509352,62
Mahbubnagar,509353,260
Mahbubnagar,509357,4
Mahbubnagar,509358,4
Mahbubnagar,509360,36
Mahbubnagar,509371,169
Mahbubnagar,509375,9
Mahbubnagar,509376,18
Mahbubnagar,509380,46
Mahbubnagar,509381,909
Mahbubnagar,509382,282
Mahbubnagar,509385,53
Mahbubnagar,509401,27
Mahbubnagar,509406,18
Mahbubnagar,509407,192
Mahbubnagar,509408,112
Mahbubnagar,509409,191
Mahbubnagar,509410,141
Mahbubnagar,509411,137
Mahbubnagar,509412,34
Mahendragarh,123001,24302
Mahendragarh,123021,11112
Mahendragarh,123023,12103
Mahendragarh,123024,5991
Mahendragarh,123027,9344
Mahendragarh,123028,3398
Mahendragarh,123029,14829
Mahendragarh,123034,5936
Mahesana,382115,16
Mahesana,382120,20
Mahesana,382140,32
Mahesana,382145,212
Mahesana,382165,3735
Mahesana,382170,144
Mahesana,382705,5886
Mahesana,382710,2571
Mahesana,382715,16616
Mahesana,382721,91
Mahesana,382730,2138
Mahesana,382732,4177
Mahesana,382815,887
Mahesana,382820,1440
Mahesana,382825,987
Mahesana,382830,2381
Mahesana,382840,1851
Mahesana,382850,1529
Mahesana,382860,1402
Mahesana,382865,2336
Mahesana,382870,7552
Mahesana,384001,18302
Mahesana,384002,8747
Mahesana,384003,453
Mahesana,384120,3876
Mahesana,384130,2135
Mahesana,384140,577
Mahesana,384151,16
Mahesana,384160,1132
Mahesana,384170,9464
Mahesana,384205,3797
Mahesana,384210,5107
Mahesana,384212,2682
Mahesana,384215,862
Mahesana,384225,20
Mahesana,384260,633
Mahesana,384305,1755
Mahesana,384310,1825
Mahesana,384315,13459
Mahesana,384320,793
Mahesana,384325,10105
Mahesana,384330,5084
Mahesana,384335,4031
Mahesana,384340,1648
Mahesana,384345,1876
Mahesana,384350,3240
Mahesana,384355,9717
Mahesana,384360,665
Mahesana,384410,2434
Mahesana,384415,4
Mahesana,384421,3959
Mahesana,384430,1450
Mahesana,384435,2181
Mahesana,384440,5
Mahisagar,388235,12
Mahisagar,388255,5246
Mahisagar,388260,4423
Mahisagar,388265,2602
Mahisagar,388270,2644
Mahisagar,389110,3840
Mahisagar,389172,2466
Mahisagar,389190,1089
Mahisagar,389210,583
Mahisagar,389220,3179
Mahisagar,389230,11406
Mahisagar,389232,2133
Mahisagar,389235,1604
Mahisagar,389240,4943
Mahisagar,389250,706
Mahisagar,389260,6009
Mahisagar,389265,2270
Mahoba,210203,2
Mahoba,210204,2
Mahoba,210421,10763
Mahoba,210423,9827
Mahoba,210424,9850
Mahoba,210425,3621
Mahoba,210426,9034
Mahoba,210427,17803
Mahoba,210429,13491
Mahoba,210431,510
Mahoba,210433,7559
Mahoba,210501,2
Mahoba,210502,2
Mahoba,210504,78
Mahoba,210506,25
Mahoba,210507,4
Mahoba *,210421,2
Mahrajganj,273155,5
Mahrajganj,273157,2
Mahrajganj,273162,9
Mahrajganj,273163,4
Mahrajganj,273164,5
Mahrajganj,273165,2
Mahrajganj,273301,4
Mahrajganj,273302,5
Mahrajganj,273303,9
Maihar,485115,39
Maihar,485771,531
Maihar,485772,102
Maihar,485773,135
Maihar,485774,198
Maihar,485775,649
Maihar,485778,207
Maihar,485881,850
Mainpuri,205001,25622
Mainpuri,205119,4703
Mainpuri,205121,6882
Mainpuri,205130,1826
Mainpuri,205142,675
Mainpuri,205247,5529
Mainpuri,205261,8817
Mainpuri,205262,11185
Mainpuri,205263,5460
Mainpuri,205264,9282
Mainpuri,205265,12142
Mainpuri,205267,8190
Mainpuri,205268,7105
Mainpuri,205301,868
Mainpuri,205303,1066
Mainpuri,205304,955
Mainpuri,206301,8322
Mainpuri,206302,6864
Mainpuri,206303,5921
Mainpuri,215126,32
Mainpuri,283130,14
Mainpuri,283142,30
Majuli,785102,87
Majuli,785104,2719
Majuli,785105,1155
Majuli,785106,1165
Majuli,785110,868
Majuli,785614,32
Malappuram,673314,2133
Malappuram,673632,1107
Malappuram,673633,2742
Malappuram,673634,4628
Malappuram,673635,588
Malappuram,673636,3929
Malappuram,673637,4703
Malappuram,673638,13156
Malappuram,673639,15120
Malappuram,673640,2263
Malappuram,673641,10186
Malappuram,673642,4745
Malappuram,673645,5419
Malappuram,673647,859
Malappuram,676101,2477
Malappuram,676102,5891
Malappuram,676103,2311
Malappuram,676104,96
Malappuram,676105,937
Malappuram,676106,3437
Malappuram,676107,629
Malappuram,676108,1860
Malappuram,676109,1818
Malappuram,676121,3295
Malappuram,676122,5501
Malappuram,676123,9822
Malappuram,676301,5084
Malappuram,676302,6198
Malappuram,676303,4473
Malappuram,676304,10754
Malappuram,676305,5057
Malappuram,676306,9507
Malappuram,676307,5526
Malappuram,676309,1707
Malappuram,676311,3259
Malappuram,676312,1087
Malappuram,676317,4793
Malappuram,676319,2701
Malappuram,676320,3156
Malappuram,676501,4988
Malappuram,676502,1360
Malappuram,676503,9476
Malappuram,676504,4065
Malappuram,676505,944
Malappuram,676506,4041
Malappuram,676507,4122
Malappuram,676508,5836
Malappuram,676509,3667
Malappuram,676510,2947
Malappuram,676517,3961
Malappuram,676519,7147
Malappuram,676521,4911
Malappuram,676522,568
Malappuram,676523,3314
Malappuram,676525,4378
Malappuram,676528,5734
Malappuram,676541,3330
Malappuram,676542,2443
Malappuram,676551,8475
Malappuram,676552,10187
Malappuram,676553,5111
Malappuram,676561,2338
Malappuram,676562,1518
Malappuram,679321,7185
Malappuram,679322,6000
Malappuram,679323,2635
Malappuram,679324,5421
Malappuram,679325,6852
Malappuram,679326,3730
Malappuram,679327,3183
Malappuram,679328,4191
Malappuram,679329,4077
Malappuram,679330,4070
Malappuram,679331,4895
Malappuram,679332,4002
Malappuram,679333,3266
Malappuram,679334,5613
Malappuram,679338,6673
Malappuram,679339,4662
Malappuram,679340,2325
Malappuram,679341,351
Malappuram,679357,3362
Malappuram,679571,4645
Malappuram,679572,987
Malappuram,679573,3591
Malappuram,679574,991
Malappuram,679575,1761
Malappuram,679576,5255
Malappuram,679577,3494
Malappuram,679578,2037
Malappuram,679579,2349
Malappuram,679580,1098
Malappuram,679581,800
Malappuram,679582,1978
Malappuram,679583,1322
Malappuram,679584,1691
Malappuram,679585,1491
Malappuram,679586,3316
Malappuram,679587,661
Malappuram,679591,1393
Malda,732101,4993
Malda,732102,10134
Malda,732103,4209
Malda,732121,2913
Malda,732122,4433
Malda,732123,9147
Malda,732124,9690
Malda,732125,23194
Malda,732126,3833
Malda,732127,1864
Malda,732128,5130
Malda,732138,5513
Malda,732139,8245
Malda,732140,7596
Malda,732141,1548
Malda,732142,4300
Malda,732143,114
Malda,732144,100
Malda,732147,538
Malda,732150,228
Malda,732201,12882
Malda,732202,6239
Malda,732203,6875
Malda,732204,1962
Malda,732205,5011
Malda,732206,6410
Malda,732207,8092
Malda,732208,3861
Malda,732209,2015
Malda,732210,3354
Malda,732211,445
Malda,732212,1083
Malda,732213,80
Malda,732214,135
Malda,732215,78
Malda,732216,1652
Malda,733124,1819
Malda,733142,123
Malda,742202,84
Maldah,732101,41
Maldah,732102,1467
Maldah,732103,978
Maldah,732121,201
Maldah,732122,7
Maldah,732123,1190
Maldah,732124,5
Maldah,732125,18
Maldah,732126,130
Maldah,732127,1028
Maldah,732128,987
Maldah,732138,20
Maldah,732139,1796
Maldah,732140,2
Maldah,732141,278
Maldah,732142,1584
Maldah,732143,105
Maldah,732144,86
Maldah,732147,4
Maldah,732150,93
Maldah,732201,5560
Maldah,732203,7
Maldah,732204,451
Maldah,732205,2798
Maldah,732206,1597
Maldah,732207,2320
Maldah,732208,89
Maldah,732210,1415
Maldah,732211,2
Maldah,732212,114
Maldah,732213,55
Maldah,732214,77
Maldah,732215,34
Maldah,732216,693
Maldah,742202,30
Malerkotla,148018,437
Malerkotla,148019,1000
Malerkotla,148020,2790
Malerkotla,148021,3689
Malerkotla,148022,2361
Malerkotla,148023,14289
Malerkotla,148024,2
Malkangiri,764042,563
Malkangiri,764043,9254
Malkangiri,764044,18628
Malkangiri,764045,13320
Malkangiri,764046,2283
Malkangiri,764047,9487
Malkangiri,764048,1153
Malkangiri,764051,9453
Malkangiri,764052,14173
Malkangiri,764086,4713
Malkangiri,764087,2926
Mamit,796081,260
Mamit,796410,470
Mamit,796421,305
Mamit,796431,7810
Mamit,796441,6782
Mamit,796471,2153
Mamit,796501,1313
Mammit,796005,2
Mammit,796081,168
Mammit,796410,105
Mammit,796421,271
Mammit,796431,1007
Mammit,796441,2028
Mammit,796471,1133
Mammit,796501,378
Mancherial,504201,2295
Mancherial,504204,1060
Mancherial,504205,816
Mancherial,504206,538
Mancherial,504207,715
Mancherial,504208,3411
Mancherial,504209,552
Mancherial,504214,1417
Mancherial,504215,1422
Mancherial,504216,1099
Mancherial,504218,535
Mancherial,504219,549
Mancherial,504220,36
Mancherial,504231,1766
Mancherial,504251,2012
Mancherial,504272,485
Mancherial,504273,469
Mancherial,504294,4
Mancherial,504301,846
Mancherial,504302,1467
Mancherial,504303,620
Mandi,171302,2115
Mandi,171303,390
Mandi,171304,3491
Mandi,174401,4535
Mandi,174402,463
Mandi,174403,985
Mandi,175001,7304
Mandi,175002,2455
Mandi,175003,1680
Mandi,175004,859
Mandi,175005,2324
Mandi,175006,2322
Mandi,175007,444
Mandi,175008,3305
Mandi,175009,921
Mandi,175010,62
Mandi,175011,2347
Mandi,175012,128
Mandi,175013,251
Mandi,175014,14
Mandi,175015,592
Mandi,175016,50
Mandi,175017,39
Mandi,175018,1586
Mandi,175019,895
Mandi,175020,12
Mandi,175021,1762
Mandi,175022,18
Mandi,175023,1500
Mandi,175024,4225
Mandi,175025,1221
Mandi,175026,729
Mandi,175027,4414
Mandi,175028,1240
Mandi,175029,3624
Mandi,175030,1126
Mandi,175031,2024
Mandi,175032,4009
Mandi,175033,1638
Mandi,175034,766
Mandi,175035,2245
Mandi,175036,2320
Mandi,175037,116
Mandi,175038,1923
Mandi,175039,659
Mandi,175040,2874
Mandi,175042,647
Mandi,175045,30
Mandi,175046,2133
Mandi,175047,2080
Mandi,175048,1443
Mandi,175049,2347
Mandi,175050,821
Mandi,175051,205
Mandi,175052,1297
Mandi,175075,11
Mandi,175106,1693
Mandi,175121,3161
Mandi,175123,1230
Mandi,175124,4654
Mandi,175125,46
Mandi,175137,46
Mandi,176090,1762
Mandi,176120,4706
Mandi,176121,2917
Mandi,176122,1611
Mandi,176123,358
Mandi,176126,1652
Mandla,480667,2
Mandla,481105,11
Mandla,481117,4
Mandla,481337,2
Mandla,481449,7
Mandla,481661,19596
Mandla,481662,8911
Mandla,481663,4328
Mandla,481664,5920
Mandla,481665,4665
Mandla,481666,3430
Mandla,481668,5761
Mandla,481672,2725
Mandla,481768,4827
Mandla,481771,7561
Mandla,481776,4189
Mandla,481879,12
Mandla,481882,5
Mandla,481885,10602
Mandla,481995,12686
Mandla,481996,10169
Mandla,481998,5506
Mandsaur,457339,7
Mandsaur,458001,14715
Mandsaur,458002,15711
Mandsaur,458339,3202
Mandsaur,458389,8097
Mandsaur,458441,82
Mandsaur,458553,3769
Mandsaur,458556,7400
Mandsaur,458558,10533
Mandsaur,458664,7080
Mandsaur,458667,11862
Mandsaur,458669,4986
Mandsaur,458771,563
Mandsaur,458775,10503
Mandsaur,458778,3359
Mandsaur,458880,16278
Mandsaur,458883,12582
Mandsaur,458888,14350
Mandsaur,458895,8689
Mandsaur,458990,10989
Mandya,571401,7042
Mandya,571402,4273
Mandya,571403,4872
Mandya,571404,2242
Mandya,571405,2748
Mandya,571415,2798
Mandya,571416,2912
Mandya,571417,1657
Mandya,571418,2828
Mandya,571419,2236
Mandya,571421,4049
Mandya,571422,5073
Mandya,571423,4817
Mandya,571424,2796
Mandya,571425,2741
Mandya,571426,5847
Mandya,571427,1155
Mandya,571428,3975
Mandya,571429,2935
Mandya,571430,7972
Mandya,571431,1126
Mandya,571432,6255
Mandya,571433,3093
Mandya,571434,4941
Mandya,571435,1288
Mandya,571436,1866
Mandya,571437,77
Mandya,571438,3762
Mandya,571445,1219
Mandya,571446,2201
Mandya,571448,148
Mandya,571450,859
Mandya,571455,1778
Mandya,571463,1527
Mandya,571476,30
Mandya,571605,2921
Mandya,571606,1133
Mandya,571607,953
Mandya,571802,2047
Mandya,571807,2170
Mandya,571810,66
Mandya,571811,369
Mandya,571812,2418
Manendragarhchirmiribharatpur,497449,556
Manendragarh–Chirmiri–Bharatpur,497335,21
Manendragarh–Chirmiri–Bharatpur,497442,100
Manendragarh–Chirmiri–Bharatpur,497446,9
Manendragarh–Chirmiri–Bharatpur,497447,11
Manendragarh–Chirmiri–Bharatpur,497448,7
Manendragarh–Chirmiri–Bharatpur,497449,135
Manendragarh–Chirmiri–Bharatpur,497451,9
Manendragarh–Chirmiri–Bharatpur,497553,11
Manendragarh–Chirmiri–Bharatpur,497555,9
Manendragarh–Chirmiri–Bharatpur,497557,5
Manendragarh–Chirmiri–Bharatpur,497559,2
Manendragarh–Chirmiri–Bharatpur,497778,182
Mansa,148109,3908
Mansa,151104,2
Mansa,151302,1356
Mansa,151501,9008
Mansa,151502,16969
Mansa,151503,8664
Mansa,151504,11449
Mansa,151505,24897
Mansa,151506,9726
Mansa,151507,10729
Mansa,151508,7035
Mansa,151509,1461
Marigaon,782001,18
Marigaon,782103,2892
Marigaon,782104,5082
Marigaon,782105,5576
Marigaon,782106,2789
Marigaon,782121,8183
Marigaon,782123,1490
Marigaon,782125,11
Marigaon,782126,9622
Marigaon,782127,11290
Marigaon,782142,911
Marigaon,782410,3295
Marigaon,782411,6948
Marigaon,782412,1573
Marigaon,782413,634
Marigaon,782425,159
Mathura,281001,24608
Mathura,281003,5096
Mathura,281004,16870
Mathura,281005,6185
Mathura,281006,7946
Mathura,281121,6443
Mathura,281122,10278
Mathura,281123,3658
Mathura,281201,4797
Mathura,281202,6691
Mathura,281203,2589
Mathura,281204,16130
Mathura,281205,7864
Mathura,281206,2785
Mathura,281301,9833
Mathura,281302,581
Mathura,281303,241
Mathura,281305,4758
Mathura,281306,729
Mathura,281308,4310
Mathura,281401,13689
Mathura,281403,16176
Mathura,281404,7914
Mathura,281405,5219
Mathura,281406,5590
Mathura,281501,4849
Mathura,281502,12657
Mathura,281504,4307
Mau,121705,3901
Mau,221601,6545
Mau,221602,5378
Mau,221603,8430
Mau,221705,996
Mau,221706,7055
Mau,223222,2
Mau,223225,2
Mau,275101,29772
Mau,275102,4421
Mau,275105,4665
Mau,275301,7283
Mau,275302,5073
Mau,275303,6998
Mau,275304,8031
Mau,275305,10768
Mau,275306,2931
Mau,275307,3264
Mau,276001,2
Mau,276124,178
Mau,276129,6894
Mau,276131,4
Mau,276135,4
Mau,276137,4
Mau,276203,2
Mau,276306,6344
Mau,276402,7452
Mau,276403,15191
Mau,276404,25
Mau,276405,4907
Mau,276406,41
Mauganj,486115,57
Mauganj,486117,32
Mauganj,486123,45
Mauganj,486331,891
Mauganj,486333,114
Mauganj,486335,331
Mauganj,486338,18
Mauganj,486340,269
Mauganj,486341,134
Mayiladuthurai,609001,1372
Mayiladuthurai,609003,166
Mayiladuthurai,609101,456
Mayiladuthurai,609102,289
Mayiladuthurai,609103,48
Mayiladuthurai,609104,134
Mayiladuthurai,609105,233
Mayiladuthurai,609106,296
Mayiladuthurai,609107,52
Mayiladuthurai,609108,289
Mayiladuthurai,609109,219
Mayiladuthurai,609110,173
Mayiladuthurai,609111,283
Mayiladuthurai,609112,46
Mayiladuthurai,609113,292
Mayiladuthurai,609114,148
Mayiladuthurai,609115,41
Mayiladuthurai,609116,103
Mayiladuthurai,609117,191
Mayiladuthurai,609118,164
Mayiladuthurai,609201,52
Mayiladuthurai,609202,157
Mayiladuthurai,609203,266
Mayiladuthurai,609205,52
Mayiladuthurai,609301,203
Mayiladuthurai,609302,80
Mayiladuthurai,609303,21
Mayiladuthurai,609304,143
Mayiladuthurai,609305,134
Mayiladuthurai,609306,59
Mayiladuthurai,609307,344
Mayiladuthurai,609308,61
Mayiladuthurai,609309,428
Mayiladuthurai,609310,21
Mayiladuthurai,609311,94
Mayiladuthurai,609312,52
Mayiladuthurai,609313,246
Mayiladuthurai,609314,53
Mayiladuthurai,609401,41
Mayiladuthurai,609402,96
Mayiladuthurai,609403,11
Mayiladuthurai,609404,71
Mayurbhanj,756027,27
Mayurbhanj,756028,53
Mayurbhanj,756030,460
Mayurbhanj,757001,5178
Mayurbhanj,757002,1978
Mayurbhanj,757003,2297
Mayurbhanj,757014,3612
Mayurbhanj,757016,3701
Mayurbhanj,757017,2755
Mayurbhanj,757018,5011
Mayurbhanj,757019,3500
Mayurbhanj,757020,3325
Mayurbhanj,757021,2623
Mayurbhanj,757022,3161
Mayurbhanj,757023,2676
Mayurbhanj,757024,3232
Mayurbhanj,757025,5791
Mayurbhanj,757026,4041
Mayurbhanj,757027,1053
Mayurbhanj,757028,4043
Mayurbhanj,757029,4458
Mayurbhanj,757030,4808
Mayurbhanj,757031,1317
Mayurbhanj,757032,6745
Mayurbhanj,757033,8952
Mayurbhanj,757034,5859
Mayurbhanj,757035,5959
Mayurbhanj,757036,5312
Mayurbhanj,757037,8411
Mayurbhanj,757038,11262
Mayurbhanj,757039,5841
Mayurbhanj,757040,5977
Mayurbhanj,757041,6340
Mayurbhanj,757042,4369
Mayurbhanj,757043,6435
Mayurbhanj,757045,5775
Mayurbhanj,757046,4266
Mayurbhanj,757047,4298
Mayurbhanj,757048,7112
Mayurbhanj,757049,5784
Mayurbhanj,757050,6274
Mayurbhanj,757051,3430
Mayurbhanj,757052,6003
Mayurbhanj,757053,7286
Mayurbhanj,757054,3063
Mayurbhanj,757055,2568
Mayurbhanj,757073,2750
Mayurbhanj,757074,2716
Mayurbhanj,757075,4072
Mayurbhanj,757077,4255
Mayurbhanj,757079,7894
Mayurbhanj,757081,1728
Mayurbhanj,757082,2634
Mayurbhanj,757083,1785
Mayurbhanj,757084,3065
Mayurbhanj,757085,1550
Mayurbhanj,757086,3227
Mayurbhanj,757087,5920
Mayurbhanj,757091,4539
Mayurbhanj,757092,4163
Mayurbhanj,757093,2605
Mayurbhanj,757100,2525
Mayurbhanj,757101,2425
Mayurbhanj,757102,1787
Mayurbhanj,757103,1572
Mayurbhanj,757104,1987
Mayurbhanj,757105,2805
Mayurbhanj,757106,3698
Mayurbhanj,757107,3614
Medak,502001,5078
Medak,502032,8170
Medak,502101,1386
Medak,502102,6089
Medak,502103,6955
Medak,502107,1917
Medak,502108,4774
Medak,502109,4011
Medak,502110,3681
Medak,502113,2954
Medak,502114,1684
Medak,502115,1183
Medak,502117,1702
Medak,502125,699
Medak,502130,1080
Medak,502205,77
Medak,502210,2573
Medak,502220,6766
Medak,502221,3291
Medak,502228,832
Medak,502246,2698
Medak,502247,4453
Medak,502248,4453
Medak,502249,2630
Medak,502251,2186
Medak,502255,4808
Medak,502256,1900
Medak,502257,3988
Medak,502267,1215
Medak,502269,4952
Medak,502270,6288
Medak,502271,3692
Medak,502273,4141
Medak,502276,2313
Medak,502277,1317
Medak,502278,8199
Medak,502279,7830
Medak,502280,2299
Medak,502281,3348
Medak,502285,1541
Medak,502286,12751
Medak,502287,6862
Medak,502290,4075
Medak,502291,5342
Medak,502293,3706
Medak,502294,788
Medak,502295,2377
Medak,502296,4435
Medak,502300,1718
Medak,502301,3346
Medak,502302,4825
Medak,502303,1618
Medak,502305,431
Medak,502306,2281
Medak,502307,1664
Medak,502310,987
Medak,502311,985
Medak,502312,2085
Medak,502313,10462
Medak,502314,3673
Medak,502316,4433
Medak,502318,2172
Medak,502319,6048
Medak,502321,2245
Medak,502324,32
Medak,502325,2812
Medak,502329,900
Medak,502331,2546
Medak,502334,7723
Medak,502335,3047
Medak,502336,5219
Medak,502345,3220
Medak,502371,3348
Medak,502372,2201
Medak,502375,2983
Medak,502381,3207
Medchal-Malkajgiri,500010,3384
Medchal-Malkajgiri,500014,911
Medchal-Malkajgiri,500015,7
Medchal-Malkajgiri,500016,46
Medchal-Malkajgiri,500018,4745
Medchal-Malkajgiri,500037,2981
Medchal-Malkajgiri,500039,1730
Medchal-Malkajgiri,500040,1308
Medchal-Malkajgiri,500043,1714
Medchal-Malkajgiri,500049,280
Medchal-Malkajgiri,500051,166
Medchal-Malkajgiri,500055,6057
Medchal-Malkajgiri,500056,1689
Medchal-Malkajgiri,500062,3120
Medchal-Malkajgiri,500067,795
Medchal-Malkajgiri,500068,1114
Medchal-Malkajgiri,500072,4915
Medchal-Malkajgiri,500076,12
Medchal-Malkajgiri,500078,53
Medchal-Malkajgiri,500083,1917
Medchal-Malkajgiri,500085,1632
Medchal-Malkajgiri,500087,2627
Medchal-Malkajgiri,500090,4792
Medchal-Malkajgiri,500092,2252
Medchal-Malkajgiri,500098,1005
Medchal-Malkajgiri,500100,711
Medchal-Malkajgiri,500101,182
Medchal-Malkajgiri,500103,16
Medchal-Malkajgiri,501301,2183
Medchal-Malkajgiri,501401,1345
Medchal?Malkajgiri,500014,66
Medchal?Malkajgiri,500039,123
Medchal?Malkajgiri,500043,78
Medchal?Malkajgiri,500049,4
Medchal?Malkajgiri,500055,404
Medchal?Malkajgiri,500056,137
Medchal?Malkajgiri,500072,306
Medchal?Malkajgiri,500083,43
Medchal?Malkajgiri,500085,55
Medchal?Malkajgiri,500087,134
Medchal?Malkajgiri,500090,119
Medchal?Malkajgiri,501301,55
Medchal−Malkajgiri,500014,249
Medchal−Malkajgiri,500018,14
Medchal−Malkajgiri,500037,34
Medchal−Malkajgiri,500039,510
Medchal−Malkajgiri,500043,371
Medchal−Malkajgiri,500049,61
Medchal−Malkajgiri,500055,1860
Medchal−Malkajgiri,500056,688
Medchal−Malkajgiri,500067,103
Medchal−Malkajgiri,500072,1336
Medchal−Malkajgiri,500078,14
Medchal−Malkajgiri,500083,362
Medchal−Malkajgiri,500085,251
Medchal−Malkajgiri,500087,859
Medchal−Malkajgiri,500090,957
Medchal−Malkajgiri,500100,25
Medchal−Malkajgiri,501301,203
Medchal−Malkajgiri,501401,323
Medinipur,721101,4
Medinipur,721102,2
Medinipur,721122,2
Medinipur,721124,7
Medinipur,721132,4
Medinipur,721133,4
Medinipur,721144,2
Medinipur,721148,2
Medinipur,721149,4
Medinipur,721150,2
Medinipur,721153,2
Medinipur,721166,5
Medinipur,721201,2
Medinipur,721211,5
Medinipur,721212,2
Medinipur,721260,2
Medinipur,721301,23
Medinipur,721304,16
Medinipur,721305,2
Medinipur,721401,2
Medinipur,721420,2
Medinipur,721422,2
Medinipur,721427,2
Medinipur,721428,2
Medinipur,721430,4
Medinipur,721434,2
Medinipur,721436,2
Medinipur,721446,2
Medinipur,721447,2
Medinipur,721457,2
Medinipur,721460,2
Medinipur,721506,4
Medinipur,721507,2
Medinipur,721602,5
Medinipur,721633,2
Medinipur,721636,4
Medinipur,721641,2
Medinipur,721642,2
Medinipur,721644,2
Meerut,245206,13926
Meerut,250001,43570
Meerut,250002,77993
Meerut,250003,94
Meerut,250004,20587
Meerut,250005,14
Meerut,250101,2
Meerut,250103,6837
Meerut,250104,12392
Meerut,250106,4378
Meerut,250110,5294
Meerut,250205,4645
Meerut,250221,5487
Meerut,250222,5558
Meerut,250223,4052
Meerut,250341,5766
Meerut,250342,16435
Meerut,250344,9262
Meerut,250401,22361
Meerut,250402,1050
Meerut,250404,12725
Meerut,250406,12908
Meerut,250501,12803
Meerut,250502,8878
Meerut,250606,5
Meerut,250609,2
Meerut,250626,2411
Meluri,797114,1541
Mewat,122006,2
Mewat,122103,8943
Mewat,122104,14849
Mewat,122105,19580
Mewat,122107,20615
Mewat,122108,18290
Mewat,122508,39471
Mirzapur,231001,54304
Mirzapur,231205,12
Mirzapur,231207,5
Mirzapur,231210,169
Mirzapur,231211,35412
Mirzapur,231212,2
Mirzapur,231216,66
Mirzapur,231219,4
Mirzapur,231223,7
Mirzapur,231301,7099
Mirzapur,231302,13844
Mirzapur,231303,8184
Mirzapur,231304,14851
Mirzapur,231305,9706
Mirzapur,231306,4316
Mirzapur,231307,4262
Mirzapur,231309,7816
Mirzapur,231310,3965
Mirzapur,231311,32
Mirzapur,231312,8304
Mirzapur,231313,6117
Mirzapur,231314,2598
Mirzapur,231501,11713
Mirzapur,232221,2
Moga,142001,22907
Moga,142011,3004
Moga,142037,4041
Moga,142038,9033
Moga,142039,4733
Moga,142040,2170
Moga,142041,2411
Moga,142042,9970
Moga,142043,7734
Moga,142045,1818
Moga,142046,2042
Moga,142048,8746
Moga,142049,5590
Moga,142051,12
Moga,142052,278
Moga,142053,4462
Moga,142054,2078
Moga,142055,4362
Moga,142056,3022
Moga,142057,3309
Moga,142058,3264
Moga,151207,1288
Moga,151208,1067
Moga,152028,1969
Mohali,140603,11
Mohalla-Manpur-Ambagarh Chowki,491229,25
Mohalla-Manpur-Ambagarh Chowki,491665,16
Mohalla-Manpur-Ambagarh Chowki,491666,29
Mohalla-Manpur-Ambagarh Chowki,491668,50
Mohla-Manpur-Ambagarh Chouki,491229,2274
Mohla-Manpur-Ambagarh Chouki,491665,1939
Mohla-Manpur-Ambagarh Chouki,491666,1335
Mohla-Manpur-Ambagarh Chouki,491668,2641
Mokokchung,798601,8723
Mokokchung,798604,2397
Mokokchung,798613,1189
Mokokchung,798614,1103
Mokokchung,798615,376
Mokokchung,798617,11
Mokokchung,798618,1349
Mokokchung,798623,80
Mon,798602,2247
Mon,798603,10957
Mon,798621,9373
Mon,798622,2448
Monghyr,811201,53
Monghyr,811202,12
Monghyr,811211,7
Monghyr,811212,14
Monghyr,811213,9
Monghyr,811214,66
Monghyr,813201,9
Monghyr,813212,4
Monghyr,813213,2
Moradabad,202410,11
Moradabad,202411,20462
Moradabad,202412,109
Moradabad,202413,10570
Moradabad,202414,1497
Moradabad,202415,2096
Moradabad,244001,137426
Moradabad,244102,13439
Moradabad,244103,39
Moradabad,244104,68
Moradabad,244221,12
Moradabad,244255,4
Moradabad,244301,11137
Moradabad,244302,14
Moradabad,244303,2
Moradabad,244304,9
Moradabad,244401,13616
Moradabad,244402,15227
Moradabad,244411,1516
Moradabad,244412,2
Moradabad,244413,581
Moradabad,244414,2
Moradabad,244415,57
Moradabad,244501,20977
Moradabad,244504,3938
Moradabad,244601,13751
Moradabad,244602,5991
Moradabad,244901,7
Moradabad,244925,14
Moradabad,244926,13380
Morbi,360003,14
Morbi,361220,78
Morbi,363310,9
Morbi,363330,7279
Morbi,363351,994
Morbi,363621,14728
Morbi,363630,1149
Morbi,363641,16258
Morbi,363642,5704
Morbi,363650,3642
Morbi,363655,770
Morbi,363660,1556
Morbi,363670,4624
Morena,476001,57303
Morena,476111,31504
Morena,476115,26250
Morena,476134,5499
Morena,476219,13477
Morena,476221,31291
Morena,476224,29888
Morena,476228,6805
Morena,476229,33270
Morena,476335,2103
Morena,476444,13229
Morena,476554,8744
Morena,477117,5
Morena,477335,2
Morena,477441,5
Muktsar,151202,2
Muktsar,151210,32
Muktsar,151211,46
Muktsar,152022,103
Muktsar,152025,565
Muktsar,152026,6570
Muktsar,152031,1974
Muktsar,152032,96
Muktsar,152101,2106
Muktsar,152107,3286
Muktsar,152112,408
Muktsar,152113,78
Muktsar,152114,542
Muktsar,152115,12
Mulugu,506164,7
Mulugu,506165,1369
Mulugu,506168,78
Mulugu,506172,1349
Mulugu,506343,987
Mulugu,506344,1110
Mulugu,506345,643
Mulugu,506347,996
Mulugu,506349,349
Mulugu,506352,827
Mulugu,507133,428
Mulugu,507136,1456
Mumbai,400001,1513
Mumbai,400002,3343
Mumbai,400003,3387
Mumbai,400004,4596
Mumbai,400005,4957
Mumbai,400006,1748
Mumbai,400007,1921
Mumbai,400008,10692
Mumbai,400009,4622
Mumbai,400010,5207
Mumbai,400011,8035
Mumbai,400012,7204
Mumbai,400013,5016
Mumbai,400014,2831
Mumbai,400015,5887
Mumbai,400016,6841
Mumbai,400017,20045
Mumbai,400018,7024
Mumbai,400019,4131
Mumbai,400020,127
Mumbai,400021,137
Mumbai,400022,9574
Mumbai,400023,4
Mumbai,400024,3847
Mumbai,400025,3514
Mumbai,400026,1326
Mumbai,400027,1123
Mumbai,400028,4444
Mumbai,400029,3102
Mumbai,400030,3542
Mumbai,400031,2992
Mumbai,400032,20
Mumbai,400033,3341
Mumbai,400034,3083
Mumbai,400035,30
Mumbai,400036,78
Mumbai,400037,19999
Mumbai,400038,2
Mumbai,400039,5
Mumbai,400042,5524
Mumbai,400043,44195
Mumbai,400049,2211
Mumbai,400050,11624
Mumbai,400051,16435
Mumbai,400052,4808
Mumbai,400053,5724
Mumbai,400054,4840
Mumbai,400055,16859
Mumbai,400056,3640
Mumbai,400057,2676
Mumbai,400058,8949
Mumbai,400059,8304
Mumbai,400060,13405
Mumbai,400061,4783
Mumbai,400062,94
Mumbai,400063,5934
Mumbai,400064,8502
Mumbai,400065,8842
Mumbai,400066,12923
Mumbai,400067,24033
Mumbai,400068,20143
Mumbai,400069,5610
Mumbai,400070,23074
Mumbai,400071,12609
Mumbai,400072,21611
Mumbai,400074,11640
Mumbai,400075,6135
Mumbai,400076,3484
Mumbai,400077,4868
Mumbai,400078,24149
Mumbai,400079,6536
Mumbai,400080,9947
Mumbai,400081,4081
Mumbai,400082,2554
Mumbai,400083,11969
Mumbai,400084,6739
Mumbai,400085,2
Mumbai,400086,15173
Mumbai,400087,2026
Mumbai,400088,11536
Mumbai,400089,6903
Mumbai,400090,69
Mumbai,400091,3614
Mumbai,400092,8858
Mumbai,400093,11358
Mumbai,400094,349
Mumbai,400095,17696
Mumbai,400096,11
Mumbai,400097,24851
Mumbai,400098,2252
Mumbai,400099,4514
Mumbai,400101,22677
Mumbai,400102,9284
Mumbai,400103,3792
Mumbai,400104,15510
Mumbai,400602,4
Mumbai,400603,7
Mumbai,400604,12
Mumbai,400605,45
Mumbai,400606,18
Mumbai,400607,11
Mumbai,400608,5
Mumbai,400612,66
Mumbai,400613,2
Mumbai,400701,32
Mumbai,400703,45
Mumbai,400704,2
Mumbai,400705,46
Mumbai,400708,46
Mumbai,401101,69
Mumbai,401103,2
Mumbai,401104,4
Mumbai,401107,69
Mumbai,401201,4
Mumbai,401202,37
Mumbai,401203,73
Mumbai,401204,5
Mumbai,401206,2
Mumbai,401207,5
Mumbai,401209,365
Mumbai,401210,50
Mumbai,401301,4
Mumbai,401303,68
Mumbai,401304,4
Mumbai,401401,2
Mumbai,401403,21
Mumbai,401404,21
Mumbai,401502,7
Mumbai,401601,2
Mumbai,401602,100
Mumbai,401603,9
Mumbai,401604,12
Mumbai,401606,7
Mumbai,401607,32
Mumbai,401610,7
Mumbai City,400001,802
Mumbai City,400002,1452
Mumbai City,400003,1960
Mumbai City,400004,2685
Mumbai City,400005,2701
Mumbai City,400006,902
Mumbai City,400007,861
Mumbai City,400008,4884
Mumbai City,400009,2284
Mumbai City,400010,2776
Mumbai City,400011,3336
Mumbai City,400012,3963
Mumbai City,400013,2764
Mumbai City,400014,1310
Mumbai City,400015,2578
Mumbai City,400016,3377
Mumbai City,400017,10586
Mumbai City,400018,3077
Mumbai City,400019,2251
Mumbai City,400020,73
Mumbai City,400021,109
Mumbai City,400022,4104
Mumbai City,400025,1700
Mumbai City,400026,722
Mumbai City,400027,674
Mumbai City,400028,1944
Mumbai City,400030,1609
Mumbai City,400031,1499
Mumbai City,400032,14
Mumbai City,400033,3109
Mumbai City,400034,1308
Mumbai City,400035,9
Mumbai City,400036,2
Mumbai City,400037,11725
Mumbai City,400039,5
Mumbai City,400064,280
Mumbai City,400078,1333
Mumbai Suburban,400024,2807
Mumbai Suburban,400029,1671
Mumbai Suburban,400042,3494
Mumbai Suburban,400043,26811
Mumbai Suburban,400049,1139
Mumbai Suburban,400050,5086
Mumbai Suburban,400051,9774
Mumbai Suburban,400052,2117
Mumbai Suburban,400053,3733
Mumbai Suburban,400054,2261
Mumbai Suburban,400055,7420
Mumbai Suburban,400056,1600
Mumbai Suburban,400057,1846
Mumbai Suburban,400058,5091
Mumbai Suburban,400059,4660
Mumbai Suburban,400060,6556
Mumbai Suburban,400061,2359
Mumbai Suburban,400063,3694
Mumbai Suburban,400064,4457
Mumbai Suburban,400065,3908
Mumbai Suburban,400066,7358
Mumbai Suburban,400067,15811
Mumbai Suburban,400068,8960
Mumbai Suburban,400069,2682
Mumbai Suburban,400070,15104
Mumbai Suburban,400071,6627
Mumbai Suburban,400072,13594
Mumbai Suburban,400074,6698
Mumbai Suburban,400075,3637
Mumbai Suburban,400076,2078
Mumbai Suburban,400077,3001
Mumbai Suburban,400078,11208
Mumbai Suburban,400079,3762
Mumbai Suburban,400080,6067
Mumbai Suburban,400081,2518
Mumbai Suburban,400082,1107
Mumbai Suburban,400083,7840
Mumbai Suburban,400084,3232
Mumbai Suburban,400086,8715
Mumbai Suburban,400087,944
Mumbai Suburban,400088,6335
Mumbai Suburban,400089,3238
Mumbai Suburban,400091,1545
Mumbai Suburban,400092,4658
Mumbai Suburban,400093,4786
Mumbai Suburban,400094,1158
Mumbai Suburban,400095,10631
Mumbai Suburban,400096,9
Mumbai Suburban,400097,12914
Mumbai Suburban,400098,1137
Mumbai Suburban,400099,2361
Mumbai Suburban,400101,12750
Mumbai Suburban,400102,6461
Mumbai Suburban,400103,1892
Mumbai Suburban,400104,9093
Mumbai( Sub Urban ),400024,27
Mumbai( Sub Urban ),400042,37
Mumbai( Sub Urban ),400043,385
Mumbai( Sub Urban ),400049,4
Mumbai( Sub Urban ),400050,12
Mumbai( Sub Urban ),400051,32
Mumbai( Sub Urban ),400052,4
Mumbai( Sub Urban ),400053,7
Mumbai( Sub Urban ),400054,7
Mumbai( Sub Urban ),400055,18
Mumbai( Sub Urban ),400056,5
Mumbai( Sub Urban ),400057,12
Mumbai( Sub Urban ),400058,25
Mumbai( Sub Urban ),400059,162
Mumbai( Sub Urban ),400060,29
Mumbai( Sub Urban ),400061,25
Mumbai( Sub Urban ),400062,11
Mumbai( Sub Urban ),400063,112
Mumbai( Sub Urban ),400064,39
Mumbai( Sub Urban ),400065,62
Mumbai( Sub Urban ),400066,235
Mumbai( Sub Urban ),400067,552
Mumbai( Sub Urban ),400068,328
Mumbai( Sub Urban ),400069,25
Mumbai( Sub Urban ),400070,36
Mumbai( Sub Urban ),400071,360
Mumbai( Sub Urban ),400072,164
Mumbai( Sub Urban ),400074,467
Mumbai( Sub Urban ),400075,184
Mumbai( Sub Urban ),400076,30
Mumbai( Sub Urban ),400077,200
Mumbai( Sub Urban ),400078,225
Mumbai( Sub Urban ),400079,515
Mumbai( Sub Urban ),400080,681
Mumbai( Sub Urban ),400081,98
Mumbai( Sub Urban ),400082,228
Mumbai( Sub Urban ),400083,98
Mumbai( Sub Urban ),400084,244
Mumbai( Sub Urban ),400086,898
Mumbai( Sub Urban ),400087,9
Mumbai( Sub Urban ),400088,160
Mumbai( Sub Urban ),400089,139
Mumbai( Sub Urban ),400090,2
Mumbai( Sub Urban ),400091,53
Mumbai( Sub Urban ),400092,128
Mumbai( Sub Urban ),400093,66
Mumbai( Sub Urban ),400094,14
Mumbai( Sub Urban ),400095,413
Mumbai( Sub Urban ),400097,738
Mumbai( Sub Urban ),400098,11
Mumbai( Sub Urban ),400099,4
Mumbai( Sub Urban ),400101,331
Mumbai( Sub Urban ),400102,12
Mumbai( Sub Urban ),400103,21
Mumbai( Sub Urban ),400104,94
Mungeli,491559,7
Mungeli,495004,16
Mungeli,495113,458
Mungeli,495115,39878
Mungeli,495117,91
Mungeli,495220,16
Mungeli,495222,18
Mungeli,495224,14120
Mungeli,495330,19710
Mungeli,495334,55147
Mungeli,495335,17645
Mungeli,495550,23
Munger,811201,11677
Munger,811202,11506
Munger,811211,15243
Munger,811212,4704
Munger,811213,17666
Munger,811214,6354
Munger,811308,4
Munger,813201,6757
Munger,813202,4
Munger,813207,4
Munger,813212,3375
Munger,813213,1155
Munger,813221,479
Munger,813227,5
Munger,813321,11003
Murshidabad,713123,1201
Murshidabad,713130,45
Murshidabad,731219,326
Murshidabad,731221,1873
Murshidabad,731222,3257
Murshidabad,731234,568
Murshidabad,731241,969
Murshidabad,731244,205
Murshidabad,741156,2069
Murshidabad,742101,5285
Murshidabad,742102,8060
Murshidabad,742103,3035
Murshidabad,742104,1675
Murshidabad,742109,5
Murshidabad,742113,130
Murshidabad,742121,9697
Murshidabad,742122,6306
Murshidabad,742123,7616
Murshidabad,742131,36
Murshidabad,742132,2903
Murshidabad,742133,9610
Murshidabad,742134,12454
Murshidabad,742135,14651
Murshidabad,742136,10861
Murshidabad,742137,2192
Murshidabad,742138,3099
Murshidabad,742139,45
Murshidabad,742140,3487
Murshidabad,742147,5695
Murshidabad,742148,12539
Murshidabad,742149,5782
Murshidabad,742150,30
Murshidabad,742151,2463
Murshidabad,742157,3332
Murshidabad,742159,3325
Murshidabad,742160,451
Murshidabad,742161,4710
Murshidabad,742162,551
Murshidabad,742163,5704
Murshidabad,742164,948
Murshidabad,742165,6499
Murshidabad,742166,9245
Murshidabad,742168,3698
Murshidabad,742170,30
Murshidabad,742171,2046
Murshidabad,742172,27
Murshidabad,742173,46
Murshidabad,742174,1791
Murshidabad,742175,5629
Murshidabad,742176,823
Murshidabad,742177,633
Murshidabad,742178,246
Murshidabad,742179,203
Murshidabad,742180,743
Murshidabad,742181,3466
Murshidabad,742182,830
Murshidabad,742183,20
Murshidabad,742184,1910
Murshidabad,742185,294
Murshidabad,742187,8168
Murshidabad,742188,586
Murshidabad,742189,11679
Murshidabad,742190,1178
Murshidabad,742191,127
Murshidabad,742201,6691
Murshidabad,742202,13862
Murshidabad,742212,3498
Murshidabad,742213,14614
Murshidabad,742220,59
Murshidabad,742223,6062
Murshidabad,742224,8992
Murshidabad,742225,3120
Murshidabad,742226,7007
Murshidabad,742227,7334
Murshidabad,742229,583
Murshidabad,742230,223
Murshidabad,742231,331
Murshidabad,742232,406
Murshidabad,742234,431
Murshidabad,742235,4487
Murshidabad,742236,30
Murshidabad,742237,4891
Murshidabad,742238,383
Murshidabad,742301,6280
Murshidabad,742302,11438
Murshidabad,742303,13787
Murshidabad,742304,16192
Murshidabad,742305,6183
Murshidabad,742306,3931
Murshidabad,742307,661
Murshidabad,742308,8760
Murshidabad,742401,6411
Murshidabad,742402,1531
Murshidabad,742403,262
Murshidabad,742404,2580
Murshidabad,742405,5380
Murshidabad,742406,6718
Murshidabad,742407,160
Muzaffarnagar,247771,1317
Muzaffarnagar,247772,5200
Muzaffarnagar,247773,7
Muzaffarnagar,247775,3313
Muzaffarnagar,247776,1420
Muzaffarnagar,247777,7
Muzaffarnagar,247778,9
Muzaffarnagar,251001,45787
Muzaffarnagar,251002,23751
Muzaffarnagar,251003,6164
Muzaffarnagar,251201,27429
Muzaffarnagar,251202,4811
Muzaffarnagar,251203,11465
Muzaffarnagar,251301,5358
Muzaffarnagar,251305,62
Muzaffarnagar,251306,6502
Muzaffarnagar,251307,9897
Muzaffarnagar,251308,15791
Muzaffarnagar,251309,31676
Muzaffarnagar,251310,6110
Muzaffarnagar,251311,14922
Muzaffarnagar,251314,22021
Muzaffarnagar,251315,13211
Muzaffarnagar,251316,14810
Muzaffarnagar,251318,15882
Muzaffarnagar,251319,4270
Muzaffarnagar,251320,3405
Muzaffarnagar,251327,8065
Muzaffarpur,842001,14040
Muzaffarpur,842002,16474
Muzaffarpur,842003,2766
Muzaffarpur,842004,9891
Muzaffarpur,842005,911
Muzaffarpur,843101,7468
Muzaffarpur,843102,4314
Muzaffarpur,843103,17607
Muzaffarpur,843104,7783
Muzaffarpur,843105,7924
Muzaffarpur,843106,4373
Muzaffarpur,843107,7614
Muzaffarpur,843108,6002
Muzaffarpur,843109,15022
Muzaffarpur,843111,16429
Muzaffarpur,843112,5773
Muzaffarpur,843113,14357
Muzaffarpur,843115,9991
Muzaffarpur,843116,738
Muzaffarpur,843117,11237
Muzaffarpur,843118,11650
Muzaffarpur,843119,18764
Muzaffarpur,843120,9189
Muzaffarpur,843121,5576
Muzaffarpur,843122,3779
Muzaffarpur,843123,5198
Muzaffarpur,843124,2928
Muzaffarpur,843125,16948
Muzaffarpur,843126,6891
Muzaffarpur,843127,4776
Muzaffarpur,843128,18290
Muzaffarpur,843129,8641
Muzaffarpur,843130,4
Muzaffarpur,843132,1148
Muzaffarpur,843133,107
Muzaffarpur,843139,289
Muzaffarpur,843141,1246
Muzaffarpur,843143,1119
Muzaffarpur,843144,939
Muzaffarpur,843146,1851
Muzaffarpur,843147,957
Muzaffarpur,843152,2
Muzaffarpur,843153,1099
Muzaffarpur,843161,704
Muzaffarpur,843162,16
Muzaffarpur,843165,2272
Muzaffarpur,843312,11866
Muzaffarpur,843321,14355
Muzaffarpur,843328,1917
Muzaffarpur,843360,5984
Muzaffarpur,844111,1554
Muzaffarpur,844112,2178
Muzaffarpur,844120,10096
Muzaffarpur,844127,10467
Muzaffarpur,847107,8099
Mysuru,570001,4161
Mysuru,570002,1611
Mysuru,570003,1960
Mysuru,570004,2730
Mysuru,570005,68
Mysuru,570006,78
Mysuru,570007,6329
Mysuru,570008,10729
Mysuru,570009,3375
Mysuru,570010,4107
Mysuru,570011,3049
Mysuru,570012,702
Mysuru,570014,661
Mysuru,570015,2425
Mysuru,570016,6256
Mysuru,570017,5638
Mysuru,570018,3027
Mysuru,570019,14583
Mysuru,570020,720
Mysuru,570021,1789
Mysuru,570022,2910
Mysuru,570023,4909
Mysuru,570024,852
Mysuru,570025,839
Mysuru,570026,5225
Mysuru,570028,2058
Mysuru,570029,672
Mysuru,570030,264
Mysuru,570031,499
Mysuru,570032,606
Mysuru,570033,144
Mysuru,571101,4872
Mysuru,571102,2480
Mysuru,571103,2566
Mysuru,571104,1235
Mysuru,571105,10365
Mysuru,571106,2
Mysuru,571107,3703
Mysuru,571108,1413
Mysuru,571109,2
Mysuru,571110,2046
Mysuru,571111,2
Mysuru,571114,6750
Mysuru,571115,2
Mysuru,571116,1267
Mysuru,571118,2726
Mysuru,571119,1789
Mysuru,571120,3058
Mysuru,571121,4704
Mysuru,571122,1547
Mysuru,571124,6258
Mysuru,571125,3166
Mysuru,571129,2523
Mysuru,571130,2812
Mysuru,571134,2199
Mysuru,571187,549
Mysuru,571189,2475
Mysuru,571301,3564
Mysuru,571302,2407
Mysuru,571311,3592
Mysuru,571312,2552
Mysuru,571313,11
Mysuru,571314,2717
Mysuru,571315,2204
Mysuru,571316,244
Mysuru,571342,5
Mysuru,571442,208
Mysuru,571444,2
Mysuru,571601,1335
Mysuru,571602,6194
Mysuru,571603,592
Mysuru,571604,2594
Mysuru,571608,143
Mysuru,571610,773
Mysuru,571617,1794
N. T. R,520001,1406
N. T. R,520002,62
N. T. R,520003,993
N. T. R,520004,763
N. T. R,520007,1174
N. T. R,520008,506
N. T. R,520010,1310
N. T. R,520011,609
N. T. R,520012,1883
N. T. R,520013,1067
N. T. R,520015,1951
N. T. R,521104,62
N. T. R,521108,971
N. T. R,521170,36
N. T. R,521175,789
N. T. R,521178,217
N. T. R,521180,682
N. T. R,521181,71
N. T. R,521182,194
N. T. R,521183,73
N. T. R,521185,1075
N. T. R,521190,331
N. T. R,521212,285
N. T. R,521213,2
N. T. R,521214,12
N. T. R,521215,779
N. T. R,521225,606
N. T. R,521226,46
N. T. R,521227,868
N. T. R,521228,478
N. T. R,521229,709
N. T. R,521230,1850
N. T. R,521235,549
N. T. R,521241,226
N. T. R,521401,324
N. T. R,521402,150
N. T. R,521403,374
N. T. R,521456,647
N. T. R,521457,29
Nabarangapur,764049,4758
Nabarangapur,764058,3204
Nabarangapur,764059,11347
Nabarangapur,764061,7400
Nabarangapur,764063,4043
Nabarangapur,764070,5356
Nabarangapur,764071,14991
Nabarangapur,764072,23527
Nabarangapur,764073,23358
Nabarangapur,764074,22465
Nabarangapur,764075,8992
Nabarangapur,764076,18482
Nabarangapur,764077,7151
Nabarangapur,764078,5387
Nabarangapur,764085,946
Nabarangapur,764088,4
Nabarangapur,765017,7
Nadia,713130,1180
Nadia,713502,5
Nadia,713519,50
Nadia,741101,5727
Nadia,741102,5353
Nadia,741103,7163
Nadia,741121,4250
Nadia,741122,3822
Nadia,741123,10886
Nadia,741124,4496
Nadia,741125,1996
Nadia,741126,9163
Nadia,741127,1907
Nadia,741137,7976
Nadia,741138,1274
Nadia,741139,631
Nadia,741140,2741
Nadia,741150,2017
Nadia,741151,955
Nadia,741152,7391
Nadia,741153,850
Nadia,741154,3694
Nadia,741155,3220
Nadia,741156,10132
Nadia,741157,2824
Nadia,741158,1773
Nadia,741159,950
Nadia,741160,4305
Nadia,741161,1818
Nadia,741162,722
Nadia,741163,2824
Nadia,741164,2390
Nadia,741165,5166
Nadia,741166,105
Nadia,741167,857
Nadia,741181,1641
Nadia,741201,5996
Nadia,741202,2509
Nadia,741221,686
Nadia,741222,8375
Nadia,741223,4070
Nadia,741225,4
Nadia,741232,720
Nadia,741234,1171
Nadia,741235,4868
Nadia,741238,3667
Nadia,741245,4761
Nadia,741246,531
Nadia,741247,1677
Nadia,741248,2516
Nadia,741249,3375
Nadia,741250,1274
Nadia,741251,682
Nadia,741252,21
Nadia,741253,1185
Nadia,741254,875
Nadia,741255,2325
Nadia,741256,859
Nadia,741257,4278
Nadia,741301,1000
Nadia,741302,3316
Nadia,741313,1114
Nadia,741315,2286
Nadia,741316,1548
Nadia,741317,2208
Nadia,741401,902
Nadia,741402,4466
Nadia,741404,8441
Nadia,741501,4763
Nadia,741502,7313
Nadia,741503,1272
Nadia,741504,1720
Nadia,741505,1075
Nadia,741506,1288
Nadia,741507,2997
Nadia,741508,1461
Nadia,741509,1124
Nadia,742121,282
Nadia,743249,178
Nadia,743711,299
Nagaon,782001,732
Nagaon,782002,14149
Nagaon,782003,8537
Nagaon,782101,1091
Nagaon,782102,1329
Nagaon,782103,4442
Nagaon,782120,8924
Nagaon,782122,12641
Nagaon,782123,12042
Nagaon,782124,36670
Nagaon,782125,19257
Nagaon,782126,911
Nagaon,782135,1185
Nagaon,782136,6942
Nagaon,782137,2949
Nagaon,782138,4663
Nagaon,782139,3232
Nagaon,782140,13976
Nagaon,782141,1787
Nagaon,782142,1557
Nagaon,782143,6525
Nagaon,782144,775
Nagaon,782425,6974
Nagaon,782426,12616
Nagaon,782427,4057
Nagaon,782428,6871
Nagaon,782429,62
Nagaon,782435,396
Nagaon,782439,1395
Nagaon,782440,4123
Nagaon,782441,11
Nagaon,782442,520
Nagaon,782445,2295
Nagaon,782446,3213
Nagaon,782447,84
Nagaon,782450,2618
Nagaon,782481,497
Nagapattinam,609001,6677
Nagapattinam,609003,1370
Nagapattinam,609101,4022
Nagapattinam,609102,916
Nagapattinam,609103,380
Nagapattinam,609104,1622
Nagapattinam,609105,2304
Nagapattinam,609106,2439
Nagapattinam,609107,1465
Nagapattinam,609108,3812
Nagapattinam,609109,1982
Nagapattinam,609110,2675
Nagapattinam,609111,2167
Nagapattinam,609112,1115
Nagapattinam,609113,1197
Nagapattinam,609114,1205
Nagapattinam,609115,1340
Nagapattinam,609116,1994
Nagapattinam,609117,2199
Nagapattinam,609118,1427
Nagapattinam,609201,939
Nagapattinam,609202,1655
Nagapattinam,609203,2352
Nagapattinam,609204,1468
Nagapattinam,609205,1213
Nagapattinam,609301,1928
Nagapattinam,609302,691
Nagapattinam,609303,417
Nagapattinam,609304,1802
Nagapattinam,609305,609
Nagapattinam,609306,1173
Nagapattinam,609307,1976
Nagapattinam,609308,764
Nagapattinam,609309,3044
Nagapattinam,609310,871
Nagapattinam,609311,1167
Nagapattinam,609312,551
Nagapattinam,609313,1345
Nagapattinam,609314,467
Nagapattinam,609401,1221
Nagapattinam,609402,1402
Nagapattinam,609403,130
Nagapattinam,609404,1520
Nagapattinam,609501,2
Nagapattinam,609503,235
Nagapattinam,609504,64
Nagapattinam,609601,80
Nagapattinam,609604,86
Nagapattinam,609701,1244
Nagapattinam,609702,2026
Nagapattinam,609703,1680
Nagapattinam,609704,877
Nagapattinam,609801,3289
Nagapattinam,609803,761
Nagapattinam,609805,1151
Nagapattinam,609806,2247
Nagapattinam,609808,1629
Nagapattinam,609810,271
Nagapattinam,609811,1238
Nagapattinam,610101,1224
Nagapattinam,610106,184
Nagapattinam,610201,333
Nagapattinam,610203,160
Nagapattinam,610204,839
Nagapattinam,610207,1611
Nagapattinam,610211,200
Nagapattinam,610212,7
Nagapattinam,611001,5360
Nagapattinam,611002,4738
Nagapattinam,611003,485
Nagapattinam,611101,226
Nagapattinam,611102,1187
Nagapattinam,611103,1358
Nagapattinam,611104,1830
Nagapattinam,611105,1124
Nagapattinam,611106,2418
Nagapattinam,611108,2896
Nagapattinam,611109,2229
Nagapattinam,611110,1495
Nagapattinam,611111,2530
Nagapattinam,611112,3705
Nagapattinam,611117,43
Nagapattinam,611118,483
Nagapattinam,612201,766
Nagapattinam,612203,1274
Nagapattinam,612503,52
Nagapattinam,612504,2
Nagapattinam,614707,1752
Nagapattinam,614711,1622
Nagapattinam,614712,1411
Nagapattinam,614714,2668
Nagapattinam,614716,693
Nagapattinam,614806,2028
Nagapattinam,614807,221
Nagapattinam,614808,1745
Nagapattinam,614809,2742
Nagapattinam,614810,2227
Nagarkurnool,509102,1032
Nagarkurnool,509105,608
Nagarkurnool,509201,1117
Nagarkurnool,509203,1844
Nagarkurnool,509206,483
Nagarkurnool,509209,1996
Nagarkurnool,509215,1103
Nagarkurnool,509235,349
Nagarkurnool,509301,191
Nagarkurnool,509320,1135
Nagarkurnool,509324,2557
Nagarkurnool,509326,37
Nagarkurnool,509349,848
Nagarkurnool,509357,43
Nagarkurnool,509360,1028
Nagarkurnool,509371,5
Nagarkurnool,509375,1859
Nagarkurnool,509376,996
Nagarkurnool,509385,1336
Nagarkurnool,509401,1518
Nagarkurnool,509406,611
Nagarkurnool,509411,127
Nagarkurnool,509412,1369
Nagaur,305026,1955
Nagaur,341001,49543
Nagaur,341021,7311
Nagaur,341022,6256
Nagaur,341023,8213
Nagaur,341024,6443
Nagaur,341025,13466
Nagaur,341026,4380
Nagaur,341027,2343
Nagaur,341028,7005
Nagaur,341029,2568
Nagaur,341030,3845
Nagaur,341031,8380
Nagaur,341301,4204
Nagaur,341302,5262
Nagaur,341303,24895
Nagaur,341304,5258
Nagaur,341305,4236
Nagaur,341306,12479
Nagaur,341316,6641
Nagaur,341317,3362
Nagaur,341318,3229
Nagaur,341319,3719
Nagaur,341501,2903
Nagaur,341502,5836
Nagaur,341503,17515
Nagaur,341504,4772
Nagaur,341505,16308
Nagaur,341506,5385
Nagaur,341507,3706
Nagaur,341508,15968
Nagaur,341509,13222
Nagaur,341510,20522
Nagaur,341511,7491
Nagaur,341512,11342
Nagaur,341513,7434
Nagaur,341514,6169
Nagaur,341515,1625
Nagaur,341516,3068
Nagaur,341517,2078
Nagaur,341518,3077
Nagaur,341519,3509
Nagaur,341520,2188
Nagaur,341533,3042
Nagaur,341542,1543
Nagaur,341551,4061
Nagaur,342902,8192
Nagpur,440001,5825
Nagpur,440002,16750
Nagpur,440003,3760
Nagpur,440004,2324
Nagpur,440005,675
Nagpur,440006,2088
Nagpur,440007,1000
Nagpur,440008,23370
Nagpur,440009,18634
Nagpur,440010,6545
Nagpur,440012,2619
Nagpur,440013,13571
Nagpur,440014,10392
Nagpur,440015,6331
Nagpur,440016,7031
Nagpur,440017,23937
Nagpur,440018,15645
Nagpur,440019,1235
Nagpur,440020,36
Nagpur,440021,458
Nagpur,440022,8837
Nagpur,440023,20187
Nagpur,440024,16686
Nagpur,440025,4907
Nagpur,440026,22173
Nagpur,440027,16062
Nagpur,440028,110
Nagpur,440029,23
Nagpur,440030,7600
Nagpur,440032,4517
Nagpur,440033,2776
Nagpur,440034,22604
Nagpur,440035,19514
Nagpur,440036,3674
Nagpur,440037,1244
Nagpur,441001,2431
Nagpur,441002,15469
Nagpur,441101,6253
Nagpur,441102,7042
Nagpur,441103,9435
Nagpur,441104,12803
Nagpur,441105,6427
Nagpur,441106,29992
Nagpur,441107,10642
Nagpur,441108,18026
Nagpur,441109,1638
Nagpur,441110,15371
Nagpur,441111,9761
Nagpur,441112,3101
Nagpur,441113,6007
Nagpur,441122,5374
Nagpur,441123,64
Nagpur,441201,10007
Nagpur,441202,13771
Nagpur,441203,18783
Nagpur,441204,7946
Nagpur,441210,15255
Nagpur,441214,5438
Nagpur,441301,7133
Nagpur,441302,14389
Nagpur,441303,2520
Nagpur,441304,9441
Nagpur,441305,7144
Nagpur,441306,6812
Nagpur,441401,18279
Nagpur,441404,2541
Nagpur,441501,9052
Nagpur,441502,3831
Nainital,244712,12
Nainital,244713,1101
Nainital,244715,14770
Nainital,244716,1156
Nainital,262308,9
Nainital,262401,14
Nainital,262402,7260
Nainital,262405,2
Nainital,262580,5
Nainital,263001,435
Nainital,263002,3847
Nainital,263126,9612
Nainital,263127,360
Nainital,263128,175
Nainital,263132,8728
Nainital,263134,2634
Nainital,263135,2673
Nainital,263136,4597
Nainital,263137,86
Nainital,263138,1016
Nainital,263139,48896
Nainital,263140,3601
Nainital,263141,786
Nainital,263144,2
Nainital,263156,2
Nainital,263157,7044
Nainital,263158,1338
Nainital,263159,3436
Najafgarh,110043,1506
Nalanda,801301,8735
Nalanda,801302,13304
Nalanda,801303,12374
Nalanda,801304,4043
Nalanda,801305,4763
Nalanda,801306,4455
Nalanda,801307,3104
Nalanda,803101,28012
Nalanda,803107,20430
Nalanda,803108,6258
Nalanda,803109,4442
Nalanda,803110,14795
Nalanda,803111,6974
Nalanda,803113,6187
Nalanda,803114,9637
Nalanda,803115,4556
Nalanda,803116,10399
Nalanda,803117,7605
Nalanda,803118,11313
Nalanda,803119,8774
Nalanda,803120,2858
Nalanda,803123,25
Nalanda,803202,927
Nalanda,803204,964
Nalanda,803212,7
Nalanda,803213,1381
Nalanda,803307,2
Nalanda,805105,2110
Nalanda,805130,912
Nalanda,811101,2700
Nalanda,811102,782
Nalanda,811103,850
Nalanda,811104,5522
Nalbari,781126,9059
Nalbari,781138,2226
Nalbari,781303,1155
Nalbari,781304,1085
Nalbari,781306,659
Nalbari,781309,5
Nalbari,781310,1058
Nalbari,781312,2384
Nalbari,781326,2
Nalbari,781334,1748
Nalbari,781335,716
Nalbari,781337,1438
Nalbari,781338,830
Nalbari,781339,579
Nalbari,781340,982
Nalbari,781341,1101
Nalbari,781344,2
Nalbari,781346,84
Nalbari,781347,839
Nalbari,781348,813
Nalbari,781349,1634
Nalbari,781350,800
Nalbari,781351,916
Nalbari,781353,93
Nalbari,781355,267
Nalbari,781367,342
Nalbari,781368,4
Nalbari,781369,3487
Nalbari,781370,522
Nalbari,781371,695
Nalbari,781374,151
Nalbari,781375,5
Nalbari,781378,403
Nalgonda,508001,18370
Nalgonda,508004,2188
Nalgonda,508101,3934
Nalgonda,508105,3362
Nalgonda,508111,3250
Nalgonda,508112,3225
Nalgonda,508113,3001
Nalgonda,508114,5371
Nalgonda,508115,2673
Nalgonda,508116,9781
Nalgonda,508126,4127
Nalgonda,508201,4380
Nalgonda,508202,5830
Nalgonda,508203,1108
Nalgonda,508204,7427
Nalgonda,508205,4947
Nalgonda,508206,7666
Nalgonda,508207,26367
Nalgonda,508210,4038
Nalgonda,508211,9099
Nalgonda,508212,4421
Nalgonda,508213,15332
Nalgonda,508217,4095
Nalgonda,508218,4303
Nalgonda,508221,5330
Nalgonda,508222,2764
Nalgonda,508223,3241
Nalgonda,508233,2238
Nalgonda,508234,1684
Nalgonda,508238,3845
Nalgonda,508243,5613
Nalgonda,508244,5013
Nalgonda,508245,5349
Nalgonda,508246,3847
Nalgonda,508247,4888
Nalgonda,508248,17760
Nalgonda,508250,5086
Nalgonda,508252,6821
Nalgonda,508253,3763
Nalgonda,508254,4881
Nalgonda,508255,5171
Nalgonda,508256,3405
Nalgonda,508257,2450
Nalgonda,508258,9159
Nalgonda,508266,4619
Nalgonda,508277,4710
Nalgonda,508278,4494
Nalgonda,508279,1659
Nalgonda,508280,3183
Nalgonda,508284,3918
Nalgonda,508285,1693
Nalgonda,508286,1602
Nalgonda,508355,5038
Nalgonda,508373,4236
Nalgonda,508374,4024
Nalgonda,508376,2249
Nalgonda,508377,2044
Namakkal,621003,5
Namakkal,621215,661
Namakkal,636112,5
Namakkal,636113,151
Namakkal,636118,501
Namakkal,636142,982
Namakkal,636202,4763
Namakkal,636203,1230
Namakkal,636301,1525
Namakkal,637001,6892
Namakkal,637002,5871
Namakkal,637003,3810
Namakkal,637013,9434
Namakkal,637014,2625
Namakkal,637015,3530
Namakkal,637017,2513
Namakkal,637018,4697
Namakkal,637019,4018
Namakkal,637020,4166
Namakkal,637021,2354
Namakkal,637101,9
Namakkal,637102,5
Namakkal,637103,7
Namakkal,637105,2
Namakkal,637201,1800
Namakkal,637202,2022
Namakkal,637203,1333
Namakkal,637204,959
Namakkal,637205,3323
Namakkal,637206,1221
Namakkal,637207,2912
Namakkal,637208,2488
Namakkal,637209,7131
Namakkal,637210,1687
Namakkal,637211,3747
Namakkal,637212,2710
Namakkal,637213,1504
Namakkal,637214,2539
Namakkal,637215,1083
Namakkal,637216,30
Namakkal,637301,4
Namakkal,637302,372
Namakkal,637303,2028
Namakkal,637304,2210
Namakkal,637401,3512
Namakkal,637402,1974
Namakkal,637403,2618
Namakkal,637404,4328
Namakkal,637405,3466
Namakkal,637406,5720
Namakkal,637407,2915
Namakkal,637408,12167
Namakkal,637409,3284
Namakkal,637410,3247
Namakkal,637411,22060
Namakkal,637412,2106
Namakkal,637501,1655
Namakkal,637503,8158
Namakkal,637504,5
Namakkal,637505,5061
Namakkal,638006,3380
Namakkal,638007,2958
Namakkal,638008,10460
Namakkal,638010,37
Namakkal,638181,1524
Namakkal,638182,2999
Namakkal,638183,11101
Namchi,737121,2
Namchi,737126,2
Namchi,737128,2
Namchi,737132,2
Namchi,737134,2
Namsai,792102,2115
Namsai,792103,5045
Namsai,792105,3537
Nanded,431505,5845
Nanded,431601,28272
Nanded,431602,20868
Nanded,431603,12418
Nanded,431604,22221
Nanded,431605,21934
Nanded,431606,2370
Nanded,431646,7366
Nanded,431704,15964
Nanded,431707,10132
Nanded,431708,34454
Nanded,431709,28315
Nanded,431710,16326
Nanded,431711,4282
Nanded,431712,46131
Nanded,431713,2128
Nanded,431714,39040
Nanded,431715,44954
Nanded,431716,3003
Nanded,431717,13539
Nanded,431718,6322
Nanded,431719,2349
Nanded,431721,21864
Nanded,431722,5310
Nanded,431723,8717
Nanded,431731,2005
Nanded,431736,21
Nanded,431741,6443
Nanded,431742,10790
Nanded,431743,4029
Nanded,431745,3883
Nanded,431746,37
Nanded,431750,2659
Nanded,431801,27570
Nanded,431802,18215
Nanded,431803,6734
Nanded,431804,29184
Nanded,431805,19578
Nanded,431806,20476
Nanded,431807,11328
Nanded,431808,5406
Nanded,431809,14243
Nanded,431810,2204
Nanded,431811,1452
Nandurbar,425408,6128
Nandurbar,425409,31089
Nandurbar,425410,4524
Nandurbar,425411,6720
Nandurbar,425412,49974
Nandurbar,425413,33311
Nandurbar,425414,49627
Nandurbar,425415,13817
Nandurbar,425416,15031
Nandurbar,425417,8020
Nandurbar,425418,16271
Nandurbar,425419,19986
Nandurbar,425422,6449
Nandurbar,425423,7648
Nandurbar,425424,4332
Nandurbar,425426,6832
Nandurbar,425432,23199
Nandurbar,425442,11338
Nandurbar,425444,13847
Nandurbar,425452,27791
Nandurbar *,425409,969
Nandurbar *,425410,12
Nandurbar *,425412,146
Nandurbar *,425413,438
Nandurbar *,425414,299
Nandurbar *,425415,292
Nandurbar *,425416,32
Nandurbar *,425417,5
Nandurbar *,425418,358
Nandurbar *,425419,14
Nandurbar *,425422,4
Nandurbar *,425423,2
Nandurbar *,425424,5
Nandurbar *,425426,11
Nandurbar *,425432,11
Nandurbar *,425444,5
Nandurbar *,425452,326
Nandyal,518010,30
Nandyal,518101,168
Nandyal,518102,182
Nandyal,518112,328
Nandyal,518122,479
Nandyal,518123,337
Nandyal,518124,1091
Nandyal,518134,896
Nandyal,518135,86
Nandyal,518145,36
Nandyal,518155,98
Nandyal,518165,50
Nandyal,518166,77
Nandyal,518176,135
Nandyal,518186,4
Nandyal,518196,235
Nandyal,518206,46
Nandyal,518217,4
Nandyal,518220,180
Nandyal,518221,508
Nandyal,518222,1146
Nandyal,518225,16
Nandyal,518401,1417
Nandyal,518405,192
Nandyal,518411,262
Nandyal,518412,274
Nandyal,518422,1568
Nandyal,518432,276
Nandyal,518442,73
Nandyal,518452,36
Nandyal,518464,16
Nandyal,518467,2
Nandyal,518501,2652
Nandyal,518502,838
Nandyal,518508,280
Nandyal,518510,71
Nandyal,518511,226
Nandyal,518512,141
Nandyal,518513,119
Nandyal,518523,89
Nandyal,518533,731
Nandyal,518543,1360
Nandyal,518553,396
Nandyal,518563,274
Nandyal,518573,59
Nandyal,518583,347
Nandyal,518593,169
Nandyal,518594,80
Nandyal,518598,192
Nandyal,518599,640
Nandyal,518674,50
Narayanpet,509130,695
Narayanpet,509204,271
Narayanpet,509205,658
Narayanpet,509208,2571
Narayanpet,509311,59
Narayanpet,509336,205
Narayanpet,509339,18
Narayanpet,509340,2
Narayanpet,509350,2
Narayanpet,509351,1051
Narayanpet,509352,1260
Narayanpet,509353,704
Narayanpet,509371,210
Narayanpet,509407,1629
Narayanpet,509409,246
Narayanpet,509411,1623
Narayanpur,494228,11
Narayanpur,494661,39498
Narayanpur,494665,2
Narmada,391110,4
Narmada,391120,2696
Narmada,391121,2876
Narmada,391150,5
Narmada,392035,5
Narmada,392040,2
Narmada,393020,2
Narmada,393025,5829
Narmada,393040,14311
Narmada,393041,6438
Narmada,393050,10406
Narmada,393115,27
Narmada,393120,18
Narmada,393130,2472
Narmada,393135,2
Narmada,393140,3339
Narmada,393145,11191
Narmada,393150,966
Narmada,393151,7035
Narmada,393155,2226
Narmadapuram,461001,3295
Narmadapuram,461005,5
Narmadapuram,461110,7
Narmadapuram,461111,2607
Narmadapuram,461115,53
Narmadapuram,461116,57
Narmadapuram,461122,16
Narmadapuram,461221,210
Narmadapuram,461223,1217
Narmadapuram,461551,11
Narmadapuram,461661,650
Narmadapuram,461668,426
Narmadapuram,461771,1415
Narmadapuram,461775,1132
Narmadapuram,461881,18
Narmadapuram,461990,1087
Narsimhapur,487001,4455
Narsimhapur,487110,435
Narsimhapur,487114,429
Narsimhapur,487118,2404
Narsimhapur,487221,2824
Narsimhapur,487225,287
Narsimhapur,487330,633
Narsimhapur,487334,77
Narsimhapur,487337,378
Narsimhapur,487441,536
Narsimhapur,487551,2195
Narsimhapur,487555,745
Narsimhapur,487661,1361
Narsimhapur,487770,777
Narsimhapur,487771,2
Narsimhapur,487881,902
Narsinghpur,487001,18042
Narsinghpur,487110,4355
Narsinghpur,487114,4720
Narsinghpur,487118,14275
Narsinghpur,487221,8347
Narsinghpur,487225,5162
Narsinghpur,487330,6490
Narsinghpur,487334,3165
Narsinghpur,487337,3428
Narsinghpur,487441,8179
Narsinghpur,487551,10815
Narsinghpur,487555,4617
Narsinghpur,487661,8104
Narsinghpur,487770,5226
Narsinghpur,487771,3436
Narsinghpur,487881,4109
Nashik,422001,13912
Nashik,422002,3706
Nashik,422003,50929
Nashik,422004,12315
Nashik,422005,2719
Nashik,422006,11114
Nashik,422007,23598
Nashik,422008,7644
Nashik,422009,26720
Nashik,422010,24874
Nashik,422011,6937
Nashik,422012,14583
Nashik,422013,5649
Nashik,422101,34174
Nashik,422102,7783
Nashik,422103,24649
Nashik,422104,4004
Nashik,422105,2249
Nashik,422112,1531
Nashik,422113,232
Nashik,422201,2648
Nashik,422202,23240
Nashik,422203,20066
Nashik,422204,23632
Nashik,422205,5779
Nashik,422206,6778
Nashik,422207,7101
Nashik,422208,26269
Nashik,422209,14238
Nashik,422210,8480
Nashik,422211,30460
Nashik,422212,11502
Nashik,422213,5880
Nashik,422214,770
Nashik,422215,10991
Nashik,422221,32
Nashik,422222,3329
Nashik,422301,1855
Nashik,422302,5070
Nashik,422303,11661
Nashik,422304,6796
Nashik,422305,9589
Nashik,422306,11877
Nashik,422308,3471
Nashik,422401,6593
Nashik,422402,23468
Nashik,422403,26016
Nashik,422501,23
Nashik,422502,9587
Nashik,422606,6695
Nashik,423101,15521
Nashik,423102,11939
Nashik,423104,24405
Nashik,423105,21552
Nashik,423106,29206
Nashik,423108,3867
Nashik,423110,2716
Nashik,423111,6005
Nashik,423117,5095
Nashik,423201,6280
Nashik,423202,2063
Nashik,423203,104189
Nashik,423204,10717
Nashik,423205,11406
Nashik,423206,10291
Nashik,423208,6190
Nashik,423212,8694
Nashik,423213,5806
Nashik,423301,31549
Nashik,423302,10916
Nashik,423303,4533
Nashik,423401,22613
Nashik,423402,4601
Nashik,423403,8313
Nashik,423501,25204
Nashik,423502,24633
Nashik,424109,5950
Navsari,394730,39
Navsari,396040,3635
Navsari,396051,1026
Navsari,396060,3509
Navsari,396110,437
Navsari,396310,3138
Navsari,396321,5495
Navsari,396325,1787
Navsari,396350,823
Navsari,396360,1832
Navsari,396370,118
Navsari,396380,978
Navsari,396403,157
Navsari,396406,620
Navsari,396409,1132
Navsari,396412,344
Navsari,396415,991
Navsari,396418,360
Navsari,396421,1217
Navsari,396424,1379
Navsari,396427,891
Navsari,396430,1271
Navsari,396433,909
Navsari,396436,4209
Navsari,396439,103
Navsari,396440,61
Navsari,396445,13484
Navsari,396450,4890
Navsari,396460,581
Navsari,396463,864
Navsari,396466,633
Navsari,396469,503
Navsari,396472,503
Navsari,396475,1267
Navsari,396521,4564
Navsari,396530,627
Navsari,396540,1951
Navsari,396560,2931
Navsari,396570,713
Navsari,396580,8904
Navsari,396590,2297
Nawada,803109,241
Nawada,805101,2530
Nawada,805102,2901
Nawada,805103,11492
Nawada,805104,10702
Nawada,805105,2
Nawada,805106,10526
Nawada,805107,5732
Nawada,805108,1876
Nawada,805109,7816
Nawada,805110,12680
Nawada,805111,3819
Nawada,805112,3400
Nawada,805121,6187
Nawada,805122,10205
Nawada,805123,5458
Nawada,805124,12065
Nawada,805125,9932
Nawada,805126,8696
Nawada,805127,8601
Nawada,805128,1230
Nawada,805129,3040
Nawada,805130,12397
Nawada,805131,2
Nawada,805133,625
Nawada,805141,1527
Nawanshahr,144029,64
Nawanshahr,144417,130
Nawanshahr,144421,264
Nawanshahr,144422,134
Nawanshahr,144501,168
Nawanshahr,144502,41
Nawanshahr,144503,292
Nawanshahr,144504,178
Nawanshahr,144505,795
Nawanshahr,144506,100
Nawanshahr,144507,216
Nawanshahr,144508,146
Nawanshahr,144509,84
Nawanshahr,144510,132
Nawanshahr,144511,164
Nawanshahr,144512,225
Nawanshahr,144513,173
Nawanshahr,144514,700
Nawanshahr,144515,319
Nawanshahr,144516,258
Nawanshahr,144517,372
Nawanshahr,144518,294
Nawanshahr,144521,784
Nawanshahr,144522,205
Nawanshahr,144524,328
Nawanshahr,144525,337
Nawanshahr,144526,323
Nawanshahr,144532,61
Nawanshahr,144533,61
Nawanshahr,144632,119
Nayagarh,752001,4
Nayagarh,752015,2
Nayagarh,752021,84
Nayagarh,752023,1098
Nayagarh,752024,3434
Nayagarh,752025,5367
Nayagarh,752026,8625
Nayagarh,752034,2
Nayagarh,752063,7568
Nayagarh,752064,5
Nayagarh,752065,3632
Nayagarh,752066,53
Nayagarh,752068,6354
Nayagarh,752069,2067
Nayagarh,752070,7616
Nayagarh,752077,11069
Nayagarh,752078,2652
Nayagarh,752079,5918
Nayagarh,752080,5127
Nayagarh,752081,6021
Nayagarh,752082,2587
Nayagarh,752083,2381
Nayagarh,752084,4460
Nayagarh,752085,3616
Nayagarh,752087,9
Nayagarh,752089,3088
Nayagarh,752090,3580
Nayagarh,752091,3913
Nayagarh,752092,3640
Nayagarh,752093,3856
Nayagarh,752094,2710
Neemuch,458110,13218
Neemuch,458113,4660
Neemuch,458116,6650
Neemuch,458118,9671
Neemuch,458220,8070
Neemuch,458226,5620
Neemuch,458228,4856
Neemuch,458330,7530
Neemuch,458336,1912
Neemuch,458339,1303
Neemuch,458441,35100
Neemuch,458468,1518
Neemuch,458470,846
Neemuch,458553,622
Neemuch,458664,12
Nellore,524001,8674
Nellore,524002,16401
Nellore,524003,5814
Nellore,524004,15977
Nellore,524005,2104
Nellore,524101,8913
Nellore,524121,5750
Nellore,524123,3234
Nellore,524124,887
Nellore,524126,6898
Nellore,524127,2463
Nellore,524129,2165
Nellore,524131,1743
Nellore,524132,7867
Nellore,524134,3022
Nellore,524137,7290
Nellore,524142,3535
Nellore,524152,2334
Nellore,524201,13582
Nellore,524203,1233
Nellore,524218,3448
Nellore,524221,1269
Nellore,524222,1671
Nellore,524223,3637
Nellore,524224,2628
Nellore,524225,1187
Nellore,524226,2705
Nellore,524227,1395
Nellore,524228,4120
Nellore,524230,2370
Nellore,524234,1244
Nellore,524236,1499
Nellore,524239,1684
Nellore,524240,2245
Nellore,524301,1468
Nellore,524302,2846
Nellore,524303,1711
Nellore,524304,1262
Nellore,524305,6741
Nellore,524306,2721
Nellore,524307,2409
Nellore,524308,4189
Nellore,524309,3640
Nellore,524310,1857
Nellore,524311,2744
Nellore,524312,1568
Nellore,524313,2293
Nellore,524314,4811
Nellore,524315,6638
Nellore,524316,2224
Nellore,524317,1737
Nellore,524318,246
Nellore,524319,7
Nellore,524320,3391
Nellore,524321,2122
Nellore,524322,4052
Nellore,524323,1746
Nellore,524341,2062
Nellore,524342,805
Nellore,524343,4786
Nellore,524344,3703
Nellore,524345,6611
Nellore,524346,2429
Nellore,524347,5
Nellore,524366,1655
Nellore,524401,1853
Nellore,524402,2618
Nellore,524403,2480
Nellore,524404,2958
Nellore,524405,5376
Nellore,524406,2612
Nellore,524407,4098
Nellore,524408,3320
Nellore,524409,2443
Nellore,524410,2521
Nellore,524411,2869
Nellore,524412,5242
Nellore,524413,2309
Nellore,524414,1864
Nellore,524415,2128
Nellore,524421,2231
New Delhi,110001,4437
New Delhi,110011,37
New Delhi,110021,3598
New Delhi,110023,59
Nicobar,744301,1304
Nicobar,744302,542
Nicobar,744303,1135
Nicobar,744304,246
Nicobars,744301,4
Nirmal,504101,909
Nirmal,504102,1682
Nirmal,504103,6638
Nirmal,504104,903
Nirmal,504105,989
Nirmal,504106,4403
Nirmal,504109,1242
Nirmal,504110,1165
Nirmal,504202,656
Nirmal,504203,1737
Nirmal,504205,9
Nirmal,504306,1149
Nirmal,504310,2259
Niuland,797112,233
Niuland,797115,4
Niuland,797116,271
Niwari,472246,779
Niwari,472336,66
Niwari,472337,547
Niwari,472338,321
Niwari,472442,1388
Niwari,472445,121
Niwari,472446,14
Niwari,472447,854
Nizamabad,502371,118
Nizamabad,503001,24623
Nizamabad,503002,6549
Nizamabad,503003,5978
Nizamabad,503101,2614
Nizamabad,503102,670
Nizamabad,503108,2349
Nizamabad,503110,1445
Nizamabad,503111,6046
Nizamabad,503114,3305
Nizamabad,503120,1098
Nizamabad,503122,4293
Nizamabad,503123,1730
Nizamabad,503124,2623
Nizamabad,503125,2511
Nizamabad,503144,1787
Nizamabad,503145,1873
Nizamabad,503164,7165
Nizamabad,503165,9280
Nizamabad,503174,68
Nizamabad,503175,7703
Nizamabad,503180,1643
Nizamabad,503185,9720
Nizamabad,503186,2953
Nizamabad,503187,7933
Nizamabad,503188,2236
Nizamabad,503201,2627
Nizamabad,503202,2065
Nizamabad,503206,2962
Nizamabad,503207,5552
Nizamabad,503212,4521
Nizamabad,503213,3020
Nizamabad,503217,2849
Nizamabad,503218,2354
Nizamabad,503219,2099
Nizamabad,503224,12620
Nizamabad,503225,2922
Nizamabad,503230,5864
Nizamabad,503235,3922
Nizamabad,503245,4330
Nizamabad,503246,3894
Nizamabad,503301,2883
Nizamabad,503302,2689
Nizamabad,503305,5250
Nizamabad,503306,3630
Nizamabad,503307,8243
Nizamabad,503308,3526
Nizamabad,503309,7577
Nizamabad,503310,8582
Nizamabad,503311,2917
Nizamabad,503321,2602
Nizamabad,503322,2
Nizamabad,505307,383
Nizamabad,505325,201
Noklak,798626,1331
North,737107,25
North,737116,433
North,737117,20
North,737118,4
North,737119,14
North,737120,52
North And Middle Andaman,744201,1534
North And Middle Andaman,744202,4405
North And Middle Andaman,744203,36
North And Middle Andaman,744204,1933
North And Middle Andaman,744205,2249
North And Middle Andaman,744209,707
North And Middle Andaman,744210,510
North Cachar Hills,788107,2
North Cachar Hills,788818,278
North Cachar Hills,788819,2840
North Cachar Hills,788820,18
North Cachar Hills,788830,1235
North Cachar Hills,788831,1037
North Cachar Hills,788832,339
North Cachar Hills,788931,1422
North Delhi,110006,34534
North Delhi,110007,23976
North Delhi,110054,10456
North Delhi,110084,39429
North Dinajpur,733123,55
North Dinajpur,733125,4
North Dinajpur,733128,226
North Dinajpur,733129,854
North Dinajpur,733130,4
North Dinajpur,733134,335
North Dinajpur,733143,103
North Dinajpur,733144,75
North Dinajpur,733156,82
North Dinajpur,733157,4
North Dinajpur,733201,36
North Dinajpur,733202,132
North Dinajpur,733207,55
North Dinajpur,733208,4
North Dinajpur,733209,52
North Dinajpur,733210,25
North Dinajpur,733213,9
North Dinajpur,733215,77
North East,110053,28783
North East,110093,18283
North East,110094,36007
North East Delhi,110032,26512
North East Delhi,110053,72719
North East Delhi,110090,135
North East Delhi,110093,51674
North East Delhi,110094,103947
North Garo Hills,783134,151
North Garo Hills,794002,740
North Garo Hills,794104,7
North Garo Hills,794108,560
North Garo Hills,794110,189
North Garo Hills,794112,568
North Goa,403001,1766
North Goa,403002,2293
North Goa,403004,260
North Goa,403005,1848
North Goa,403006,1632
North Goa,403101,1262
North Goa,403102,276
North Goa,403103,1566
North Goa,403104,164
North Goa,403105,349
North Goa,403106,235
North Goa,403107,2129
North Goa,403108,866
North Goa,403109,7
North Goa,403110,1158
North Goa,403114,1151
North Goa,403115,358
North Goa,403201,11
North Goa,403202,123
North Goa,403203,11
North Goa,403204,208
North Goa,403206,62
North Goa,403401,7313
North Goa,403402,413
North Goa,403403,219
North Goa,403404,1160
North Goa,403406,1315
North Goa,403407,4
North Goa,403409,16
North Goa,403501,871
North Goa,403502,1301
North Goa,403503,1987
North Goa,403504,2133
North Goa,403505,3512
North Goa,403506,2981
North Goa,403507,6149
North Goa,403508,1238
North Goa,403509,991
North Goa,403510,1067
North Goa,403511,887
North Goa,403512,4519
North Goa,403513,1867
North Goa,403515,1060
North Goa,403516,1548
North Goa,403517,1661
North Goa,403521,1843
North Goa,403523,223
North Goa,403524,839
North Goa,403526,32
North Goa,403527,1030
North Goa,403529,77
North Goa,403530,1162
North Goa,403704,4
North Goa,403706,141
North Goa,403710,4
North Sikkim,737107,64
North Sikkim,737116,1167
North Sikkim,737117,87
North Sikkim,737118,25
North Sikkim,737119,16
North Sikkim,737120,276
North Tripura,799250,3295
North Tripura,799251,6739
North Tripura,799253,4779
North Tripura,799254,3051
North Tripura,799256,3849
North Tripura,799260,8190
North Tripura,799261,9663
North Tripura,799262,5043
North Tripura,799263,4514
North Tripura,799264,3425
North Tripura,799265,11
North Tripura,799269,1851
North Tripura,799270,8197
North Tripura,799271,7019
North Tripura,799277,4414
North Tripura,799279,1434
North Tripura,799280,2429
North Tripura,799281,2685
North Tripura,799288,978
North Tripura,799290,3072
North Twenty Four Parganas,700028,4539
North Twenty Four Parganas,700030,1470
North Twenty Four Parganas,700035,2527
North Twenty Four Parganas,700036,1663
North Twenty Four Parganas,700048,2962
North Twenty Four Parganas,700049,5330
North Twenty Four Parganas,700050,422
North Twenty Four Parganas,700051,2773
North Twenty Four Parganas,700052,802
North Twenty Four Parganas,700055,2537
North Twenty Four Parganas,700056,4050
North Twenty Four Parganas,700057,1410
North Twenty Four Parganas,700058,2940
North Twenty Four Parganas,700059,3765
North Twenty Four Parganas,700064,1839
North Twenty Four Parganas,700065,2243
North Twenty Four Parganas,700074,2231
North Twenty Four Parganas,700076,150
North Twenty Four Parganas,700077,572
North Twenty Four Parganas,700079,1345
North Twenty Four Parganas,700080,102
North Twenty Four Parganas,700081,802
North Twenty Four Parganas,700083,818
North Twenty Four Parganas,700089,237
North Twenty Four Parganas,700090,1529
North Twenty Four Parganas,700091,1017
North Twenty Four Parganas,700097,118
North Twenty Four Parganas,700098,586
North Twenty Four Parganas,700100,4
North Twenty Four Parganas,700101,1324
North Twenty Four Parganas,700102,4018
North Twenty Four Parganas,700105,1532
North Twenty Four Parganas,700106,460
North Twenty Four Parganas,700108,1151
North Twenty Four Parganas,700109,1727
North Twenty Four Parganas,700110,5294
North Twenty Four Parganas,700111,1385
North Twenty Four Parganas,700112,1119
North Twenty Four Parganas,700113,1973
North Twenty Four Parganas,700114,1319
North Twenty Four Parganas,700115,1115
North Twenty Four Parganas,700116,310
North Twenty Four Parganas,700117,916
North Twenty Four Parganas,700118,1643
North Twenty Four Parganas,700119,7272
North Twenty Four Parganas,700120,2131
North Twenty Four Parganas,700121,5871
North Twenty Four Parganas,700122,3095
North Twenty Four Parganas,700123,1634
North Twenty Four Parganas,700124,5504
North Twenty Four Parganas,700125,8377
North Twenty Four Parganas,700126,4503
North Twenty Four Parganas,700127,813
North Twenty Four Parganas,700128,4877
North Twenty Four Parganas,700129,1917
North Twenty Four Parganas,700130,1680
North Twenty Four Parganas,700131,2097
North Twenty Four Parganas,700132,2374
North Twenty Four Parganas,700133,155
North Twenty Four Parganas,700134,50
North Twenty Four Parganas,700135,10232
North Twenty Four Parganas,700136,3300
North Twenty Four Parganas,700155,1005
North Twenty Four Parganas,700156,1663
North Twenty Four Parganas,700157,3614
North Twenty Four Parganas,700158,18
North Twenty Four Parganas,700159,3719
North Twenty Four Parganas,700160,39
North Twenty Four Parganas,700161,103
North Twenty Four Parganas,700162,258
North Twenty Four Parganas,700163,29
North Twenty Four Parganas,741250,25
North Twenty Four Parganas,741253,48
North Twenty Four Parganas,743122,1101
North Twenty Four Parganas,743123,488
North Twenty Four Parganas,743125,2391
North Twenty Four Parganas,743126,7858
North Twenty Four Parganas,743127,4900
North Twenty Four Parganas,743128,811
North Twenty Four Parganas,743129,779
North Twenty Four Parganas,743130,287
North Twenty Four Parganas,743133,2211
North Twenty Four Parganas,743134,962
North Twenty Four Parganas,743135,3494
North Twenty Four Parganas,743136,937
North Twenty Four Parganas,743144,2219
North Twenty Four Parganas,743145,5955
North Twenty Four Parganas,743165,3126
North Twenty Four Parganas,743166,3218
North Twenty Four Parganas,743193,533
North Twenty Four Parganas,743194,205
North Twenty Four Parganas,743195,30
North Twenty Four Parganas,743221,4090
North Twenty Four Parganas,743222,3163
North Twenty Four Parganas,743223,422
North Twenty Four Parganas,743232,2858
North Twenty Four Parganas,743233,1771
North Twenty Four Parganas,743234,4414
North Twenty Four Parganas,743235,7579
North Twenty Four Parganas,743245,5818
North Twenty Four Parganas,743246,34
North Twenty Four Parganas,743247,3933
North Twenty Four Parganas,743248,5298
North Twenty Four Parganas,743249,4081
North Twenty Four Parganas,743251,4786
North Twenty Four Parganas,743252,1859
North Twenty Four Parganas,743262,3455
North Twenty Four Parganas,743263,9544
North Twenty Four Parganas,743268,121
North Twenty Four Parganas,743269,5
North Twenty Four Parganas,743270,1499
North Twenty Four Parganas,743271,2586
North Twenty Four Parganas,743272,3051
North Twenty Four Parganas,743273,6246
North Twenty Four Parganas,743286,5155
North Twenty Four Parganas,743287,2479
North Twenty Four Parganas,743289,2135
North Twenty Four Parganas,743290,2122
North Twenty Four Parganas,743291,2181
North Twenty Four Parganas,743292,3161
North Twenty Four Parganas,743293,3145
North Twenty Four Parganas,743294,3248
North Twenty Four Parganas,743297,1958
North Twenty Four Parganas,743329,4344
North Twenty Four Parganas,743401,5690
North Twenty Four Parganas,743405,740
North Twenty Four Parganas,743411,1508
North Twenty Four Parganas,743412,3461
North Twenty Four Parganas,743413,2
North Twenty Four Parganas,743414,4
North Twenty Four Parganas,743422,6089
North Twenty Four Parganas,743423,12137
North Twenty Four Parganas,743424,7814
North Twenty Four Parganas,743425,12176
North Twenty Four Parganas,743426,6165
North Twenty Four Parganas,743427,5795
North Twenty Four Parganas,743428,3257
North Twenty Four Parganas,743429,4549
North Twenty Four Parganas,743435,3291
North Twenty Four Parganas,743437,3400
North Twenty Four Parganas,743438,2869
North Twenty Four Parganas,743439,3573
North Twenty Four Parganas,743442,9972
North Twenty Four Parganas,743445,4294
North Twenty Four Parganas,743446,5683
North Twenty Four Parganas,743456,7183
North Twenty Four Parganas,743502,2438
North Twenty Four Parganas,743611,823
North Twenty Four Parganas,743701,991
North Twenty Four Parganas,743702,1880
North Twenty Four Parganas,743704,3753
North Twenty Four Parganas,743710,1720
North Twenty Four Parganas,743711,3332
North West Delhi,110009,13634
North West Delhi,110033,50072
North West Delhi,110034,25859
North West Delhi,110035,13792
North West Delhi,110036,20943
North West Delhi,110039,36016
North West Delhi,110040,29977
North West Delhi,110042,83368
North West Delhi,110052,31000
North West Delhi,110056,1427
North West Delhi,110081,29133
North West Delhi,110082,11515
North West Delhi,110083,34377
North West Delhi,110085,49441
North West Delhi,110086,117946
North West Delhi,110088,19375
North West Delhi,110089,11504
North West Delhi,110094,269
Nuapada,766104,8903
Nuapada,766105,19822
Nuapada,766106,11019
Nuapada,766107,10396
Nuapada,766108,14022
Nuapada,766111,9548
Nuapada,766117,43
Nuapada,766118,9915
Pakaur,814111,5
Pakaur,816104,1454
Pakaur,816105,157
Pakaur,816106,5
Pakaur,816107,2801
Pakaur,816117,4
Pakke Kessang,790103,132
Pakur,814111,5695
Pakur,814166,4
Pakur,816102,1830
Pakur,816103,194
Pakur,816104,10645
Pakur,816105,2010
Pakur,816106,14099
Pakur,816107,24589
Pakur,816115,2
Pakur,816117,7375
Palakkad,678001,2949
Palakkad,678002,903
Palakkad,678003,677
Palakkad,678004,6458
Palakkad,678005,1477
Palakkad,678006,2774
Palakkad,678007,1832
Palakkad,678008,1206
Palakkad,678009,1019
Palakkad,678010,87
Palakkad,678011,262
Palakkad,678012,2227
Palakkad,678013,870
Palakkad,678014,615
Palakkad,678101,2083
Palakkad,678102,1447
Palakkad,678103,789
Palakkad,678104,87
Palakkad,678501,2103
Palakkad,678502,1509
Palakkad,678503,2400
Palakkad,678504,1582
Palakkad,678505,1272
Palakkad,678506,5217
Palakkad,678507,3621
Palakkad,678508,5896
Palakkad,678510,2666
Palakkad,678512,290
Palakkad,678531,1589
Palakkad,678532,802
Palakkad,678533,324
Palakkad,678534,2550
Palakkad,678541,1921
Palakkad,678542,164
Palakkad,678543,2897
Palakkad,678544,1153
Palakkad,678545,399
Palakkad,678546,1160
Palakkad,678551,1908
Palakkad,678552,1800
Palakkad,678553,1365
Palakkad,678554,1105
Palakkad,678555,2710
Palakkad,678556,1034
Palakkad,678557,1367
Palakkad,678571,2607
Palakkad,678572,2327
Palakkad,678573,1882
Palakkad,678574,1566
Palakkad,678581,3544
Palakkad,678582,9236
Palakkad,678583,8992
Palakkad,678591,1787
Palakkad,678592,2120
Palakkad,678593,3257
Palakkad,678594,948
Palakkad,678595,3375
Palakkad,678596,1183
Palakkad,678597,2003
Palakkad,678598,1331
Palakkad,678601,8575
Palakkad,678611,975
Palakkad,678612,2600
Palakkad,678613,1691
Palakkad,678621,2179
Palakkad,678622,3024
Palakkad,678623,1857
Palakkad,678624,499
Palakkad,678631,2766
Palakkad,678632,1037
Palakkad,678633,2397
Palakkad,678641,1203
Palakkad,678642,2014
Palakkad,678651,1837
Palakkad,678661,75
Palakkad,678671,1331
Palakkad,678681,1360
Palakkad,678682,1939
Palakkad,678683,2106
Palakkad,678684,3436
Palakkad,678685,581
Palakkad,678686,1208
Palakkad,678687,2256
Palakkad,678688,820
Palakkad,678701,2876
Palakkad,678702,2684
Palakkad,678703,1395
Palakkad,678704,973
Palakkad,678705,1025
Palakkad,678706,1917
Palakkad,678721,1944
Palakkad,678722,918
Palakkad,678731,1987
Palakkad,678732,770
Palakkad,678762,2495
Palakkad,679101,1083
Palakkad,679102,1641
Palakkad,679103,1998
Palakkad,679104,490
Palakkad,679121,2190
Palakkad,679122,2823
Palakkad,679123,116
Palakkad,679301,923
Palakkad,679302,1700
Palakkad,679303,7309
Palakkad,679304,2217
Palakkad,679305,3122
Palakkad,679306,2017
Palakkad,679307,3138
Palakkad,679308,1987
Palakkad,679309,1598
Palakkad,679313,2582
Palakkad,679335,4214
Palakkad,679336,3801
Palakkad,679337,2666
Palakkad,679501,2969
Palakkad,679502,1848
Palakkad,679503,2634
Palakkad,679504,624
Palakkad,679505,1130
Palakkad,679506,976
Palakkad,679511,2067
Palakkad,679512,909
Palakkad,679513,3646
Palakkad,679514,1734
Palakkad,679515,413
Palakkad,679516,478
Palakkad,679521,1066
Palakkad,679522,2842
Palakkad,679523,1274
Palakkad,679533,4127
Palakkad,679534,4840
Palakkad,679535,4016
Palakkad,679536,2170
Palakkad,679551,952
Palakkad,679552,3421
Palakkad,679553,517
Palakkad,679554,1094
Palamau,822101,21
Palamau,822102,2
Palamau,822110,2
Palamau,822113,4346
Palamau,822115,14
Palamau,822116,107
Palamau,822117,2
Palamau,822118,4
Palamau,822122,9
Palamau,822123,2
Palamau,822124,132
Palamau,822131,45
Palamau,822132,9
Palamu,822101,6679
Palamu,822102,6540
Palamu,822110,24314
Palamu,822111,839
Palamu,822113,26378
Palamu,822115,9535
Palamu,822116,20294
Palamu,822117,1511
Palamu,822118,18528
Palamu,822120,3477
Palamu,822122,15898
Palamu,822123,24056
Palamu,822124,25002
Palamu,822125,1761
Palamu,822126,9818
Palamu,822128,2
Palamu,822131,4790
Palamu,822132,1999
Palamu,822141,4
Palamu,829201,5
Palghar,401102,3974
Palghar,401103,3275
Palghar,401201,5936
Palghar,401202,5827
Palghar,401203,9250
Palghar,401204,1251
Palghar,401207,1442
Palghar,401208,19010
Palghar,401209,29154
Palghar,401301,2199
Palghar,401302,1725
Palghar,401303,14644
Palghar,401304,1454
Palghar,401305,17064
Palghar,401401,1165
Palghar,401402,1117
Palghar,401403,10702
Palghar,401404,11139
Palghar,401405,1349
Palghar,401501,13735
Palghar,401502,1340
Palghar,401503,1850
Palghar,401504,1910
Palghar,401506,830
Palghar,401601,2477
Palghar,401602,21068
Palghar,401603,17418
Palghar,401604,8626
Palghar,401605,6137
Palghar,401606,27672
Palghar,401607,8252
Palghar,401608,16
Palghar,401609,36
Palghar,401610,3204
Palghar,401701,1360
Palghar,401702,2707
Palghar,401703,747
Palghar,421303,14697
Palghar,421312,5702
Pali,306001,7662
Pali,306021,2899
Pali,306022,5146
Pali,306023,7146
Pali,306101,8603
Pali,306102,9729
Pali,306103,9808
Pali,306104,14858
Pali,306105,5242
Pali,306114,3161
Pali,306115,8450
Pali,306116,3943
Pali,306119,2935
Pali,306126,6534
Pali,306301,4474
Pali,306302,7571
Pali,306303,3109
Pali,306304,4293
Pali,306305,3270
Pali,306306,3867
Pali,306307,3120
Pali,306308,3355
Pali,306401,39994
Pali,306421,20426
Pali,306422,7545
Pali,306501,2308
Pali,306502,4588
Pali,306503,4029
Pali,306504,9646
Pali,306601,1885
Pali,306602,2605
Pali,306603,6100
Pali,306701,3922
Pali,306702,5332
Pali,306703,3954
Pali,306704,1488
Pali,306705,3735
Pali,306706,1917
Pali,306707,5725
Pali,306708,6597
Pali,306709,2053
Pali,306901,3298
Pali,306902,7424
Pali,306912,4073
Palnadu,522016,48
Palnadu,522020,135
Palnadu,522233,429
Palnadu,522234,91
Palnadu,522315,176
Palnadu,522402,627
Palnadu,522403,1021
Palnadu,522408,116
Palnadu,522409,280
Palnadu,522410,718
Palnadu,522411,340
Palnadu,522412,315
Palnadu,522413,1139
Palnadu,522414,978
Palnadu,522415,561
Palnadu,522421,244
Palnadu,522426,1083
Palnadu,522435,37
Palnadu,522436,100
Palnadu,522437,410
Palnadu,522438,12
Palnadu,522439,20
Palnadu,522529,29
Palnadu,522549,110
Palnadu,522601,2236
Palnadu,522603,203
Palnadu,522611,48
Palnadu,522612,440
Palnadu,522613,380
Palnadu,522614,748
Palnadu,522615,814
Palnadu,522616,1328
Palnadu,522617,59
Palnadu,522619,62
Palnadu,522626,45
Palnadu,522646,285
Palnadu,522647,1538
Palnadu,522649,143
Palnadu,522657,210
Palnadu,522658,41
Palnadu,522659,98
Palnadu,522660,87
Palnadu,522661,29
Palnadu,522663,98
Palwal,121004,3250
Palwal,121102,42732
Palwal,121103,21978
Palwal,121105,11356
Palwal,121106,15957
Palwal,121107,9319
Panch Mahals,388270,16
Panch Mahals,388713,16
Panch Mahals,389001,292
Panch Mahals,389110,7
Panch Mahals,389115,2
Panch Mahals,389120,20
Panch Mahals,389190,11
Panch Mahals,389210,20
Panch Mahals,389220,2
Panch Mahals,389230,57
Panch Mahals,389250,2
Panch Mahals,389260,5
Panch Mahals,389320,5
Panch Mahals,389330,48
Panch Mahals,389340,7
Panch Mahals,389350,48
Panch Mahals,389360,7
Panch Mahals,389365,7
Panch Mahals,389370,5
Panch Mahals,389380,2
Panch Mahals,389390,4
Panchkula,133104,4
Panchkula,133301,1438
Panchkula,133302,7726
Panchkula,134003,2
Panchkula,134101,110
Panchkula,134102,10308
Panchkula,134103,4
Panchkula,134104,757
Panchkula,134105,9
Panchkula,134107,1882
Panchkula,134108,1265
Panchkula,134109,8209
Panchkula,134112,2864
Panchkula,134113,7661
Panchkula,134114,868
Panchkula,134115,470
Panchkula,134116,5640
Panchkula,134117,381
Panchkula,134118,7636
Panchkula,134201,609
Panchkula,134204,6843
Panchkula,134205,1900
Panchkula,135133,4
Panchmahals,388270,2644
Panchmahals,388710,3537
Panchmahals,388713,3313
Panchmahals,389001,30735
Panchmahals,389110,6866
Panchmahals,389115,11613
Panchmahals,389120,11602
Panchmahals,389172,1586
Panchmahals,389190,1089
Panchmahals,389210,25909
Panchmahals,389220,5481
Panchmahals,389230,10189
Panchmahals,389232,2324
Panchmahals,389235,1794
Panchmahals,389240,4467
Panchmahals,389250,445
Panchmahals,389260,4241
Panchmahals,389265,2194
Panchmahals,389310,2921
Panchmahals,389320,5111
Panchmahals,389330,4621
Panchmahals,389340,5440
Panchmahals,389341,5827
Panchmahals,389350,10930
Panchmahals,389360,3988
Panchmahals,389365,7523
Panchmahals,389370,3011
Panchmahals,389380,3751
Panchmahals,389390,3537
Pandhurna,480105,46
Pandhurna,480106,139
Pandhurna,480108,32
Pandhurna,480109,39
Pandhurna,480331,20
Pandhurna,480334,321
Pandhurna,480337,25
Pandhurna,480338,50
Panipat,132101,12983
Panipat,132102,1796
Panipat,132103,86023
Panipat,132104,8241
Panipat,132105,2500
Panipat,132106,119
Panipat,132107,7944
Panipat,132108,3206
Panipat,132113,8845
Panipat,132115,1711
Panipat,132122,2390
Panipat,132140,2753
Panipat,132145,3639
Panna,472442,2
Panna,488001,30262
Panna,488050,2
Panna,488051,4339
Panna,488058,11677
Panna,488059,14
Panna,488101,643
Panna,488220,19950
Panna,488222,8878
Panna,488333,19077
Panna,488441,19879
Panna,488442,23983
Panna,488443,4
Panna,488446,17051
Panna,488448,18937
Papum Pare,791109,529
Papum Pare,791110,3403
Papum Pare,791111,3323
Papum Pare,791112,2655
Papum Pare,791113,3587
Papum Pare,791119,73
Papum Pare,791121,756
Papum Pare,791123,2172
Parbhani,431401,51291
Parbhani,431402,26223
Parbhani,431502,294
Parbhani,431503,27536
Parbhani,431505,16413
Parbhani,431506,21271
Parbhani,431508,7021
Parbhani,431509,37153
Parbhani,431510,9622
Parbhani,431511,24320
Parbhani,431512,442
Parbhani,431514,37622
Parbhani,431516,9893
Parbhani,431521,13291
Parbhani,431536,10164
Parbhani,431537,6691
Parbhani,431540,10421
Parbhani,431541,8393
Parbhani,431542,4
Parbhani,431720,9856
Parvathipuram Manyam,532122,12
Parvathipuram Manyam,532440,857
Parvathipuram Manyam,532443,978
Parvathipuram Manyam,532455,864
Parvathipuram Manyam,532456,294
Parvathipuram Manyam,532458,141
Parvathipuram Manyam,532460,1914
Parvathipuram Manyam,532462,445
Parvathipuram Manyam,535463,378
Parvathipuram Manyam,535501,743
Parvathipuram Manyam,535502,12
Parvathipuram Manyam,535521,946
Parvathipuram Manyam,535522,492
Parvathipuram Manyam,535523,2067
Parvathipuram Manyam,535524,896
Parvathipuram Manyam,535525,554
Parvathipuram Manyam,535526,1271
Parvathipuram Manyam,535527,413
Parvathipuram Manyam,535534,1673
Parvathipuram Manyam,535546,510
Parvathipuram Manyam,535547,932
Parvathipuram Manyam,535557,178
Parvathipuram Manyam,535558,36
Parvathipuram Manyam,535573,11
Parvathipuram Manyam,535591,1091
Parvathipuram Manyam,535592,376
Parvathipuram Manyam,535593,857
Paschim Bardhaman,713101,11
Paschim Bardhaman,713102,2
Paschim Bardhaman,713103,7
Paschim Bardhaman,713126,23
Paschim Bardhaman,713128,36
Paschim Bardhaman,713144,34
Paschim Bardhaman,713146,4
Paschim Bardhaman,713148,617
Paschim Bardhaman,713152,12
Paschim Bardhaman,713155,21
Paschim Bardhaman,713169,23
Paschim Bardhaman,713171,2
Paschim Bardhaman,713172,2
Paschim Bardhaman,713201,141
Paschim Bardhaman,713202,29
Paschim Bardhaman,713203,526
Paschim Bardhaman,713204,109
Paschim Bardhaman,713205,408
Paschim Bardhaman,713206,176
Paschim Bardhaman,713207,34
Paschim Bardhaman,713208,30
Paschim Bardhaman,713209,14
Paschim Bardhaman,713210,50
Paschim Bardhaman,713211,43
Paschim Bardhaman,713212,756
Paschim Bardhaman,713213,433
Paschim Bardhaman,713214,7
Paschim Bardhaman,713215,16
Paschim Bardhaman,713216,29
Paschim Bardhaman,713217,11
Paschim Bardhaman,713218,2
Paschim Bardhaman,713219,18
Paschim Bardhaman,713301,672
Paschim Bardhaman,713302,1445
Paschim Bardhaman,713303,515
Paschim Bardhaman,713304,658
Paschim Bardhaman,713305,32
Paschim Bardhaman,713315,71
Paschim Bardhaman,713321,440
Paschim Bardhaman,713322,121
Paschim Bardhaman,713323,114
Paschim Bardhaman,713324,317
Paschim Bardhaman,713325,2042
Paschim Bardhaman,713326,12
Paschim Bardhaman,713330,59
Paschim Bardhaman,713331,30
Paschim Bardhaman,713332,20
Paschim Bardhaman,713333,289
Paschim Bardhaman,713334,606
Paschim Bardhaman,713335,264
Paschim Bardhaman,713336,380
Paschim Bardhaman,713337,319
Paschim Bardhaman,713338,59
Paschim Bardhaman,713339,342
Paschim Bardhaman,713340,223
Paschim Bardhaman,713341,216
Paschim Bardhaman,713342,18
Paschim Bardhaman,713343,543
Paschim Bardhaman,713344,14
Paschim Bardhaman,713346,89
Paschim Bardhaman,713347,736
Paschim Bardhaman,713357,21
Paschim Bardhaman,713358,221
Paschim Bardhaman,713359,1458
Paschim Bardhaman,713360,212
Paschim Bardhaman,713361,12
Paschim Bardhaman,713362,301
Paschim Bardhaman,713363,467
Paschim Bardhaman,713364,9
Paschim Bardhaman,713365,4
Paschim Bardhaman,713367,11
Paschim Bardhaman,713368,34
Paschim Bardhaman,713369,2
Paschim Bardhaman,713370,37
Paschim Bardhaman,713371,46
Paschim Bardhaman,713372,2
Paschim Bardhaman,713373,360
Paschim Bardhaman,713376,5
Paschim Bardhaman,713377,12
Paschim Bardhaman,713378,184
Paschim Bardhaman,713380,2
Paschim Bardhaman,713381,53
Paschim Bardhaman,713383,7
Paschim Bardhaman,713384,36
Paschim Bardhaman,713385,23
Paschim Bardhaman,713386,27
Paschim Bardhaman,713403,94
Paschim Bardhaman,713406,52
Paschim Bardhaman,713409,2
Paschim Bardhaman,713420,12
Paschim Bardhaman,713428,27
Paschim Bardhaman,713502,5
Paschim Medinipur,712122,741
Paschim Medinipur,721101,3477
Paschim Medinipur,721102,2860
Paschim Medinipur,721121,5394
Paschim Medinipur,721122,3279
Paschim Medinipur,721123,48
Paschim Medinipur,721124,2824
Paschim Medinipur,721125,3703
Paschim Medinipur,721126,4136
Paschim Medinipur,721127,6025
Paschim Medinipur,721128,1618
Paschim Medinipur,721129,1614
Paschim Medinipur,721130,160
Paschim Medinipur,721131,1675
Paschim Medinipur,721132,32
Paschim Medinipur,721133,4351
Paschim Medinipur,721135,2905
Paschim Medinipur,721136,4510
Paschim Medinipur,721139,618
Paschim Medinipur,721140,5100
Paschim Medinipur,721141,864
Paschim Medinipur,721143,2347
Paschim Medinipur,721144,5276
Paschim Medinipur,721145,1148
Paschim Medinipur,721146,3660
Paschim Medinipur,721147,3797
Paschim Medinipur,721148,2753
Paschim Medinipur,721149,4968
Paschim Medinipur,721150,9063
Paschim Medinipur,721152,164
Paschim Medinipur,721153,1342
Paschim Medinipur,721154,599
Paschim Medinipur,721155,3550
Paschim Medinipur,721156,4528
Paschim Medinipur,721157,2634
Paschim Medinipur,721159,2315
Paschim Medinipur,721160,2135
Paschim Medinipur,721161,914
Paschim Medinipur,721165,691
Paschim Medinipur,721166,2423
Paschim Medinipur,721169,2
Paschim Medinipur,721170,429
Paschim Medinipur,721201,5836
Paschim Medinipur,721211,9018
Paschim Medinipur,721212,11157
Paschim Medinipur,721222,2272
Paschim Medinipur,721232,4957
Paschim Medinipur,721242,1593
Paschim Medinipur,721252,460
Paschim Medinipur,721253,5419
Paschim Medinipur,721254,262
Paschim Medinipur,721256,77
Paschim Medinipur,721257,119
Paschim Medinipur,721258,1324
Paschim Medinipur,721260,4957
Paschim Medinipur,721301,12017
Paschim Medinipur,721302,53
Paschim Medinipur,721303,23
Paschim Medinipur,721304,2194
Paschim Medinipur,721305,3833
Paschim Medinipur,721306,900
Paschim Medinipur,721420,212
Paschim Medinipur,721424,5934
Paschim Medinipur,721426,6816
Paschim Medinipur,721434,46
Paschim Medinipur,721435,2869
Paschim Medinipur,721436,2785
Paschim Medinipur,721437,4959
Paschim Medinipur,721439,14
Paschim Medinipur,721443,2338
Paschim Medinipur,721445,4808
Paschim Medinipur,721451,2552
Paschim Medinipur,721457,3705
Paschim Medinipur,721458,62
Paschim Medinipur,721466,273
Paschim Medinipur,721467,3186
Paschim Medinipur,721501,4002
Paschim Medinipur,721502,1160
Paschim Medinipur,721503,1862
Paschim Medinipur,721504,2691
Paschim Medinipur,721505,4036
Paschim Medinipur,721506,4319
Paschim Medinipur,721507,10312
Paschim Medinipur,721513,4131
Paschim Medinipur,721514,661
Paschim Medinipur,721515,2169
Paschim Medinipur,721516,5269
Paschim Medinipur,721517,3943
Paschim Medinipur,721518,476
Paschim Medinipur,721641,2046
Paschim Medinipur,721642,107
Paschim Medinipur,721644,5
Paschim Medinipur,721663,57
Paschim Medinipur,722138,23
Paschim Medinipur,722145,41
Paschim Medinipur,722150,2
Paschim Medinipur,731215,2
Paschim Medinipur,756084,53
Pashchim Champaran,845101,378
Pashchim Champaran,845102,2
Pashchim Champaran,845103,5
Pashchim Champaran,845105,62
Pashchim Champaran,845106,4
Pashchim Champaran,845107,2
Pashchim Champaran,845306,4
Pashchim Champaran,845438,55
Pashchim Champaran,845449,5
Pashchim Champaran,845450,9
Pashchim Champaran,845451,20
Pashchim Champaran,845452,4
Pashchim Champaran,845454,4
Pashchim Champaran,845455,73
Pashchim Champaran,845459,4
Pashchimi Singhbhum,831009,4
Pashchimi Singhbhum,831011,4
Pashchimi Singhbhum,831012,12
Pashchimi Singhbhum,831013,5
Pashchimi Singhbhum,831015,4
Pashchimi Singhbhum,831018,5
Pashchimi Singhbhum,832107,4
Pashchimi Singhbhum,832108,4
Pashchimi Singhbhum,832109,4
Pashchimi Singhbhum,832401,4
Pashchimi Singhbhum,832403,4
Pashchimi Singhbhum,833101,4
Pashchimi Singhbhum,833102,950
Pashchimi Singhbhum,833103,9
Pashchimi Singhbhum,833104,11
Pashchimi Singhbhum,833105,2
Pashchimi Singhbhum,833201,20665
Pashchimi Singhbhum,833203,7
Pashchimi Singhbhum,833214,716
Pashchimi Singhbhum,833215,2081
Pashchimi Singhbhum,833216,4
Pashchimi Singhbhum,833218,2
Pashchimi Singhbhum,833220,2
Pashchimi Singhbhum,833222,2
Pashchimi Singhbhum,835216,640
Patan,384110,1793
Patan,384130,367
Patan,384151,13598
Patan,384220,3699
Patan,384221,1816
Patan,384225,3400
Patan,384229,930
Patan,384230,1613
Patan,384240,8548
Patan,384241,4229
Patan,384245,10301
Patan,384246,2789
Patan,384255,2657
Patan,384260,137
Patan,384265,22415
Patan,384272,2751
Patan,384275,3448
Patan,384285,10697
Patan,384290,3753
Patan,385320,257
Patan,385340,17254
Patan,385350,5355
Patan,385360,9966
Pathanamthitta,686510,1317
Pathanamthitta,686511,1019
Pathanamthitta,686547,451
Pathanamthitta,689101,1244
Pathanamthitta,689102,1058
Pathanamthitta,689103,747
Pathanamthitta,689104,636
Pathanamthitta,689105,540
Pathanamthitta,689106,768
Pathanamthitta,689107,552
Pathanamthitta,689108,538
Pathanamthitta,689110,821
Pathanamthitta,689111,50
Pathanamthitta,689112,401
Pathanamthitta,689113,408
Pathanamthitta,689115,426
Pathanamthitta,689122,52
Pathanamthitta,689123,55
Pathanamthitta,689501,4836
Pathanamthitta,689502,797
Pathanamthitta,689503,2634
Pathanamthitta,689504,16
Pathanamthitta,689507,185
Pathanamthitta,689513,294
Pathanamthitta,689514,577
Pathanamthitta,689515,34
Pathanamthitta,689531,397
Pathanamthitta,689532,989
Pathanamthitta,689533,797
Pathanamthitta,689541,798
Pathanamthitta,689542,841
Pathanamthitta,689543,725
Pathanamthitta,689544,1426
Pathanamthitta,689545,846
Pathanamthitta,689546,339
Pathanamthitta,689547,572
Pathanamthitta,689548,1115
Pathanamthitta,689549,315
Pathanamthitta,689550,69
Pathanamthitta,689551,551
Pathanamthitta,689581,1835
Pathanamthitta,689582,1210
Pathanamthitta,689583,346
Pathanamthitta,689584,169
Pathanamthitta,689585,1267
Pathanamthitta,689586,804
Pathanamthitta,689587,764
Pathanamthitta,689588,1089
Pathanamthitta,689589,611
Pathanamthitta,689591,78
Pathanamthitta,689592,187
Pathanamthitta,689594,542
Pathanamthitta,689597,98
Pathanamthitta,689602,116
Pathanamthitta,689611,160
Pathanamthitta,689612,494
Pathanamthitta,689613,344
Pathanamthitta,689614,627
Pathanamthitta,689615,453
Pathanamthitta,689621,1700
Pathanamthitta,689625,943
Pathanamthitta,689626,830
Pathanamthitta,689641,690
Pathanamthitta,689642,884
Pathanamthitta,689643,2122
Pathanamthitta,689644,57
Pathanamthitta,689645,2236
Pathanamthitta,689646,1465
Pathanamthitta,689647,2231
Pathanamthitta,689648,1132
Pathanamthitta,689649,1426
Pathanamthitta,689650,497
Pathanamthitta,689652,73
Pathanamthitta,689653,1233
Pathanamthitta,689654,132
Pathanamthitta,689656,766
Pathanamthitta,689661,285
Pathanamthitta,689662,1520
Pathanamthitta,689663,1664
Pathanamthitta,689664,679
Pathanamthitta,689666,385
Pathanamthitta,689667,1041
Pathanamthitta,689668,380
Pathanamthitta,689671,221
Pathanamthitta,689672,2584
Pathanamthitta,689673,1712
Pathanamthitta,689674,1194
Pathanamthitta,689675,558
Pathanamthitta,689676,821
Pathanamthitta,689677,460
Pathanamthitta,689678,510
Pathanamthitta,689691,4002
Pathanamthitta,689692,1237
Pathanamthitta,689693,2099
Pathanamthitta,689694,2247
Pathanamthitta,689695,456
Pathanamthitta,689698,693
Pathanamthitta,689699,1167
Pathanamthitta,689711,2582
Pathanamthitta,690504,460
Pathanamthitta,690522,306
Pathanamthitta,691523,3049
Pathanamthitta,691524,1185
Pathanamthitta,691525,1680
Pathanamthitta,691526,1422
Pathanamthitta,691530,588
Pathanamthitta,691551,2684
Pathanamthitta,691552,1014
Pathanamthitta,691553,93
Pathanamthitta,691554,2268
Pathanamthitta,691555,1787
Pathanamthitta,691556,912
Pathankot,143517,2
Pathankot,143525,374
Pathankot,143531,716
Pathankot,143532,52
Pathankot,143533,943
Pathankot,143534,5315
Pathankot,145001,15212
Pathankot,145022,2142
Pathankot,145023,6468
Pathankot,145024,529
Pathankot,145025,7901
Pathankot,145026,2062
Pathankot,145027,2530
Pathankot,145029,1356
Pathankot,145101,1789
Patiala,140201,2
Patiala,140401,23030
Patiala,140412,825
Patiala,140417,6251
Patiala,140501,5
Patiala,140507,2
Patiala,140601,969
Patiala,140602,2197
Patiala,140603,7
Patiala,140604,4
Patiala,140701,5351
Patiala,140702,4321
Patiala,147001,55124
Patiala,147002,4400
Patiala,147003,1281
Patiala,147004,1491
Patiala,147005,383
Patiala,147021,5152
Patiala,147101,22575
Patiala,147102,10955
Patiala,147103,4200
Patiala,147104,1276
Patiala,147105,18994
Patiala,147111,13903
Patiala,147201,22431
Patiala,147202,7441
Patiala,147203,34
Patna,800001,12876
Patna,800002,6226
Patna,800003,2236
Patna,800004,3918
Patna,800005,4
Patna,800006,5889
Patna,800007,10782
Patna,800008,12292
Patna,800009,6433
Patna,800010,1256
Patna,800011,3090
Patna,800012,3799
Patna,800013,1550
Patna,800014,4198
Patna,800015,2
Patna,800016,2439
Patna,800018,1005
Patna,800020,8008
Patna,800022,20
Patna,800023,2242
Patna,800024,1898
Patna,800025,1529
Patna,800026,2837
Patna,800027,2374
Patna,800028,4
Patna,800029,2
Patna,800030,37
Patna,800111,4106
Patna,801101,11
Patna,801102,6834
Patna,801103,8817
Patna,801104,10266
Patna,801105,5155
Patna,801108,8179
Patna,801109,12039
Patna,801110,13359
Patna,801111,2
Patna,801112,4653
Patna,801113,4049
Patna,801117,242
Patna,801118,617
Patna,801304,2133
Patna,801305,2468
Patna,801502,2634
Patna,801503,20565
Patna,801505,11513
Patna,801506,1187
Patna,801507,1696
Patna,802160,996
Patna,803107,2
Patna,803110,2821
Patna,803201,17488
Patna,803202,16791
Patna,803203,1050
Patna,803206,1221
Patna,803211,6693
Patna,803212,11155
Patna,803213,14453
Patna,803214,6864
Patna,803218,2
Patna,803221,4357
Patna,803301,4348
Patna,803302,9280
Patna,803303,1655
Patna,803306,3286
Patna,803307,1046
Patna,804401,492
Patna,804406,2
Patna,804423,976
Patna,804426,1215
Patna,804451,12604
Patna,804452,15027
Patna,804453,16629
Patna,804454,2887
Patna,811104,1623
Patna,811302,14
Patna,848501,4
Pauri Garhwal,246001,3888
Pauri Garhwal,246113,210
Pauri Garhwal,246121,2830
Pauri Garhwal,246123,3605
Pauri Garhwal,246124,417
Pauri Garhwal,246125,568
Pauri Garhwal,246127,1417
Pauri Garhwal,246128,1777
Pauri Garhwal,246129,501
Pauri Garhwal,246130,3170
Pauri Garhwal,246131,584
Pauri Garhwal,246142,273
Pauri Garhwal,246144,1882
Pauri Garhwal,246146,494
Pauri Garhwal,246147,1160
Pauri Garhwal,246148,239
Pauri Garhwal,246149,15184
Pauri Garhwal,246155,2619
Pauri Garhwal,246159,410
Pauri Garhwal,246161,1299
Pauri Garhwal,246162,1381
Pauri Garhwal,246163,426
Pauri Garhwal,246164,1117
Pauri Garhwal,246165,148
Pauri Garhwal,246166,442
Pauri Garhwal,246167,1299
Pauri Garhwal,246169,1258
Pauri Garhwal,246172,3008
Pauri Garhwal,246173,1588
Pauri Garhwal,246174,4145
Pauri Garhwal,246175,447
Pauri Garhwal,246176,750
Pauri Garhwal,246177,786
Pauri Garhwal,246179,2700
Pauri Garhwal,246193,280
Pauri Garhwal,246194,542
Pauri Garhwal,246275,1953
Pauri Garhwal,246276,1700
Pauri Garhwal,246277,2194
Pauri Garhwal,246278,257
Pauri Garhwal,246279,756
Pauri Garhwal,246285,4617
Pauri Garhwal,249301,1217
Pauri Garhwal,249302,262
Pauri Garhwal,249304,1883
Pauri Garhwal,249306,296
Peddapalli,505152,456
Peddapalli,505153,383
Peddapalli,505162,638
Peddapalli,505174,80
Peddapalli,505184,1443
Peddapalli,505185,2831
Peddapalli,505186,786
Peddapalli,505187,650
Peddapalli,505188,168
Peddapalli,505208,656
Peddapalli,505209,57
Peddapalli,505212,722
Peddapalli,505214,62
Peddapalli,505215,110
Peddapalli,505415,43
Peddapalli,505416,478
Peddapalli,505514,196
Peddapalli,505525,1693
Perambalur,621101,2887
Perambalur,621102,1169
Perambalur,621103,3247
Perambalur,621104,2803
Perambalur,621106,1698
Perambalur,621107,1983
Perambalur,621108,11399
Perambalur,621109,4236
Perambalur,621110,1794
Perambalur,621113,2994
Perambalur,621114,1392
Perambalur,621115,4692
Perambalur,621116,3690
Perambalur,621117,9777
Perambalur,621118,1736
Perambalur,621133,2764
Perambalur,621212,7620
Perambalur,621219,1782
Perambalur,621220,2858
Perambalur,621653,805
Perambalur,621704,1019
Perambalur,621708,4670
Perambalur,621713,3361
Perambalur,621714,87
Perambalur,621716,10488
Perambalur,621717,10684
Peren,797002,25
Peren,797101,2293
Peren,797103,93
Peren,797106,11
Peren,797110,5711
Peren,797112,36
Phalodi,342302,2
Phalodi,342307,2
Phek,797102,511
Phek,797104,4426
Phek,797107,7267
Phek,797108,2199
Phek,797114,1203
Pherzawl,795121,2
Pherzawl,798628,2
Pilibhit,243122,2
Pilibhit,243502,9
Pilibhit,262001,72722
Pilibhit,262121,9164
Pilibhit,262122,61869
Pilibhit,262124,5153
Pilibhit,262201,52107
Pilibhit,262202,16845
Pilibhit,262203,14414
Pilibhit,262302,1481
Pilibhit,262305,7917
Pithoragarh,262501,8626
Pithoragarh,262502,695
Pithoragarh,262520,732
Pithoragarh,262521,2851
Pithoragarh,262522,9451
Pithoragarh,262526,160
Pithoragarh,262529,2692
Pithoragarh,262530,2568
Pithoragarh,262531,2418
Pithoragarh,262532,1867
Pithoragarh,262533,574
Pithoragarh,262534,1201
Pithoragarh,262541,1556
Pithoragarh,262542,861
Pithoragarh,262543,1304
Pithoragarh,262544,1509
Pithoragarh,262545,2958
Pithoragarh,262546,84
Pithoragarh,262547,752
Pithoragarh,262550,82
Pithoragarh,262551,1668
Pithoragarh,262552,1860
Pithoragarh,262553,2087
Pithoragarh,262554,2441
Pithoragarh,262555,1148
Pithoragarh,262576,1638
Pondicherry,533464,68
Pondicherry,605001,2675
Pondicherry,605003,2789
Pondicherry,605004,3457
Pondicherry,605005,1162
Pondicherry,605006,107
Pondicherry,605007,3958
Pondicherry,605008,3633
Pondicherry,605009,3042
Pondicherry,605010,1773
Pondicherry,605011,535
Pondicherry,605012,324
Pondicherry,605013,1568
Pondicherry,605014,975
Pondicherry,605101,4
Pondicherry,605102,554
Pondicherry,605105,182
Pondicherry,605106,1748
Pondicherry,605107,1149
Pondicherry,605108,32
Pondicherry,605110,4501
Pondicherry,605111,248
Pondicherry,605501,1609
Pondicherry,605502,2012
Pondicherry,607402,5182
Pondicherry,673310,784
Pondicherry,673311,71
Poonch,185121,2
Porbandar,360490,360
Porbandar,360510,424
Porbandar,360530,2
Porbandar,360545,2817
Porbandar,360550,5643
Porbandar,360560,1948
Porbandar,360570,4882
Porbandar,360575,16638
Porbandar,360576,2660
Porbandar,360577,533
Porbandar,360578,150
Porbandar,360579,4202
Porbandar,360590,3790
Porbandar,362230,5075
Porbandar,362620,1443
Porbandar,362650,4645
Prakasam,523001,15367
Prakasam,523002,2960
Prakasam,523101,8224
Prakasam,523104,1222
Prakasam,523105,10519
Prakasam,523108,4980
Prakasam,523109,3400
Prakasam,523110,1639
Prakasam,523111,3779
Prakasam,523112,4027
Prakasam,523113,3724
Prakasam,523114,2304
Prakasam,523115,2047
Prakasam,523116,3225
Prakasam,523117,1777
Prakasam,523135,1826
Prakasam,523155,4223
Prakasam,523157,6859
Prakasam,523165,1769
Prakasam,523166,3681
Prakasam,523167,3665
Prakasam,523168,1087
Prakasam,523169,4840
Prakasam,523170,1256
Prakasam,523171,845
Prakasam,523180,1941
Prakasam,523181,800
Prakasam,523182,1800
Prakasam,523183,2195
Prakasam,523184,1021
Prakasam,523185,727
Prakasam,523186,3705
Prakasam,523187,3911
Prakasam,523190,2637
Prakasam,523201,8402
Prakasam,523211,3746
Prakasam,523212,3469
Prakasam,523213,1663
Prakasam,523214,4
Prakasam,523223,1304
Prakasam,523224,2593
Prakasam,523225,5308
Prakasam,523226,6429
Prakasam,523227,1597
Prakasam,523228,1304
Prakasam,523230,6684
Prakasam,523240,8236
Prakasam,523241,4327
Prakasam,523245,1932
Prakasam,523246,2001
Prakasam,523247,8698
Prakasam,523252,2065
Prakasam,523253,5180
Prakasam,523254,2390
Prakasam,523260,3890
Prakasam,523261,2995
Prakasam,523262,1818
Prakasam,523263,2527
Prakasam,523264,4401
Prakasam,523265,4711
Prakasam,523270,4305
Prakasam,523271,3117
Prakasam,523272,3849
Prakasam,523273,1107
Prakasam,523274,4084
Prakasam,523279,1479
Prakasam,523280,2231
Prakasam,523281,3594
Prakasam,523286,3567
Prakasam,523291,1481
Prakasam,523292,5670
Prakasam,523301,7153
Prakasam,523302,4704
Prakasam,523303,5506
Prakasam,523304,7072
Prakasam,523305,5020
Prakasam,523315,3612
Prakasam,523316,8208
Prakasam,523320,4895
Prakasam,523326,7301
Prakasam,523327,11135
Prakasam,523328,5695
Prakasam,523329,5203
Prakasam,523330,4359
Prakasam,523331,8044
Prakasam,523332,2080
Prakasam,523333,5440
Prakasam,523334,3322
Prakasam,523335,1424
Prakasam,523336,1301
Prakasam,523346,2995
Prakasam,523356,1495
Prakasam,523357,7190
Prakasam,523367,2922
Prakasam,523368,2126
Prakasam,523369,959
Prakasam,523370,1502
Prakasam,523371,2922
Prakasam,523372,1810
Prakasam,523373,2766
Pratapgarh,212507,30
Pratapgarh,229408,4061
Pratapgarh,229410,5241
Pratapgarh,230001,12197
Pratapgarh,230002,2739
Pratapgarh,230121,45
Pratapgarh,230124,7539
Pratapgarh,230125,5583
Pratapgarh,230126,1745
Pratapgarh,230127,2270
Pratapgarh,230128,8231
Pratapgarh,230129,9401
Pratapgarh,230130,638
Pratapgarh,230131,3714
Pratapgarh,230132,9284
Pratapgarh,230133,9
Pratapgarh,230134,3575
Pratapgarh,230135,11199
Pratapgarh,230136,3553
Pratapgarh,230137,2963
Pratapgarh,230138,3115
Pratapgarh,230139,7541
Pratapgarh,230141,8161
Pratapgarh,230142,5121
Pratapgarh,230143,3263
Pratapgarh,230144,4291
Pratapgarh,230201,15492
Pratapgarh,230202,6333
Pratapgarh,230204,18757
Pratapgarh,230301,6974
Pratapgarh,230302,2767
Pratapgarh,230304,10610
Pratapgarh,230306,4236
Pratapgarh,230401,4681
Pratapgarh,230402,13457
Pratapgarh,230403,6435
Pratapgarh,230404,2899
Pratapgarh,230405,2766
Pratapgarh,230501,2947
Pratapgarh,230502,5059
Pratapgarh,230503,6222
Pratapgarh,312403,666
Pratapgarh,312601,205
Pratapgarh,312604,9284
Pratapgarh,312605,24963
Pratapgarh,312614,321
Pratapgarh,312615,7475
Pratapgarh,312616,4599
Pratapgarh,312619,11041
Pratapgarh,312623,4264
Pratapgarh,313001,9
Pratapgarh,313027,2
Pratapgarh,313333,2
Pratapgarh,313604,32
Pratapgarh,313605,12634
Pratapgarh,313611,9847
Pratapgarh,313706,11
Pratapgarh,327023,1228
Pratapgarh,327026,4132
Pratapgarh,327027,9585
Prayagraj,210010,2
Prayagraj,211001,7680
Prayagraj,211002,8470
Prayagraj,211003,25553
Prayagraj,211004,6654
Prayagraj,211005,2
Prayagraj,211006,7602
Prayagraj,211007,2094
Prayagraj,211008,17285
Prayagraj,211009,29
Prayagraj,211010,2468
Prayagraj,211011,10772
Prayagraj,211012,10699
Prayagraj,211013,14831
Prayagraj,211014,75
Prayagraj,211015,189
Prayagraj,211016,13773
Prayagraj,211018,2
Prayagraj,211019,11966
Prayagraj,212104,16526
Prayagraj,212106,20161
Prayagraj,212107,19277
Prayagraj,212108,6385
Prayagraj,212109,9783
Prayagraj,212201,5
Prayagraj,212202,966
Prayagraj,212203,4
Prayagraj,212204,23
Prayagraj,212208,4442
Prayagraj,212212,14
Prayagraj,212213,69
Prayagraj,212214,2
Prayagraj,212216,9
Prayagraj,212217,9
Prayagraj,212301,24211
Prayagraj,212302,9323
Prayagraj,212303,14879
Prayagraj,212305,11584
Prayagraj,212306,25186
Prayagraj,212307,7413
Prayagraj,212401,5381
Prayagraj,212402,26720
Prayagraj,212404,1848
Prayagraj,212405,5328
Prayagraj,212502,11461
Prayagraj,212503,8396
Prayagraj,212507,20366
Prayagraj,221502,12627
Prayagraj,221503,26389
Prayagraj,221505,16456
Prayagraj,221507,9765
Prayagraj,221508,16852
Prayagraj,228411,6627
Prayagraj,229411,14
Prayagraj,229412,13671
Prayagraj,229413,5082
Puducherry,533464,2748
Puducherry,605001,2489
Puducherry,605003,2286
Puducherry,605004,4049
Puducherry,605005,1645
Puducherry,605006,349
Puducherry,605007,4303
Puducherry,605008,4861
Puducherry,605009,3601
Puducherry,605010,2536
Puducherry,605011,1176
Puducherry,605012,118
Puducherry,605013,1659
Puducherry,605014,1393
Puducherry,605102,643
Puducherry,605103,2
Puducherry,605105,134
Puducherry,605106,1253
Puducherry,605107,1524
Puducherry,605110,4631
Puducherry,605111,447
Puducherry,605501,1272
Puducherry,605502,1851
Puducherry,607402,3425
Puducherry,670671,137
Puducherry,670672,451
Puducherry,673310,1860
Puducherry,673311,216
Pudukkottai,613301,8184
Pudukkottai,613303,941
Pudukkottai,613402,251
Pudukkottai,614614,704
Pudukkottai,614615,128
Pudukkottai,614616,15765
Pudukkottai,614617,1862
Pudukkottai,614618,4797
Pudukkottai,614619,4724
Pudukkottai,614620,3357
Pudukkottai,614621,3968
Pudukkottai,614622,3931
Pudukkottai,614624,10365
Pudukkottai,614628,2
Pudukkottai,614629,1996
Pudukkottai,614630,4597
Pudukkottai,614801,3003
Pudukkottai,614804,39
Pudukkottai,614805,1418
Pudukkottai,614902,1217
Pudukkottai,621305,1162
Pudukkottai,621308,390
Pudukkottai,621312,2472
Pudukkottai,621316,10670
Pudukkottai,622001,8136
Pudukkottai,622002,8512
Pudukkottai,622003,4266
Pudukkottai,622004,2906
Pudukkottai,622005,663
Pudukkottai,622101,5355
Pudukkottai,622102,9042
Pudukkottai,622103,1887
Pudukkottai,622104,3701
Pudukkottai,622201,4825
Pudukkottai,622202,3542
Pudukkottai,622203,9209
Pudukkottai,622204,2281
Pudukkottai,622209,1629
Pudukkottai,622301,11800
Pudukkottai,622302,9546
Pudukkottai,622303,7926
Pudukkottai,622304,3908
Pudukkottai,622401,2700
Pudukkottai,622402,1671
Pudukkottai,622403,2101
Pudukkottai,622404,1447
Pudukkottai,622407,2461
Pudukkottai,622408,504
Pudukkottai,622409,1173
Pudukkottai,622411,859
Pudukkottai,622412,2443
Pudukkottai,622422,759
Pudukkottai,622501,4310
Pudukkottai,622502,6182
Pudukkottai,622503,2231
Pudukkottai,622504,5793
Pudukkottai,622505,1426
Pudukkottai,622506,3583
Pudukkottai,622507,3760
Pudukkottai,622515,3380
Pudukkottai,630205,335
Pulwama,191102,647
Pulwama,191103,3165
Pulwama,192121,4995
Pulwama,192122,5866
Pulwama,192123,12215
Pulwama,192124,242
Pulwama,192301,20833
Pulwama,192302,715
Pulwama,192303,2174
Pulwama,192304,2801
Pulwama,192305,1082
Pulwama,192306,3771
Punch,185101,19043
Punch,185102,15693
Punch,185111,22126
Punch,185121,25758
Punch,185151,7
Punch,185202,2
Punch,185233,7
Pune,402301,5
Pune,410301,408
Pune,410302,127
Pune,410401,5084
Pune,410402,182
Pune,410403,843
Pune,410405,8797
Pune,410406,3311
Pune,410501,19767
Pune,410502,18049
Pune,410503,6615
Pune,410504,15644
Pune,410505,17336
Pune,410506,9829
Pune,410507,8788
Pune,410508,401
Pune,410509,3769
Pune,410510,1153
Pune,410511,1518
Pune,410512,2019
Pune,410513,1572
Pune,410515,2655
Pune,410516,1413
Pune,411001,10889
Pune,411002,9879
Pune,411003,6632
Pune,411004,2543
Pune,411005,2413
Pune,411006,14263
Pune,411007,4685
Pune,411008,1073
Pune,411009,14252
Pune,411011,6210
Pune,411012,5153
Pune,411013,5677
Pune,411014,20633
Pune,411015,13234
Pune,411016,6520
Pune,411017,24612
Pune,411018,11296
Pune,411019,11830
Pune,411020,4246
Pune,411021,8085
Pune,411022,723
Pune,411023,5975
Pune,411024,2623
Pune,411025,1712
Pune,411026,5025
Pune,411027,15198
Pune,411028,21652
Pune,411030,8856
Pune,411031,1502
Pune,411032,2887
Pune,411033,28053
Pune,411034,2937
Pune,411035,3487
Pune,411036,6206
Pune,411037,17876
Pune,411038,15537
Pune,411039,15364
Pune,411040,3760
Pune,411041,19728
Pune,411042,17194
Pune,411043,12071
Pune,411044,9343
Pune,411045,6465
Pune,411046,21292
Pune,411047,4619
Pune,411048,20480
Pune,411051,4790
Pune,411052,5285
Pune,411057,12591
Pune,411058,7564
Pune,411060,4795
Pune,411061,7880
Pune,411062,8012
Pune,411067,41
Pune,411068,513
Pune,411070,16
Pune,412101,12158
Pune,412102,2851
Pune,412103,2438
Pune,412104,5355
Pune,412105,20998
Pune,412106,8644
Pune,412107,1397
Pune,412108,3712
Pune,412109,4790
Pune,412110,3628
Pune,412112,139
Pune,412114,12876
Pune,412115,7254
Pune,412201,8685
Pune,412202,9163
Pune,412203,7750
Pune,412204,3853
Pune,412205,8723
Pune,412206,13156
Pune,412207,16292
Pune,412208,10841
Pune,412209,4086
Pune,412210,7997
Pune,412211,5576
Pune,412212,2040
Pune,412213,7174
Pune,412214,6536
Pune,412215,2238
Pune,412216,5638
Pune,412218,6240
Pune,412219,4041
Pune,412220,1287
Pune,412301,16870
Pune,412303,7652
Pune,412304,2853
Pune,412305,3701
Pune,412306,4157
Pune,412307,7714
Pune,412308,12841
Pune,412311,2320
Pune,412312,1454
Pune,412401,2160
Pune,412402,3264
Pune,412403,4004
Pune,412404,3227
Pune,412405,1217
Pune,412406,4711
Pune,412408,2796
Pune,412409,9950
Pune,412410,4514
Pune,412411,6141
Pune,412412,4473
Pune,413102,28297
Pune,413103,9792
Pune,413104,9437
Pune,413105,2949
Pune,413106,11718
Pune,413110,5333
Pune,413114,14182
Pune,413115,2956
Pune,413116,1967
Pune,413120,6100
Pune,413130,7778
Pune,413132,4275
Pune,413133,2194
Pune,413211,369
Pune,413801,11830
Pune,413802,1213
Purba Bardhaman,712103,2
Purba Bardhaman,712124,4
Purba Bardhaman,712134,30
Purba Bardhaman,712135,18
Purba Bardhaman,712136,7
Purba Bardhaman,712138,2
Purba Bardhaman,712139,2
Purba Bardhaman,712146,150
Purba Bardhaman,712147,12
Purba Bardhaman,712149,62
Purba Bardhaman,712201,2
Purba Bardhaman,712203,2
Purba Bardhaman,712222,9
Purba Bardhaman,712233,2
Purba Bardhaman,712248,5
Purba Bardhaman,712301,5
Purba Bardhaman,712302,25
Purba Bardhaman,712303,14
Purba Bardhaman,712305,4
Purba Bardhaman,712308,16
Purba Bardhaman,712310,4
Purba Bardhaman,712401,87
Purba Bardhaman,712402,25
Purba Bardhaman,712405,5
Purba Bardhaman,712406,2
Purba Bardhaman,712410,266
Purba Bardhaman,712413,4
Purba Bardhaman,712503,2
Purba Bardhaman,712512,18
Purba Bardhaman,712708,2
Purba Bardhaman,713101,1199
Purba Bardhaman,713102,820
Purba Bardhaman,713103,640
Purba Bardhaman,713104,314
Purba Bardhaman,713121,125
Purba Bardhaman,713122,435
Purba Bardhaman,713123,39
Purba Bardhaman,713124,64
Purba Bardhaman,713125,1041
Purba Bardhaman,713126,217
Purba Bardhaman,713127,45
Purba Bardhaman,713128,622
Purba Bardhaman,713129,984
Purba Bardhaman,713130,907
Purba Bardhaman,713131,45
Purba Bardhaman,713140,328
Purba Bardhaman,713141,916
Purba Bardhaman,713142,176
Purba Bardhaman,713143,1418
Purba Bardhaman,713144,43
Purba Bardhaman,713145,331
Purba Bardhaman,713146,1165
Purba Bardhaman,713147,312
Purba Bardhaman,713148,18
Purba Bardhaman,713149,127
Purba Bardhaman,713150,740
Purba Bardhaman,713151,166
Purba Bardhaman,713152,134
Purba Bardhaman,713153,5
Purba Bardhaman,713154,66
Purba Bardhaman,713155,5
Purba Bardhaman,713156,12
Purba Bardhaman,713157,14
Purba Bardhaman,713160,7
Purba Bardhaman,713166,134
Purba Bardhaman,713167,25
Purba Bardhaman,713168,14
Purba Bardhaman,713170,14
Purba Bardhaman,713173,4
Purba Bardhaman,713401,59
Purba Bardhaman,713403,296
Purba Bardhaman,713404,41
Purba Bardhaman,713405,483
Purba Bardhaman,713406,169
Purba Bardhaman,713407,339
Purba Bardhaman,713408,442
Purba Bardhaman,713409,526
Purba Bardhaman,713420,9
Purba Bardhaman,713421,36
Purba Bardhaman,713422,1183
Purba Bardhaman,713423,538
Purba Bardhaman,713424,754
Purba Bardhaman,713425,2
Purba Bardhaman,713426,203
Purba Bardhaman,713427,82
Purba Bardhaman,713428,153
Purba Bardhaman,713429,12
Purba Bardhaman,713430,21
Purba Bardhaman,713432,9
Purba Bardhaman,713434,11
Purba Bardhaman,713501,20
Purba Bardhaman,713502,565
Purba Bardhaman,713512,868
Purba Bardhaman,713513,756
Purba Bardhaman,713514,276
Purba Bardhaman,713515,100
Purba Bardhaman,713516,4
Purba Bardhaman,713517,5
Purba Bardhaman,713518,12
Purba Bardhaman,713519,330
Purba Bardhaman,713520,2
Purba Bardhaman,722112,2
Purba Bardhaman,722201,2
Purba Bardhaman,722205,5
Purba Bardhaman,722206,9
Purba Bardhaman,731215,12
Purba Bardhaman,731240,5
Purba Bardhaman,731301,32
Purba Bardhaman,731302,27
Purba Bardhaman,741316,21
Purba Bardhaman,741319,14
Purba Champaran,845301,7
Purba Champaran,845302,12
Purba Champaran,845303,53
Purba Champaran,845304,14
Purba Champaran,845305,39
Purba Champaran,845315,9
Purba Champaran,845401,80
Purba Champaran,845406,2
Purba Champaran,845411,12
Purba Champaran,845412,4
Purba Champaran,845413,2
Purba Champaran,845414,2
Purba Champaran,845415,5
Purba Champaran,845416,93
Purba Champaran,845417,41
Purba Champaran,845418,18
Purba Champaran,845423,7
Purba Champaran,845424,5
Purba Champaran,845426,9
Purba Champaran,845427,2
Purba Champaran,845428,2
Purba Champaran,845429,4
Purba Champaran,845430,5
Purba Champaran,845432,4
Purba Champaran,845433,11
Purba Champaran,845436,5
Purba Champaran,845437,9
Purba Champaran,845440,4
Purba Champaran,845457,2
Purba Champaran,845458,7
Purba Champaran,855456,2
Purba Medinipur,721125,37
Purba Medinipur,721130,1869
Purba Medinipur,721131,1696
Purba Medinipur,721134,4432
Purba Medinipur,721137,5569
Purba Medinipur,721139,7031
Purba Medinipur,721142,75
Purba Medinipur,721143,4
Purba Medinipur,721144,561
Purba Medinipur,721151,7579
Purba Medinipur,721152,6244
Purba Medinipur,721154,2741
Purba Medinipur,721158,873
Purba Medinipur,721159,20
Purba Medinipur,721167,43
Purba Medinipur,721168,652
Purba Medinipur,721169,501
Purba Medinipur,721171,53
Purba Medinipur,721172,515
Purba Medinipur,721401,6650
Purba Medinipur,721420,709
Purba Medinipur,721422,3421
Purba Medinipur,721423,2363
Purba Medinipur,721425,2156
Purba Medinipur,721427,2172
Purba Medinipur,721428,766
Purba Medinipur,721429,4056
Purba Medinipur,721430,5998
Purba Medinipur,721431,5383
Purba Medinipur,721432,3156
Purba Medinipur,721433,1905
Purba Medinipur,721434,1429
Purba Medinipur,721435,18
Purba Medinipur,721436,21
Purba Medinipur,721438,565
Purba Medinipur,721439,3362
Purba Medinipur,721440,2012
Purba Medinipur,721441,1707
Purba Medinipur,721442,2536
Purba Medinipur,721443,572
Purba Medinipur,721444,2919
Purba Medinipur,721446,3733
Purba Medinipur,721447,1365
Purba Medinipur,721448,2580
Purba Medinipur,721449,1246
Purba Medinipur,721450,1041
Purba Medinipur,721452,2577
Purba Medinipur,721453,1449
Purba Medinipur,721454,2596
Purba Medinipur,721455,1834
Purba Medinipur,721456,2536
Purba Medinipur,721457,11
Purba Medinipur,721458,2390
Purba Medinipur,721460,9
Purba Medinipur,721461,93
Purba Medinipur,721462,7
Purba Medinipur,721463,168
Purba Medinipur,721464,287
Purba Medinipur,721465,41
Purba Medinipur,721601,4059
Purba Medinipur,721602,1782
Purba Medinipur,721603,2876
Purba Medinipur,721604,34
Purba Medinipur,721605,278
Purba Medinipur,721606,2
Purba Medinipur,721607,556
Purba Medinipur,721625,1344
Purba Medinipur,721626,2448
Purba Medinipur,721627,3257
Purba Medinipur,721628,5403
Purba Medinipur,721629,4152
Purba Medinipur,721630,834
Purba Medinipur,721631,8331
Purba Medinipur,721632,4068
Purba Medinipur,721633,5410
Purba Medinipur,721634,2710
Purba Medinipur,721635,4291
Purba Medinipur,721636,4378
Purba Medinipur,721641,2135
Purba Medinipur,721642,4296
Purba Medinipur,721643,1187
Purba Medinipur,721644,1875
Purba Medinipur,721645,2814
Purba Medinipur,721646,2416
Purba Medinipur,721647,1928
Purba Medinipur,721648,3291
Purba Medinipur,721649,3961
Purba Medinipur,721650,3758
Purba Medinipur,721651,2988
Purba Medinipur,721652,3402
Purba Medinipur,721653,2413
Purba Medinipur,721654,4726
Purba Medinipur,721655,1174
Purba Medinipur,721656,3958
Purba Medinipur,721657,2653
Purba Medinipur,721658,2938
Purba Medinipur,721659,4457
Purba Medinipur,721664,323
Purba Medinipur,721665,294
Purba Medinipur,721666,568
Purba Medinipur,721667,168
Purba Medinipur,721668,880
Purba Medinipur,721669,276
Purba Medinipur,721670,645
Purbi Singhbhum,831001,2190
Purbi Singhbhum,831002,7438
Purbi Singhbhum,831003,1732
Purbi Singhbhum,831004,3722
Purbi Singhbhum,831005,1067
Purbi Singhbhum,831006,918
Purbi Singhbhum,831007,764
Purbi Singhbhum,831008,1014
Purbi Singhbhum,831009,2635
Purbi Singhbhum,831011,1695
Purbi Singhbhum,831012,3790
Purbi Singhbhum,831015,734
Purbi Singhbhum,831016,649
Purbi Singhbhum,831017,2062
Purbi Singhbhum,831018,1083
Purbi Singhbhum,832101,5
Purbi Singhbhum,832102,5
Purbi Singhbhum,832103,2
Purbi Singhbhum,832104,14
Purbi Singhbhum,832105,41
Purbi Singhbhum,832107,704
Purbi Singhbhum,832110,4303
Purbi Singhbhum,832301,52
Purbi Singhbhum,832302,9
Purbi Singhbhum,832303,5
Puri,751002,201
Puri,752001,6837
Puri,752002,12087
Puri,752003,87
Puri,752011,12240
Puri,752012,5080
Puri,752013,2849
Puri,752014,6224
Puri,752015,4909
Puri,752016,4038
Puri,752017,8028
Puri,752019,3607
Puri,752020,144
Puri,752030,2297
Puri,752045,2766
Puri,752046,2356
Puri,752050,2071
Puri,752060,1009
Puri,752070,2
Puri,752100,230
Puri,752102,4
Puri,752103,4
Puri,752104,10708
Puri,752105,4540
Puri,752106,5674
Puri,752107,4508
Puri,752108,3733
Puri,752109,5234
Puri,752110,5125
Puri,752111,3974
Puri,752112,9
Puri,752113,1338
Puri,752114,3501
Puri,752116,1294
Puri,752118,1712
Puri,752119,2149
Puri,752120,821
Puri,752121,1413
Puri,754004,706
Purnea,854101,2
Purnea,854201,2
Purnea,854202,2
Purnea,854203,4
Purnea,854204,7
Purnea,854205,30
Purnea,854206,2
Purnea,854301,3763
Purnea,854302,45
Purnea,854303,442
Purnea,854304,2
Purnea,854305,4
Purnea,854315,14
Purnea,854326,1124
Purnea,854327,125
Purnea,854330,48
Purnea,854337,3206
Purnea,855101,2
Purnea,855115,5
Purnia,853204,5308
Purnia,854101,7244
Purnia,854102,17550
Purnia,854104,2
Purnia,854113,2
Purnia,854114,378
Purnia,854201,6048
Purnia,854202,29213
Purnia,854203,24259
Purnia,854204,30346
Purnia,854205,14583
Purnia,854206,12306
Purnia,854301,17899
Purnia,854302,3690
Purnia,854303,12424
Purnia,854304,41617
Purnia,854305,2090
Purnia,854306,118
Purnia,854311,2
Purnia,854312,9
Purnia,854315,62510
Purnia,854317,3193
Purnia,854318,4
Purnia,854325,8282
Purnia,854326,23652
Purnia,854327,13208
Purnia,854329,886
Purnia,854330,35239
Purnia,854337,17850
Purnia,855105,2188
Purnia,855107,8683
Purnia,855115,6479
Purulia,723101,1418
Purulia,723102,123
Purulia,723103,308
Purulia,723121,520
Purulia,723126,634
Purulia,723127,144
Purulia,723128,12
Purulia,723130,246
Purulia,723131,29
Purulia,723133,228
Purulia,723143,1130
Purulia,723144,46
Purulia,723145,194
Purulia,723146,87
Purulia,723147,23
Purulia,723148,7
Purulia,723149,93
Purulia,723151,14
Purulia,723152,11
Purulia,723153,27
Purulia,723154,5
Purulia,723155,709
Purulia,723158,18
Purulia,723160,4
Purulia,723162,43
Purulia,723201,4
Purulia,723202,7
Purulia,723212,46
Purulia,723213,663
Purulia,723215,110
Puruliya,722153,232
Puruliya,723101,15768
Puruliya,723102,4145
Puruliya,723103,5421
Puruliya,723121,12810
Puruliya,723126,6721
Puruliya,723127,6631
Puruliya,723128,5772
Puruliya,723129,6039
Puruliya,723130,3484
Puruliya,723131,9460
Puruliya,723132,2022
Puruliya,723133,6627
Puruliya,723135,9
Puruliya,723142,262
Puruliya,723143,7245
Puruliya,723144,103
Puruliya,723145,4102
Puruliya,723146,2801
Puruliya,723147,2147
Puruliya,723148,3058
Puruliya,723149,4189
Puruliya,723151,4072
Puruliya,723152,4480
Puruliya,723153,5123
Puruliya,723154,3222
Puruliya,723155,3204
Puruliya,723156,973
Puruliya,723157,654
Puruliya,723158,7
Puruliya,723160,246
Puruliya,723161,18
Puruliya,723162,134
Puruliya,723163,380
Puruliya,723164,34
Puruliya,723168,244
Puruliya,723201,7149
Puruliya,723202,10553
Puruliya,723212,6046
Puruliya,723213,6757
Puruliya,723214,524
Puruliya,723215,902
Puruliya,723216,340
Rae Bareli,229001,33053
Rae Bareli,229010,4380
Rae Bareli,229103,4715
Rae Bareli,229120,5
Rae Bareli,229121,4569
Rae Bareli,229122,5624
Rae Bareli,229123,3910
Rae Bareli,229124,1846
Rae Bareli,229125,7170
Rae Bareli,229126,1352
Rae Bareli,229127,6472
Rae Bareli,229128,3122
Rae Bareli,229129,2379
Rae Bareli,229130,3518
Rae Bareli,229135,5
Rae Bareli,229201,2548
Rae Bareli,229202,3391
Rae Bareli,229203,3567
Rae Bareli,229204,7522
Rae Bareli,229205,4131
Rae Bareli,229206,8216
Rae Bareli,229207,5879
Rae Bareli,229208,2249
Rae Bareli,229209,1153
Rae Bareli,229210,1037
Rae Bareli,229211,2365
Rae Bareli,229212,3355
Rae Bareli,229215,1793
Rae Bareli,229216,3772
Rae Bareli,229301,15070
Rae Bareli,229302,964
Rae Bareli,229303,11235
Rae Bareli,229304,45
Rae Bareli,229305,1272
Rae Bareli,229306,11661
Rae Bareli,229307,5294
Rae Bareli,229308,5410
Rae Bareli,229309,32
Rae Bareli,229310,3730
Rae Bareli,229311,2619
Rae Bareli,229316,3669
Rae Bareli,229401,9116
Rae Bareli,229402,7593
Rae Bareli,229404,11907
Rae Bareli,229405,3747
Rae Bareli,229406,1958
Rae Bareli,229801,2
Rae Bareli,229802,980
Raebareli,229001,2
Raebareli,229103,2
Raebareli,229127,2
Raebareli,229204,2
Raebareli,229207,2
Raebareli,229212,2
Raebareli,229306,2
Raebareli,229309,2
Raebareli,229402,2
Raichur,584101,16558
Raichur,584102,7252
Raichur,584103,4606
Raichur,584111,10447
Raichur,584113,4086
Raichur,584115,6830
Raichur,584116,6680
Raichur,584118,3926
Raichur,584120,8069
Raichur,584122,11837
Raichur,584123,12554
Raichur,584124,5772
Raichur,584125,8304
Raichur,584126,3856
Raichur,584127,4594
Raichur,584128,23279
Raichur,584129,8325
Raichur,584132,3537
Raichur,584133,3589
Raichur,584134,3516
Raichur,584135,2739
Raichur,584136,2133
Raichur,584138,3685
Raichur,584139,6039
Raichur,584140,6116
Raichur,584143,7862
Raichur,584167,2746
Raichur,584170,2653
Raichur,584202,2605
Raichur,584203,3380
Raigarh,400001,25
Raigarh,400702,7742
Raigarh,400703,315
Raigarh,400704,239
Raigarh,400707,1078
Raigarh,402101,1107
Raigarh,402102,1130
Raigarh,402103,4088
Raigarh,402104,5271
Raigarh,402105,5968
Raigarh,402106,4932
Raigarh,402107,21225
Raigarh,402108,3518
Raigarh,402109,10643
Raigarh,402110,3484
Raigarh,402111,3284
Raigarh,402112,2846
Raigarh,402113,976
Raigarh,402114,249
Raigarh,402115,1518
Raigarh,402116,2236
Raigarh,402117,2463
Raigarh,402120,1932
Raigarh,402122,1429
Raigarh,402125,20
Raigarh,402126,536
Raigarh,402201,7418
Raigarh,402202,3015
Raigarh,402203,7416
Raigarh,402204,2283
Raigarh,402207,1071
Raigarh,402208,2
Raigarh,402209,3478
Raigarh,402301,7938
Raigarh,402302,4134
Raigarh,402303,5078
Raigarh,402304,2862
Raigarh,402305,2190
Raigarh,402306,1085
Raigarh,402307,832
Raigarh,402308,1139
Raigarh,402309,1773
Raigarh,402401,5004
Raigarh,402402,1429
Raigarh,402403,3138
Raigarh,402404,1085
Raigarh,410101,10216
Raigarh,410102,221
Raigarh,410201,21909
Raigarh,410202,3471
Raigarh,410203,8502
Raigarh,410204,1231
Raigarh,410205,7661
Raigarh,410206,49055
Raigarh,410207,4542
Raigarh,410208,8598
Raigarh,410209,1465
Raigarh,410210,13103
Raigarh,410216,305
Raigarh,410218,11574
Raigarh,410220,1508
Raigarh,410221,7268
Raigarh,410222,2525
Raigarh,415213,378
Raigarh,496001,49470
Raigarh,496005,34
Raigarh,496100,7703
Raigarh,496107,25061
Raigarh,496111,19206
Raigarh,496113,24022
Raigarh,496115,5900
Raigarh,496116,32563
Raigarh,496118,10724
Raigarh,496197,2
Raigarh,496220,907
Raigarh,496440,12780
Raigarh,496445,20761
Raigarh,496450,19895
Raigarh,496551,19402
Raigarh,496554,13457
Raigarh,496661,31531
Raigarh,496665,17753
Raigarh(Mh),400001,2
Raigarh(Mh),402101,4
Raigarh(Mh),402103,2
Raigarh(Mh),402104,2
Raigarh(Mh),402105,4
Raigarh(Mh),402106,2
Raigarh(Mh),402108,5
Raigarh(Mh),402109,5
Raigarh(Mh),402110,4
Raigarh(Mh),402111,2
Raigarh(Mh),402201,39
Raigarh(Mh),402202,4
Raigarh(Mh),402203,9
Raigarh(Mh),402204,5
Raigarh(Mh),402207,4
Raigarh(Mh),402209,205
Raigarh(Mh),402304,2
Raigarh(Mh),402401,2
Raigarh(Mh),410205,4
Raigarh(Mh),410206,326
Raigarh(Mh),410208,4
Raigarh(Mh),410210,93
Raigarh(Mh),410218,143
Raigarh(Mh),410221,20
Raigarh(Mh),410222,4
Raipur,492001,56999
Raipur,492002,37
Raipur,492003,2015
Raipur,492004,4711
Raipur,492005,46
Raipur,492006,7892
Raipur,492007,6044
Raipur,492008,5572
Raipur,492009,12678
Raipur,492010,4760
Raipur,492011,3345
Raipur,492012,1237
Raipur,492013,16556
Raipur,492014,3956
Raipur,492015,15626
Raipur,492099,9209
Raipur,492101,11035
Raipur,492109,1174
Raipur,493101,100
Raipur,493111,21021
Raipur,493113,515
Raipur,493114,8546
Raipur,493116,19672
Raipur,493118,18
Raipur,493195,1500
Raipur,493196,4
Raipur,493221,23375
Raipur,493225,30131
Raipur,493229,2
Raipur,493338,2
Raipur,493344,2
Raipur,493441,24942
Raipur,493445,103
Raipur,493559,2
Raipur,493661,31132
Raipur,493881,3462
Raipur,493885,7898
Raipur,493888,855
Raipur,493889,2026
Raipur,493890,780
Raipur,493992,1269
Raipur,493996,2546
Raisen,462046,13400
Raisen,464001,9
Raisen,464221,5
Raisen,464224,4
Raisen,464226,5
Raisen,464228,4
Raisen,464551,29434
Raisen,464570,4
Raisen,464651,6071
Raisen,464661,3690
Raisen,464665,12687
Raisen,464668,14783
Raisen,464671,8316
Raisen,464672,3662
Raisen,464770,11289
Raisen,464774,13600
Raisen,464776,4738
Raisen,464881,21736
Raisen,464884,15280
Raisen,464886,17527
Raisen,464986,11050
Raisen,464990,10718
Raisen,464993,9847
Rajanna Sircilla,505301,3109
Rajanna Sircilla,505302,2035
Rajanna Sircilla,505303,814
Rajanna Sircilla,505304,672
Rajanna Sircilla,505305,1313
Rajanna Sircilla,505307,800
Rajanna Sircilla,505401,232
Rajanna Sircilla,505402,916
Rajanna Sircilla,505403,723
Rajanna Sircilla,505404,1272
Rajanna Sircilla,505405,1233
Rajanna Sircilla,505524,1144
Rajanna Sircilla,505528,53
Rajanna Sircilla,505530,89
Rajauri,185135,2
Rajauri,185151,7
Rajauri,185155,2
Rajauri,185156,4
Rajauri,185201,2
Rajauri,185202,2
Rajauri,185212,4
Rajgarh,465661,32526
Rajgarh,465667,15446
Rajgarh,465669,23846
Rajgarh,465674,31799
Rajgarh,465677,15617
Rajgarh,465679,29993
Rajgarh,465680,14628
Rajgarh,465683,21483
Rajgarh,465685,11716
Rajgarh,465687,23010
Rajgarh,465689,12162
Rajgarh,465691,19648
Rajgarh,465693,17787
Rajgarh,465695,18
Rajgarh,465697,24740
Rajgarh,466331,7
Rajgarh,466445,2
Rajkot,360001,14956
Rajkot,360002,24774
Rajkot,360003,33212
Rajkot,360004,22696
Rajkot,360005,16925
Rajkot,360006,5834
Rajkot,360007,13126
Rajkot,360020,2067
Rajkot,360021,1386
Rajkot,360022,4768
Rajkot,360023,1980
Rajkot,360024,4196
Rajkot,360025,5736
Rajkot,360030,3047
Rajkot,360035,852
Rajkot,360040,1923
Rajkot,360050,10303
Rajkot,360055,10307
Rajkot,360060,2049
Rajkot,360070,1060
Rajkot,360110,6098
Rajkot,360311,20975
Rajkot,360320,494
Rajkot,360330,2374
Rajkot,360360,2423
Rajkot,360370,16520
Rajkot,360375,469
Rajkot,360380,1103
Rajkot,360405,2623
Rajkot,360410,10353
Rajkot,360421,707
Rajkot,360430,396
Rajkot,360440,1292
Rajkot,360450,2331
Rajkot,360452,905
Rajkot,360460,536
Rajkot,360470,948
Rajkot,360480,1149
Rajkot,360490,7764
Rajkot,363520,11
Rajkot,363621,11691
Rajkot,363630,987
Rajkot,363641,11203
Rajkot,363642,3332
Rajkot,363650,2541
Rajkot,363655,5
Rajkot,363660,1406
Rajkot,363670,2327
Rajkot,364465,1320
Rajkot,364470,984
Rajkot,364485,1271
Rajkot,364490,1652
Rajkot,364750,980
Rajkot,365410,14
Rajkot,365450,29
Rajkot,365480,221
Rajnandgaon,491229,22064
Rajnandgaon,491331,4
Rajnandgaon,491336,4
Rajnandgaon,491441,53167
Rajnandgaon,491444,20587
Rajnandgaon,491445,35017
Rajnandgaon,491557,19783
Rajnandgaon,491558,16321
Rajnandgaon,491661,18744
Rajnandgaon,491665,9863
Rajnandgaon,491666,10396
Rajnandgaon,491668,11640
Rajnandgaon,491881,24886
Rajnandgaon,491885,14170
Rajnandgaon,491888,18660
Rajouri,185121,25
Rajouri,185131,13892
Rajouri,185132,15287
Rajouri,185135,5084
Rajouri,185151,13438
Rajouri,185152,5788
Rajouri,185153,2302
Rajouri,185155,3389
Rajouri,185156,2368
Rajouri,185201,11337
Rajouri,185202,6203
Rajouri,185203,2685
Rajouri,185212,12714
Rajouri,185233,4806
Rajsamand,305901,609
Rajsamand,305921,10886
Rajsamand,305922,1162
Rajsamand,305925,875
Rajsamand,313001,324
Rajsamand,313011,1333
Rajsamand,313201,7
Rajsamand,313202,2739
Rajsamand,313204,1410
Rajsamand,313206,257
Rajsamand,313207,1616
Rajsamand,313211,1201
Rajsamand,313301,9120
Rajsamand,313321,3658
Rajsamand,313322,2919
Rajsamand,313323,3001
Rajsamand,313324,12547
Rajsamand,313325,4724
Rajsamand,313327,2764
Rajsamand,313328,1331
Rajsamand,313329,2760
Rajsamand,313330,3443
Rajsamand,313331,14120
Rajsamand,313332,7322
Rajsamand,313333,6182
Rajsamand,313334,5752
Rajsamand,313338,9
Rajsamand,313341,6426
Rajsamand,313342,1370
Rajsamand,313701,20
Rajsamand,313703,2
Rajsamand,313704,235
Rajsamand,313708,289
Rajsamand,313804,2
Ramanagar,560060,4
Ramanagar,561101,1998
Ramanagar,561201,1687
Ramanagar,562108,2669
Ramanagar,562109,5219
Ramanagar,562112,5096
Ramanagar,562117,10581
Ramanagar,562119,4015
Ramanagar,562120,5248
Ramanagar,562121,1689
Ramanagar,562122,2
Ramanagar,562126,2673
Ramanagar,562127,3370
Ramanagar,562128,1607
Ramanagar,562131,1769
Ramanagar,562138,4872
Ramanagar,562159,11777
Ramanagar,562160,8416
Ramanagar,562161,139
Ramanagar,571501,34
Ramanagar,571511,55
Ramanathapuram,623115,2072
Ramanathapuram,623120,2944
Ramanathapuram,623135,2019
Ramanathapuram,623308,1882
Ramanathapuram,623315,895
Ramanathapuram,623401,1604
Ramanathapuram,623402,458
Ramanathapuram,623403,4111
Ramanathapuram,623404,387
Ramanathapuram,623406,1572
Ramanathapuram,623407,3516
Ramanathapuram,623409,3865
Ramanathapuram,623501,4738
Ramanathapuram,623502,1762
Ramanathapuram,623503,2664
Ramanathapuram,623504,9022
Ramanathapuram,623512,1627
Ramanathapuram,623513,2325
Ramanathapuram,623514,2224
Ramanathapuram,623515,3101
Ramanathapuram,623516,943
Ramanathapuram,623517,9473
Ramanathapuram,623518,2457
Ramanathapuram,623519,2420
Ramanathapuram,623520,71
Ramanathapuram,623521,2429
Ramanathapuram,623522,2197
Ramanathapuram,623523,5622
Ramanathapuram,623524,1399
Ramanathapuram,623525,5503
Ramanathapuram,623526,5542
Ramanathapuram,623527,5160
Ramanathapuram,623528,2978
Ramanathapuram,623529,2258
Ramanathapuram,623530,2277
Ramanathapuram,623531,2338
Ramanathapuram,623532,3640
Ramanathapuram,623533,2382
Ramanathapuram,623534,2233
Ramanathapuram,623536,3190
Ramanathapuram,623537,1657
Ramanathapuram,623538,1794
Ramanathapuram,623566,1174
Ramanathapuram,623601,4697
Ramanathapuram,623603,6823
Ramanathapuram,623604,1392
Ramanathapuram,623605,1570
Ramanathapuram,623608,3395
Ramanathapuram,623701,3639
Ramanathapuram,623703,3844
Ramanathapuram,623704,5624
Ramanathapuram,623705,3719
Ramanathapuram,623706,1905
Ramanathapuram,623707,13699
Ramanathapuram,623708,820
Ramanathapuram,623711,3234
Ramanathapuram,623712,2174
Ramanathapuram,623802,9
Ramanathapuram,623806,5
Ramanathapuram,630312,417
Ramanathapuram,630713,52
Ramban,182143,3309
Ramban,182144,16365
Ramban,182145,13808
Ramban,182146,12065
Ramban,182148,7691
Ramgarh,825101,9197
Ramgarh,825314,2422
Ramgarh,825316,2591
Ramgarh,825325,1589
Ramgarh,825326,255
Ramgarh,825330,515
Ramgarh,825411,2
Ramgarh,829101,2790
Ramgarh,829102,2158
Ramgarh,829103,1623
Ramgarh,829105,2541
Ramgarh,829106,2097
Ramgarh,829108,706
Ramgarh,829109,2
Ramgarh,829110,12500
Ramgarh,829117,5048
Ramgarh,829118,1230
Ramgarh,829119,3624
Ramgarh,829122,7609
Ramgarh,829125,14
Ramgarh,829126,526
Ramgarh,829131,4
Ramgarh,829133,960
Ramgarh,829134,2115
Ramgarh,829135,1119
Ramgarh,829143,1187
Ramgarh,829150,1930
Rampur,202411,1249
Rampur,243701,25380
Rampur,244701,538
Rampur,244901,75987
Rampur,244921,27087
Rampur,244922,22778
Rampur,244923,943
Rampur,244924,32543
Rampur,244925,21141
Rampur,244927,14991
Ranchi,829205,2691
Ranchi,829208,1146
Ranchi,829209,966
Ranchi,829210,1071
Ranchi,834001,32226
Ranchi,834002,17973
Ranchi,834003,7416
Ranchi,834004,13664
Ranchi,834005,10629
Ranchi,834006,10551
Ranchi,834007,18
Ranchi,834008,7383
Ranchi,834009,7144
Ranchi,834010,14758
Ranchi,834012,2
Ranchi,835101,3737
Ranchi,835102,15433
Ranchi,835103,17019
Ranchi,835202,10378
Ranchi,835203,223
Ranchi,835204,21168
Ranchi,835205,10029
Ranchi,835208,2
Ranchi,835210,21
Ranchi,835213,925
Ranchi,835214,21241
Ranchi,835215,39
Ranchi,835216,330
Ranchi,835217,6110
Ranchi,835219,11750
Ranchi,835221,4047
Ranchi,835222,16034
Ranchi,835225,22949
Ranchi,835227,4
Ranchi,835230,2
Ranchi,835233,12
Ranchi,835234,6281
Ranchi,835301,11191
Ranchi,835302,4
Ranchi,835303,8592
Ranchi,835324,2
Ranchi,835325,1623
Rangareddi,500005,2741
Rangareddi,500008,184
Rangareddi,500014,823
Rangareddi,500015,1752
Rangareddi,500018,11037
Rangareddi,500019,1311
Rangareddi,500030,483
Rangareddi,500032,722
Rangareddi,500035,5164
Rangareddi,500037,3425
Rangareddi,500039,3742
Rangareddi,500043,349
Rangareddi,500046,46
Rangareddi,500047,2812
Rangareddi,500048,1679
Rangareddi,500051,100
Rangareddi,500052,1953
Rangareddi,500055,6244
Rangareddi,500058,1287
Rangareddi,500060,2277
Rangareddi,500068,2586
Rangareddi,500070,3024
Rangareddi,500074,2657
Rangareddi,500075,273
Rangareddi,500076,2846
Rangareddi,500077,747
Rangareddi,500078,1819
Rangareddi,500079,3790
Rangareddi,500083,855
Rangareddi,500084,652
Rangareddi,500086,442
Rangareddi,500087,2591
Rangareddi,500088,139
Rangareddi,500089,340
Rangareddi,500090,1311
Rangareddi,500092,1835
Rangareddi,500097,2372
Rangareddi,500098,706
Rangareddi,501101,153
Rangareddi,501106,4
Rangareddi,501111,134
Rangareddi,501121,2
Rangareddi,501141,1500
Rangareddi,501142,2
Rangareddi,501143,2
Rangareddi,501202,9
Rangareddi,501203,2
Rangareddi,501218,73
Rangareddi,501301,2117
Rangareddi,501359,2354
Rangareddi,501401,695
Rangareddi,501501,96
Rangareddi,501502,155
Rangareddi,501503,1379
Rangareddi,501504,169
Rangareddi,501505,3416
Rangareddi,501506,107
Rangareddi,501508,102
Rangareddi,501509,289
Rangareddi,501510,2979
Rangareddi,501511,622
Rangareddi,501512,198
Rangareddi,509217,233
Rangareddi,509325,914
Rangareddi,509335,9
Rangareddi,509337,2436
Rangareddi,509339,16
Rangareddi,509340,2
Rangareddi,509358,2
Rangareddy,500068,75
Rangareddy,501505,1655
Rangareddy,501510,2201
Rangareddy,501511,688
Rangareddy,501512,168
Rangareddy,509207,178
Ranipet,631001,157
Ranipet,631002,30
Ranipet,631003,30
Ranipet,631004,36
Ranipet,631006,2
Ranipet,631051,14
Ranipet,631052,5
Ranipet,631101,64
Ranipet,631102,89
Ranipet,631151,30
Ranipet,632318,52
Ranipet,632401,45
Ranipet,632502,23
Ranipet,632503,4
Ranipet,632505,30
Ranipet,632506,4
Ranipet,632507,52
Ranipet,632509,324
Ranipet,632510,48
Ranipet,632511,14
Ranipet,632512,50
Ranipet,632517,12
Ranipet,632518,20
Ratlam,457001,83644
Ratlam,457114,21274
Ratlam,457118,17311
Ratlam,457222,9793
Ratlam,457226,25809
Ratlam,457331,8553
Ratlam,457333,6075
Ratlam,457336,5234
Ratlam,457339,4376
Ratlam,457340,3774
Ratlam,457441,10736
Ratlam,457550,18079
Ratlam,457555,25783
Ratlam,457661,2
Ratlam,457772,2
Ratlam,457773,2
Ratlam,457779,2
Ratlam,457888,16
Ratnagiri,415202,1124
Ratnagiri,415203,4006
Ratnagiri,415208,2211
Ratnagiri,415214,741
Ratnagiri,415601,1192
Ratnagiri,415602,1557
Ratnagiri,415603,2473
Ratnagiri,415604,7999
Ratnagiri,415605,17627
Ratnagiri,415606,5964
Ratnagiri,415607,1964
Ratnagiri,415608,6746
Ratnagiri,415609,2110
Ratnagiri,415610,2415
Ratnagiri,415611,5039
Ratnagiri,415612,15469
Ratnagiri,415613,2919
Ratnagiri,415614,814
Ratnagiri,415615,813
Ratnagiri,415616,3906
Ratnagiri,415617,1372
Ratnagiri,415619,1695
Ratnagiri,415620,6584
Ratnagiri,415621,2897
Ratnagiri,415626,1169
Ratnagiri,415628,3687
Ratnagiri,415629,1887
Ratnagiri,415630,23
Ratnagiri,415637,1714
Ratnagiri,415639,7285
Ratnagiri,415640,1720
Ratnagiri,415641,5084
Ratnagiri,415643,1921
Ratnagiri,415701,2381
Ratnagiri,415702,1600
Ratnagiri,415703,3792
Ratnagiri,415705,845
Ratnagiri,415706,2450
Ratnagiri,415708,1586
Ratnagiri,415709,11183
Ratnagiri,415710,1071
Ratnagiri,415711,4161
Ratnagiri,415712,12942
Ratnagiri,415713,3683
Ratnagiri,415714,1187
Ratnagiri,415715,1176
Ratnagiri,415716,1802
Ratnagiri,415717,1117
Ratnagiri,415718,1737
Ratnagiri,415719,1595
Ratnagiri,415720,1224
Ratnagiri,415722,3079
Ratnagiri,415724,2988
Ratnagiri,415726,1901
Ratnagiri,415727,2714
Ratnagiri,415728,684
Ratnagiri,415729,722
Ratnagiri,415730,1461
Ratnagiri,415801,2022
Ratnagiri,415802,1019
Ratnagiri,415803,4535
Ratnagiri,415804,11041
Ratnagiri,415805,102
Ratnagiri,415806,1222
Ratnagiri,415807,734
Ratnagiri,416701,7424
Ratnagiri,416702,10631
Ratnagiri,416703,89
Ratnagiri,416704,5209
Ratnagiri,416705,2063
Ratnagiri,416707,1434
Ratnagiri,416709,342
Ratnagiri,416712,5620
Ratnagiri,416713,1328
Rayagada,764027,2
Rayagada,764062,490
Rayagada,764063,2
Rayagada,765001,4441
Rayagada,765002,6419
Rayagada,765013,4
Rayagada,765015,14106
Rayagada,765016,8496
Rayagada,765017,14127
Rayagada,765018,1497
Rayagada,765019,9170
Rayagada,765020,11944
Rayagada,765021,3510
Rayagada,765022,7235
Rayagada,765023,1483
Rayagada,765024,1618
Rayagada,765025,5921
Rayagada,765026,6907
Rayagada,765029,6247
Rayagada,765033,2853
Rayagada,765034,978
Reasi,182101,2
Reasi,182121,16
Reasi,182125,9
Reasi,182144,709
Reasi,182301,2062
Reasi,182311,4950
Reasi,182312,631
Reasi,182313,11900
Reasi,182315,14979
Reasi,182320,1001
Reasi,185203,5153
Rewa,485221,2
Rewa,485226,9
Rewa,485331,5
Rewa,485881,2
Rewa,486001,24402
Rewa,486002,1048
Rewa,486003,3001
Rewa,486005,3330
Rewa,486006,2726
Rewa,486111,14394
Rewa,486114,12837
Rewa,486115,12848
Rewa,486117,14247
Rewa,486123,12263
Rewa,486220,9608
Rewa,486223,16962
Rewa,486226,17992
Rewa,486331,32212
Rewa,486333,7830
Rewa,486335,23634
Rewa,486338,6582
Rewa,486340,8881
Rewa,486341,8359
Rewa,486440,8325
Rewa,486441,14475
Rewa,486445,17475
Rewa,486446,10635
Rewa,486447,10930
Rewa,486448,10661
Rewa,486450,5841
Rewa,486451,5
Rewa,486550,10529
Rewa,486553,17272
Rewa,486556,8079
Rewari,122107,146
Rewari,122413,4
Rewari,122414,467
Rewari,122502,1686
Rewari,123029,4
Rewari,123035,3676
Rewari,123101,4177
Rewari,123102,4558
Rewari,123103,2687
Rewari,123106,7543
Rewari,123110,1126
Rewari,123301,2081
Rewari,123302,5216
Rewari,123303,5264
Rewari,123401,32469
Rewari,123411,7479
Rewari,123412,1880
Rewari,123501,8158
Ri Bhoi,781131,266
Ri Bhoi,793002,2
Ri Bhoi,793101,1189
Ri Bhoi,793102,3396
Ri Bhoi,793103,1301
Ri Bhoi,793104,64
Ri Bhoi,793105,1769
Ri Bhoi,793116,18
Ri Bhoi,793122,39
Ri Bhoi,793123,18
Rohtak,124001,59565
Rohtak,124021,5374
Rohtak,124022,2940
Rohtak,124111,5638
Rohtak,124112,13867
Rohtak,124113,7482
Rohtak,124201,1319
Rohtak,124202,659
Rohtak,124303,5086
Rohtak,124401,5732
Rohtak,124404,1055
Rohtak,124406,1787
Rohtak,124411,3833
Rohtak,124412,3092
Rohtak,124501,7933
Rohtak,124513,1866
Rohtak,124514,8145
Rohtas,802204,4
Rohtas,802211,3008
Rohtas,802212,11859
Rohtas,802213,7634
Rohtas,802214,4353
Rohtas,802215,13265
Rohtas,802216,2256
Rohtas,802217,5141
Rohtas,802218,7089
Rohtas,802219,6479
Rohtas,802220,3423
Rohtas,802221,1604
Rohtas,802226,1916
Rohtas,821103,2
Rohtas,821104,8591
Rohtas,821105,2
Rohtas,821107,8904
Rohtas,821108,4779
Rohtas,821109,7
Rohtas,821111,6452
Rohtas,821112,7712
Rohtas,821113,19648
Rohtas,821115,12065
Rohtas,821301,5779
Rohtas,821302,994
Rohtas,821303,1570
Rohtas,821304,7450
Rohtas,821305,12240
Rohtas,821306,4022
Rohtas,821307,4610
Rohtas,821308,2292
Rohtas,821309,2078
Rohtas,821310,9681
Rohtas,821311,3699
Rohtas,821312,8453
Rudraprayag,246141,3017
Rudraprayag,246171,8004
Rudraprayag,246419,3134
Rudraprayag,246421,3984
Rudraprayag,246425,4656
Rudraprayag,246429,1162
Rudraprayag,246439,3767
Rudraprayag,246442,2504
Rudraprayag,246445,4
Rudraprayag,246448,119
Rudraprayag,246469,2359
Rudraprayag,246471,1436
Rudraprayag,246475,8047
Rudraprayag,246495,889
Rupnagar,140001,10264
Rupnagar,140101,6873
Rupnagar,140102,2368
Rupnagar,140103,2646
Rupnagar,140108,5364
Rupnagar,140111,4695
Rupnagar,140112,2801
Rupnagar,140113,3259
Rupnagar,140114,2926
Rupnagar,140115,1946
Rupnagar,140116,4056
Rupnagar,140117,8666
Rupnagar,140118,2937
Rupnagar,140119,3423
Rupnagar,140123,2951
Rupnagar,140124,2874
Rupnagar,140125,2582
Rupnagar,140126,6162
Rupnagar,140133,3856
Rupnagar,140301,32
Rupnagar,140306,29
Rupnagar,140307,20
Rupnagar,140308,2
Rupnagar,140413,128
Rupnagar,140603,5
Rupnagar,140901,4
Rupnagar,141121,46
Rupnagar,160014,18
Rupnagar,160055,18
Rupnagar,160059,11
Rupnagar,160062,7
Rupnagar,160071,2
Rupnagar,160103,50
S.A.S Nagar(Mohali),140103,321
S.A.S Nagar(Mohali),140109,20
S.A.S Nagar(Mohali),140110,30
S.A.S Nagar(Mohali),140201,29
S.A.S Nagar(Mohali),140301,1901
S.A.S Nagar(Mohali),140306,134
S.A.S Nagar(Mohali),140307,146
S.A.S Nagar(Mohali),140308,132
S.A.S Nagar(Mohali),140413,96
S.A.S Nagar(Mohali),140501,29
S.A.S Nagar(Mohali),140507,75
S.A.S Nagar(Mohali),140601,73
S.A.S Nagar(Mohali),140602,5
S.A.S Nagar(Mohali),140603,337
S.A.S Nagar(Mohali),140604,80
S.A.S Nagar(Mohali),140901,276
S.A.S Nagar(Mohali),160003,7
S.A.S Nagar(Mohali),160014,78
S.A.S Nagar(Mohali),160055,221
S.A.S Nagar(Mohali),160059,118
S.A.S Nagar(Mohali),160062,485
S.A.S Nagar(Mohali),160071,77
S.A.S Nagar(Mohali),160103,205
Sabar Kantha,383001,11
Sabar Kantha,383110,2
Sabar Kantha,383205,11
Sabar Kantha,383210,2
Sabar Kantha,383215,25
Sabar Kantha,383220,2
Sabar Kantha,383230,2
Sabar Kantha,383240,4
Sabar Kantha,383245,2
Sabar Kantha,383246,2
Sabar Kantha,383250,11
Sabar Kantha,383251,2
Sabar Kantha,383260,2
Sabar Kantha,383305,5
Sabar Kantha,383307,21
Sabar Kantha,383310,98
Sabar Kantha,383315,428
Sabar Kantha,383316,4
Sabar Kantha,383317,20
Sabar Kantha,383320,32
Sabar Kantha,383325,125
Sabar Kantha,383330,30
Sabar Kantha,383335,20
Sabar Kantha,383340,9
Sabar Kantha,383345,23
Sabar Kantha,383350,171
Sabar Kantha,383355,2
Sabar Kantha,383410,2
Sabar Kantha,383430,7
Sabar Kantha,383450,23
Sabar Kantha,383462,5
Sabarkantha,383001,11866
Sabarkantha,383006,7
Sabarkantha,383010,2411
Sabarkantha,383030,2872
Sabarkantha,383110,2409
Sabarkantha,383120,2669
Sabarkantha,383205,8710
Sabarkantha,383210,2413
Sabarkantha,383215,5661
Sabarkantha,383220,3689
Sabarkantha,383225,1345
Sabarkantha,383230,2562
Sabarkantha,383235,5216
Sabarkantha,383240,1066
Sabarkantha,383245,2195
Sabarkantha,383246,2692
Sabarkantha,383250,1775
Sabarkantha,383251,2537
Sabarkantha,383255,6440
Sabarkantha,383260,718
Sabarkantha,383270,11199
Sabarkantha,383275,2026
Sabarkantha,383276,2384
Sabarkantha,383305,5756
Sabarkantha,383307,2603
Sabarkantha,383310,2227
Sabarkantha,383315,5593
Sabarkantha,383316,948
Sabarkantha,383317,606
Sabarkantha,383320,465
Sabarkantha,383325,3681
Sabarkantha,383330,1404
Sabarkantha,383335,2151
Sabarkantha,383340,1850
Sabarkantha,383345,4439
Sabarkantha,383350,6146
Sabarkantha,383355,1679
Sabarkantha,383410,2641
Sabarkantha,383421,1379
Sabarkantha,383422,12712
Sabarkantha,383430,5235
Sabarkantha,383434,2197
Sabarkantha,383440,2028
Sabarkantha,383450,2186
Sabarkantha,383460,5358
Sabarkantha,383462,2913
Sagar,464240,12
Sagar,470001,28759
Sagar,470002,26658
Sagar,470003,64
Sagar,470004,11682
Sagar,470021,4
Sagar,470051,5713
Sagar,470111,1566
Sagar,470113,31891
Sagar,470115,11599
Sagar,470117,18655
Sagar,470118,7915
Sagar,470119,15476
Sagar,470120,8060
Sagar,470125,6714
Sagar,470221,8373
Sagar,470223,6805
Sagar,470226,19689
Sagar,470227,18890
Sagar,470228,7147
Sagar,470229,4173
Sagar,470232,14111
Sagar,470235,8323
Sagar,470335,31189
Sagar,470337,7153
Sagar,470339,13489
Sagar,470441,14701
Sagar,470442,14608
Sagar,470669,2
Saharanpur,247001,109441
Saharanpur,247002,1026
Saharanpur,247120,11739
Saharanpur,247121,23691
Saharanpur,247122,665
Saharanpur,247129,11109
Saharanpur,247231,15252
Saharanpur,247232,16789
Saharanpur,247340,9524
Saharanpur,247341,22987
Saharanpur,247342,10980
Saharanpur,247343,2860
Saharanpur,247451,22896
Saharanpur,247452,14505
Saharanpur,247453,4854
Saharanpur,247551,13692
Saharanpur,247554,28440
Saharanpur,247662,11495
Saharanpur,247665,467
Saharanpur,247668,37
Saharanpur,247669,1632
Saharanpur,247670,1654
Saharanpur,247769,4107
Saharsa,852106,22718
Saharsa,852107,10802
Saharsa,852110,1597
Saharsa,852115,540
Saharsa,852121,1490
Saharsa,852123,13785
Saharsa,852124,18247
Saharsa,852126,14109
Saharsa,852127,25425
Saharsa,852129,17165
Saharsa,852130,1550
Saharsa,852201,16248
Saharsa,852202,11447
Saharsa,852210,1949
Saharsa,852212,5590
Saharsa,852216,21545
Saharsa,852217,11973
Saharsa,852221,17413
Sahebganj,813208,9558
Sahebganj,816101,12632
Sahebganj,816102,20234
Sahebganj,816104,1326
Sahebganj,816105,1426
Sahebganj,816108,24601
Sahebganj,816109,19838
Sahebganj,816110,8122
Sahebganj,816115,2090
Sahebganj,816116,5720
Sahebganj,816120,5549
Sahebganj,816129,3705
Sahibganj,813208,5
Sahibganj,816101,3370
Sahibganj,816102,5
Sahibganj,816104,2
Sahibganj,816105,192
Sahibganj,816108,7
Sahibganj,816109,12
Sahibganj,816110,141
Sahibganj,816116,2
Saiha,796891,57
Saiha,796901,6648
Saiha,796911,3551
Saitual,796261,134
Saitual,796290,2
Saitual,796291,2
Sakti,495661,581
Sakti,495687,43
Sakti,495688,1597
Sakti,495689,239
Sakti,495690,1557
Sakti,495691,2024
Sakti,495692,754
Sakti,495695,376
Salem,621110,48
Salem,636001,8628
Salem,636002,7072
Salem,636003,9806
Salem,636004,5356
Salem,636005,10782
Salem,636006,13275
Salem,636007,6386
Salem,636008,10752
Salem,636009,5802
Salem,636010,10038
Salem,636011,2115
Salem,636012,4131
Salem,636013,1568
Salem,636014,2199
Salem,636015,11358
Salem,636016,4583
Salem,636017,12
Salem,636030,3147
Salem,636101,3455
Salem,636102,3220
Salem,636103,3184
Salem,636104,3974
Salem,636105,7441
Salem,636106,4391
Salem,636107,4125
Salem,636108,6419
Salem,636109,4277
Salem,636110,3624
Salem,636111,4253
Salem,636112,6737
Salem,636113,5125
Salem,636114,3234
Salem,636115,8142
Salem,636116,5016
Salem,636117,1908
Salem,636118,1148
Salem,636119,1745
Salem,636121,4940
Salem,636122,7226
Salem,636138,6085
Salem,636139,2081
Salem,636140,1279
Salem,636141,7035
Salem,636142,2
Salem,636201,4838
Salem,636202,2124
Salem,636203,3159
Salem,636204,3188
Salem,636302,7924
Salem,636303,7648
Salem,636304,3886
Salem,636305,6402
Salem,636306,6477
Salem,636307,7436
Salem,636308,3888
Salem,636309,6144
Salem,636351,4544
Salem,636352,64
Salem,636354,2454
Salem,636401,2949
Salem,636402,1990
Salem,636403,866
Salem,636404,2913
Salem,636406,421
Salem,636451,6214
Salem,636452,2766
Salem,636453,5267
Salem,636454,1470
Salem,636455,6597
Salem,636456,1000
Salem,636457,1393
Salem,636458,2735
Salem,636501,8797
Salem,636502,9270
Salem,636503,3993
Salem,636601,3003
Salem,636602,1588
Salem,637101,15549
Salem,637102,8951
Salem,637103,4743
Salem,637104,3183
Salem,637105,3877
Salem,637107,2137
Salem,637301,7539
Salem,637302,2
Salem,637303,1883
Salem,637304,729
Salem,637406,4
Salem,637412,4
Salem,637501,4485
Salem,637502,9280
Salem,637503,66
Salem,637504,4735
Salem,638183,1108
Salumbar,313026,2
Samastipur,847105,2942
Samastipur,847201,4
Samastipur,847301,5708
Samastipur,847306,5
Samastipur,848101,21121
Samastipur,848102,5023
Samastipur,848111,873
Samastipur,848113,3612
Samastipur,848114,26597
Samastipur,848115,4065
Samastipur,848116,11
Samastipur,848117,21814
Samastipur,848118,278
Samastipur,848121,4166
Samastipur,848122,7379
Samastipur,848125,8380
Samastipur,848127,8746
Samastipur,848129,4250
Samastipur,848130,10212
Samastipur,848131,4724
Samastipur,848132,14966
Samastipur,848133,8036
Samastipur,848134,10244
Samastipur,848160,5770
Samastipur,848205,14106
Samastipur,848206,6782
Samastipur,848207,14977
Samastipur,848208,9200
Samastipur,848209,18234
Samastipur,848210,14116
Samastipur,848211,11803
Samastipur,848216,3320
Samastipur,848220,629
Samastipur,848236,8813
Samastipur,848237,1295
Samastipur,848301,5269
Samastipur,848302,7732
Samastipur,848501,7261
Samastipur,848502,8347
Samastipur,848503,15852
Samastipur,848504,14131
Samastipur,848505,9975
Samastipur,848506,5909
Samba,180017,4
Samba,180019,11
Samba,181132,5
Samba,181133,2962
Samba,181141,2545
Samba,181143,1604
Samba,181145,964
Samba,184120,3024
Samba,184121,5674
Samba,184141,2325
Samba,184142,45
Samba,184144,18
Samba,184145,823
Sambalpur,768001,4859
Sambalpur,768002,1632
Sambalpur,768003,2764
Sambalpur,768004,2929
Sambalpur,768005,6055
Sambalpur,768006,5453
Sambalpur,768016,1887
Sambalpur,768017,2163
Sambalpur,768018,52
Sambalpur,768019,132
Sambalpur,768020,125
Sambalpur,768025,798
Sambalpur,768026,592
Sambalpur,768027,4
Sambalpur,768029,2
Sambalpur,768033,2
Sambalpur,768105,5358
Sambalpur,768106,10736
Sambalpur,768107,4302
Sambalpur,768108,32
Sambalpur,768109,360
Sambalpur,768112,5278
Sambalpur,768113,2632
Sambalpur,768200,5485
Sambalpur,768212,8065
Sambalpur,768213,4
Sambalpur,768214,1552
Sambalpur,768217,4
Sambalpur,768221,2570
Sambalpur,768222,7188
Sambalpur,768224,3131
Sambalpur,768227,3466
Sambalpur,768228,3624
Sambhal,202410,16328
Sambhal,202411,4824
Sambhal,202412,16618
Sambhal,202414,6615
Sambhal,202421,18707
Sambhal,202522,13888
Sambhal,202523,3117
Sambhal,202524,4
Sambhal,202527,8885
Sambhal,242021,11
Sambhal,243638,688
Sambhal,243640,950
Sambhal,243722,5
Sambhal,243727,7
Sambhal,243751,14
Sambhal,244001,2
Sambhal,244102,8224
Sambhal,244242,2042
Sambhal,244301,11852
Sambhal,244302,40314
Sambhal,244303,11935
Sambhal,244304,13983
Sambhal,244410,943
Sambhal,244412,4173
Sambhal,244414,30
Samstipur,847105,5
Samstipur,847301,5
Samstipur,848101,91
Samstipur,848102,9
Samstipur,848114,29
Samstipur,848117,12
Samstipur,848121,4
Samstipur,848122,11
Samstipur,848125,30
Samstipur,848127,5
Samstipur,848130,9
Samstipur,848131,7
Samstipur,848132,14
Samstipur,848133,4
Samstipur,848134,7
Samstipur,848160,5
Samstipur,848205,9
Samstipur,848206,2
Samstipur,848208,7
Samstipur,848209,5
Samstipur,848210,18
Samstipur,848211,7
Samstipur,848236,4
Samstipur,848302,7
Samstipur,848501,11
Samstipur,848502,4
Samstipur,848503,5
Samstipur,848504,9
Samstipur,848505,9
Samstipur,848506,4
Sangareddy,502001,2946
Sangareddy,502032,7644
Sangareddy,502205,27
Sangareddy,502210,1005
Sangareddy,502220,2543
Sangareddy,502221,802
Sangareddy,502228,180
Sangareddy,502246,962
Sangareddy,502249,540
Sangareddy,502251,314
Sangareddy,502256,273
Sangareddy,502257,1192
Sangareddy,502269,253
Sangareddy,502270,1540
Sangareddy,502273,1278
Sangareddy,502284,4
Sangareddy,502285,503
Sangareddy,502286,1974
Sangareddy,502287,1010
Sangareddy,502290,16
Sangareddy,502291,1816
Sangareddy,502293,579
Sangareddy,502294,116
Sangareddy,502295,672
Sangareddy,502296,1010
Sangareddy,502300,1001
Sangareddy,502305,91
Sangareddy,502306,479
Sangareddy,502307,1014
Sangareddy,502313,916
Sangareddy,502314,168
Sangareddy,502318,859
Sangareddy,502319,3610
Sangareddy,502321,750
Sangareddy,502324,14
Sangareddy,502329,175
Sangareddy,502345,688
Sangareddy,502371,378
Sangareddy,503305,4
Sangli,415301,8309
Sangli,415302,4294
Sangli,415303,6550
Sangli,415304,5164
Sangli,415305,8101
Sangli,415306,5182
Sangli,415307,4765
Sangli,415308,3275
Sangli,415309,2737
Sangli,415310,1778
Sangli,415311,17301
Sangli,415313,1536
Sangli,415315,3313
Sangli,415401,2906
Sangli,415402,1099
Sangli,415403,3553
Sangli,415404,3539
Sangli,415405,5834
Sangli,415406,3302
Sangli,415407,5298
Sangli,415408,10186
Sangli,415409,13970
Sangli,415410,1679
Sangli,415411,4811
Sangli,415412,2972
Sangli,415413,2112
Sangli,415414,1060
Sangli,415415,745
Sangli,416301,10827
Sangli,416302,5324
Sangli,416303,4815
Sangli,416304,2668
Sangli,416305,1604
Sangli,416306,3776
Sangli,416307,1450
Sangli,416308,5239
Sangli,416309,3699
Sangli,416310,6365
Sangli,416311,5460
Sangli,416312,17269
Sangli,416313,4825
Sangli,416314,2657
Sangli,416315,1434
Sangli,416316,2008
Sangli,416319,4
Sangli,416321,2
Sangli,416401,2602
Sangli,416402,5763
Sangli,416403,9001
Sangli,416404,19198
Sangli,416405,12012
Sangli,416406,2153
Sangli,416407,3874
Sangli,416408,3728
Sangli,416409,3423
Sangli,416410,36016
Sangli,416411,2406
Sangli,416412,8778
Sangli,416413,10592
Sangli,416414,1254
Sangli,416415,2903
Sangli,416416,45322
Sangli,416417,1575
Sangli,416418,2238
Sangli,416419,2505
Sangli,416420,1497
Sangli,416422,347
Sangli,416436,5410
Sangrur,148001,20318
Sangrur,148018,884
Sangrur,148019,196
Sangrur,148020,2128
Sangrur,148021,1356
Sangrur,148022,1383
Sangrur,148023,6910
Sangrur,148024,15647
Sangrur,148025,4499
Sangrur,148026,12388
Sangrur,148027,6864
Sangrur,148028,16688
Sangrur,148029,1260
Sangrur,148030,7190
Sangrur,148031,12923
Sangrur,148033,14524
Sangrur,148034,3988
Sangrur,148035,9843
Sangrur,148100,2
Sangrur,148101,12
Sangrur,148106,7953
Sant Kabir Nagar,272002,2717
Sant Kabir Nagar,272125,19762
Sant Kabir Nagar,272126,8478
Sant Kabir Nagar,272148,2119
Sant Kabir Nagar,272152,4731
Sant Kabir Nagar,272154,5850
Sant Kabir Nagar,272162,18846
Sant Kabir Nagar,272164,5909
Sant Kabir Nagar,272165,12648
Sant Kabir Nagar,272170,5152
Sant Kabir Nagar,272172,6066
Sant Kabir Nagar,272173,4264
Sant Kabir Nagar,272175,25590
Sant Kabir Nagar,272176,6483
Sant Kabir Nagar,272177,57
Sant Kabir Nagar,272199,12124
Sant Kabir Nagar,272208,4
Sant Kabir Nagar,272270,6976
Sant Kabir Nagar,272271,13560
Sant Ravidas Nagar,221207,2
Sant Ravidas Nagar,221301,11166
Sant Ravidas Nagar,221303,12825
Sant Ravidas Nagar,221304,16722
Sant Ravidas Nagar,221306,4113
Sant Ravidas Nagar,221308,7577
Sant Ravidas Nagar,221309,6905
Sant Ravidas Nagar,221310,6629
Sant Ravidas Nagar,221314,5365
Sant Ravidas Nagar,221401,15733
Sant Ravidas Nagar,221402,6996
Sant Ravidas Nagar,221404,18992
Sant Ravidas Nagar,221406,4772
Sant Ravidas Nagar,221407,641
Sant Ravidas Nagar,221409,2865
Sant Ravidas Nagar Bhadohi,221301,50
Sant Ravidas Nagar Bhadohi,221303,43
Sant Ravidas Nagar Bhadohi,221304,39
Sant Ravidas Nagar Bhadohi,221306,2
Sant Ravidas Nagar Bhadohi,221308,7
Sant Ravidas Nagar Bhadohi,221310,4
Sant Ravidas Nagar Bhadohi,221314,5
Sant Ravidas Nagar Bhadohi,221401,32
Sant Ravidas Nagar Bhadohi,221402,5
Sant Ravidas Nagar Bhadohi,221404,5
Sant Ravidas Nagar Bhadohi,221406,2
Sant Ravidas Nagar Bhadohi,221409,2
Saran,841101,13119
Saran,841105,232
Saran,841201,1561
Saran,841202,3762
Saran,841204,2951
Saran,841205,6126
Saran,841206,2726
Saran,841207,8256
Saran,841208,4610
Saran,841209,3471
Saran,841211,5335
Saran,841212,2094
Saran,841213,2889
Saran,841214,2413
Saran,841215,4776
Saran,841216,4038
Saran,841217,3218
Saran,841218,3024
Saran,841219,13769
Saran,841220,4200
Saran,841221,6693
Saran,841222,5709
Saran,841223,991
Saran,841224,2431
Saran,841225,955
Saran,841247,397
Saran,841301,19277
Saran,841302,670
Saran,841305,4278
Saran,841311,11114
Saran,841312,472
Saran,841313,4073
Saran,841316,969
Saran,841401,6522
Saran,841402,4628
Saran,841403,12101
Saran,841410,6834
Saran,841411,8612
Saran,841412,4841
Saran,841414,6342
Saran,841415,6082
Saran,841417,11174
Saran,841418,8035
Saran,841419,6345
Saran,841421,3589
Saran,841422,2995
Saran,841424,12434
Saran,841433,1418
Saran,841442,4941
Saran,841443,3165
Saran,841460,3965
Sarangarh-Bilaigarh,493222,187
Sarangarh-Bilaigarh,493338,324
Sarangarh-Bilaigarh,493559,761
Sarangarh-Bilaigarh,496445,303
Sarangarh-Bilaigarh,496450,208
Sarangarh-Bilaigarh,496551,53
Sarangarh-Bilaigarh,496554,21
Sas Nagar (Mohali),140101,4
Sas Nagar (Mohali),140103,5593
Sas Nagar (Mohali),140109,1418
Sas Nagar (Mohali),140110,2717
Sas Nagar (Mohali),140201,2596
Sas Nagar (Mohali),140301,17276
Sas Nagar (Mohali),140306,4888
Sas Nagar (Mohali),140307,4369
Sas Nagar (Mohali),140308,2594
Sas Nagar (Mohali),140401,337
Sas Nagar (Mohali),140413,1944
Sas Nagar (Mohali),140417,21
Sas Nagar (Mohali),140501,9303
Sas Nagar (Mohali),140506,239
Sas Nagar (Mohali),140507,6566
Sas Nagar (Mohali),140601,6912
Sas Nagar (Mohali),140602,378
Sas Nagar (Mohali),140603,9867
Sas Nagar (Mohali),140604,2830
Sas Nagar (Mohali),140901,2436
Sas Nagar (Mohali),147506,558
Sas Nagar (Mohali),160003,9
Sas Nagar (Mohali),160014,1616
Sas Nagar (Mohali),160055,3630
Sas Nagar (Mohali),160059,1554
Sas Nagar (Mohali),160062,4344
Sas Nagar (Mohali),160071,1901
Sas Nagar (Mohali),160103,5971
Sas Nagar (Mohali),160104,1196
Satara,412206,52
Satara,412801,5494
Satara,412802,4284
Satara,412803,16723
Satara,412804,1907
Satara,412805,3464
Satara,412806,5289
Satara,415001,5242
Satara,415002,16588
Satara,415003,3569
Satara,415004,6317
Satara,415010,2484
Satara,415011,4426
Satara,415012,4337
Satara,415013,3799
Satara,415014,7015
Satara,415015,2940
Satara,415019,2103
Satara,415020,1664
Satara,415021,2349
Satara,415022,2771
Satara,415023,1691
Satara,415102,2108
Satara,415103,5781
Satara,415104,2185
Satara,415105,4059
Satara,415106,4629
Satara,415107,1515
Satara,415108,5991
Satara,415109,10410
Satara,415110,7965
Satara,415111,7951
Satara,415112,7206
Satara,415114,4510
Satara,415115,1907
Satara,415116,1732
Satara,415122,2284
Satara,415124,11057
Satara,415205,3778
Satara,415206,11249
Satara,415207,1866
Satara,415209,1850
Satara,415211,1281
Satara,415212,378
Satara,415312,2161
Satara,415501,9565
Satara,415502,3027
Satara,415503,3566
Satara,415504,1778
Satara,415505,3591
Satara,415506,8532
Satara,415507,3774
Satara,415508,11128
Satara,415509,12153
Satara,415510,2372
Satara,415511,4979
Satara,415512,3359
Satara,415513,2215
Satara,415514,4188
Satara,415515,1582
Satara,415516,280
Satara,415517,973
Satara,415518,2297
Satara,415519,8510
Satara,415520,2730
Satara,415521,8678
Satara,415522,3131
Satara,415523,25280
Satara,415524,1809
Satara,415525,3746
Satara,415526,1794
Satara,415527,2837
Satara,415528,3409
Satara,415530,1527
Satara,415536,1096
Satara,415537,2067
Satara,415538,3696
Satara,415539,9156
Satara,415540,6148
Satara,415715,105
Satna,485001,37848
Satna,485005,5820
Satna,485111,10465
Satna,485112,5071
Satna,485113,6057
Satna,485114,2928
Satna,485115,17684
Satna,485221,10590
Satna,485226,19067
Satna,485227,27
Satna,485331,16600
Satna,485334,4038
Satna,485441,6869
Satna,485446,15139
Satna,485447,9382
Satna,485551,8751
Satna,485661,10857
Satna,485666,9184
Satna,485771,20927
Satna,485772,11946
Satna,485773,11752
Satna,485774,9523
Satna,485775,23069
Satna,485778,7620
Satna,485881,24995
Satna,486445,1554
Sawai Madhopur,322001,23546
Sawai Madhopur,322021,4957
Sawai Madhopur,322023,9991
Sawai Madhopur,322024,5841
Sawai Madhopur,322025,9134
Sawai Madhopur,322026,3644
Sawai Madhopur,322027,5440
Sawai Madhopur,322028,3106
Sawai Madhopur,322029,2908
Sawai Madhopur,322030,4127
Sawai Madhopur,322033,3528
Sawai Madhopur,322034,2890
Sawai Madhopur,322201,22158
Sawai Madhopur,322202,3503
Sawai Madhopur,322203,1579
Sawai Madhopur,322204,707
Sawai Madhopur,322205,3104
Sawai Madhopur,322211,4599
Sawai Madhopur,322212,2826
Sawai Madhopur,322214,8899
Sawai Madhopur,322215,59
Sawai Madhopur,322216,2
Sawai Madhopur,322219,5528
Sawai Madhopur,322220,372
Sawai Madhopur,322701,3197
Sawai Madhopur,322702,5330
Sawai Madhopur,322703,2570
Sawai Madhopur,322704,1541
Sehore,466001,33912
Sehore,466111,10128
Sehore,466113,3555
Sehore,466114,5984
Sehore,466115,26321
Sehore,466116,30209
Sehore,466117,16
Sehore,466118,3616
Sehore,466120,7343
Sehore,466125,3836
Sehore,466221,5185
Sehore,466331,31886
Sehore,466445,7142
Sehore,466446,9056
Sehore,466448,3127
Sehore,466554,5588
Sehore,466651,8870
Sehore,466661,7682
Sehore,466665,6814
Senapati,795002,823
Senapati,795007,3751
Senapati,795008,110
Senapati,795010,342
Senapati,795015,4401
Senapati,795102,2
Senapati,795104,7137
Senapati,795106,3988
Senapati,795107,2849
Senapati,795112,2448
Senapati,795113,492
Senapati,795114,567
Senapati,795118,2441
Senapati,795122,2156
Senapati,795125,4
Senapati,795126,274
Senapati,795129,2981
Senapati,795130,89
Senapati,795134,429
Senapati,795136,191
Senapati,795138,30
Senapati,795141,2
Senapati,795144,25
Senapati,795145,269
Senapati,795146,381
Senapati,795149,859
Senapati,795150,3134
Senapati,795159,87
Seoni,480661,26383
Seoni,480667,14476
Seoni,480771,7172
Seoni,480880,3184
Seoni,480881,3972
Seoni,480882,8209
Seoni,480884,12572
Seoni,480886,10039
Seoni,480887,10704
Seoni,480888,6923
Seoni,480990,8304
Seoni,480991,5360
Seoni,480994,7051
Seoni,480996,5086
Seoni,480997,13438
Seoni,480999,9908
Seoni,481226,23
Sepahijala,799100,1933
Sepahijala,799102,12215
Sepahijala,799103,5526
Sepahijala,799105,504
Sepahijala,799115,5157
Sepahijala,799130,745
Sepahijala,799131,8885
Sepahijala,799153,5
Seraikela-Kharsawan,831001,11
Seraikela-Kharsawan,831002,19452
Seraikela-Kharsawan,831009,4
Seraikela-Kharsawan,831012,9015
Seraikela-Kharsawan,831013,10777
Seraikela-Kharsawan,831014,16
Seraikela-Kharsawan,831018,255
Seraikela-Kharsawan,832108,8696
Seraikela-Kharsawan,832109,1527
Seraikela-Kharsawan,832401,23860
Seraikela-Kharsawan,832402,1215
Seraikela-Kharsawan,832403,11223
Seraikela-Kharsawan,832404,13630
Seraikela-Kharsawan,833101,4209
Seraikela-Kharsawan,833102,2231
Seraikela-Kharsawan,833201,16
Seraikela-Kharsawan,833216,14323
Seraikela-Kharsawan,833219,7425
Seraikela-Kharsawan,833220,12155
Serchhip,796161,1982
Serchhip,796181,8339
Serchhip,796186,1736
Serchhip,796310,116
Serchhip,796370,1377
Shahdara,110032,5250
Shahdara,110053,576
Shahdara,110090,14
Shahdara,110093,4694
Shahdara,110095,3657
Shahdol,484001,26062
Shahdol,484110,19614
Shahdol,484113,21
Shahdol,484114,5096
Shahdol,484116,1481
Shahdol,484117,2062
Shahdol,484120,216
Shahdol,484220,32
Shahdol,484224,7675
Shahdol,484330,100
Shahdol,484334,4959
Shahdol,484440,2552
Shahdol,484444,2
Shahdol,484446,4
Shahdol,484552,2
Shahdol,484660,4
Shahdol,484661,157
Shahdol,484665,21
Shahdol,484669,14177
Shahdol,484770,11292
Shahdol,484771,30264
Shahdol,484774,34117
Shahdol,484776,8530
Shahdol,484881,66
Shahdol,484886,7
Shahdol,486661,2
Shahdol,486886,7
Shaheed Bhagat Singh Nagar,144013,2
Shaheed Bhagat Singh Nagar,144029,299
Shaheed Bhagat Singh Nagar,144417,884
Shaheed Bhagat Singh Nagar,144421,1146
Shaheed Bhagat Singh Nagar,144422,907
Shaheed Bhagat Singh Nagar,144501,1107
Shaheed Bhagat Singh Nagar,144502,75
Shaheed Bhagat Singh Nagar,144503,1650
Shaheed Bhagat Singh Nagar,144504,1073
Shaheed Bhagat Singh Nagar,144505,4004
Shaheed Bhagat Singh Nagar,144506,609
Shaheed Bhagat Singh Nagar,144507,1324
Shaheed Bhagat Singh Nagar,144508,752
Shaheed Bhagat Singh Nagar,144509,520
Shaheed Bhagat Singh Nagar,144510,738
Shaheed Bhagat Singh Nagar,144511,829
Shaheed Bhagat Singh Nagar,144512,1254
Shaheed Bhagat Singh Nagar,144513,887
Shaheed Bhagat Singh Nagar,144514,5823
Shaheed Bhagat Singh Nagar,144515,2423
Shaheed Bhagat Singh Nagar,144516,1866
Shaheed Bhagat Singh Nagar,144517,3550
Shaheed Bhagat Singh Nagar,144518,1538
Shaheed Bhagat Singh Nagar,144521,8070
Shaheed Bhagat Singh Nagar,144522,3865
Shaheed Bhagat Singh Nagar,144524,1891
Shaheed Bhagat Singh Nagar,144525,2178
Shaheed Bhagat Singh Nagar,144526,2315
Shaheed Bhagat Singh Nagar,144532,258
Shaheed Bhagat Singh Nagar,144533,1604
Shaheed Bhagat Singh Nagar,144632,909
Shahjahanpur,242001,69889
Shahjahanpur,242042,15186
Shahjahanpur,242123,1450
Shahjahanpur,242127,19332
Shahjahanpur,242220,4435
Shahjahanpur,242221,27180
Shahjahanpur,242223,6183
Shahjahanpur,242226,1297
Shahjahanpur,242301,15987
Shahjahanpur,242303,9924
Shahjahanpur,242305,7352
Shahjahanpur,242306,8026
Shahjahanpur,242307,19072
Shahjahanpur,242401,31298
Shahjahanpur,242405,9995
Shahjahanpur,242406,9758
Shahjahanpur,242407,18922
Shajapur,456337,2
Shajapur,456440,39
Shajapur,456664,2
Shajapur,456668,4
Shajapur,456770,18
Shajapur,465001,30587
Shajapur,465106,4998
Shajapur,465110,4229
Shajapur,465113,4515
Shajapur,465116,5526
Shajapur,465118,18
Shajapur,465220,6433
Shajapur,465223,9197
Shajapur,465226,11755
Shajapur,465227,7949
Shajapur,465230,8710
Shajapur,465331,2808
Shajapur,465333,19277
Shajapur,465335,4772
Shajapur,465337,22745
Shajapur,465339,6962
Shajapur,465440,4925
Shajapur,465441,26360
Shajapur,465445,12306
Shajapur,465447,17402
Shajapur,465550,14127
Shamator,798628,303
Shamli,247771,2826
Shamli,247772,14954
Shamli,247773,19756
Shamli,247774,39682
Shamli,247775,24624
Shamli,247776,36464
Shamli,247777,20503
Shamli,247778,14785
Shamli,251301,39
Shamli,251305,9034
Shamli,251309,2
Shamli,251319,1108
Sheikhpura,811101,11825
Sheikhpura,811102,3605
Sheikhpura,811103,5075
Sheikhpura,811105,33131
Sheikhpura,811107,4925
Sheikhpura,811304,11873
Sheikhpura,811308,2
Sheikhpura,811311,756
Sheikhpura,811315,839
Sheikpura,811101,27
Sheikpura,811102,9
Sheikpura,811103,5
Sheikpura,811105,191
Sheikpura,811107,2
Sheikpura,811304,4
Sheohar,843128,8327
Sheohar,843313,2
Sheohar,843315,4
Sheohar,843316,3437
Sheohar,843325,2071
Sheohar,843327,2183
Sheohar,843329,30685
Sheohar,843334,11529
Sheopur,476332,22996
Sheopur,476335,11285
Sheopur,476337,35494
Sheopur,476339,17212
Sheopur,476355,13277
Sheopur,477446,2
Shi-Yomi,791001,2
Shi-Yomi,791003,941
Shimla,171001,2384
Shimla,171002,766
Shimla,171003,1164
Shimla,171004,793
Shimla,171005,936
Shimla,171006,2160
Shimla,171007,1830
Shimla,171008,41
Shimla,171009,3172
Shimla,171010,378
Shimla,171011,2507
Shimla,171012,1336
Shimla,171013,57
Shimla,171018,720
Shimla,171019,718
Shimla,171103,1295
Shimla,171201,1709
Shimla,171202,2475
Shimla,171203,968
Shimla,171204,433
Shimla,171205,1664
Shimla,171206,1666
Shimla,171207,3599
Shimla,171208,3423
Shimla,171209,1363
Shimla,171210,7178
Shimla,171211,3250
Shimla,171212,764
Shimla,171213,1260
Shimla,171214,1148
Shimla,171215,94
Shimla,171216,709
Shimla,171217,2083
Shimla,171218,233
Shimla,171219,499
Shimla,171220,2101
Shimla,171221,722
Shimla,171222,253
Shimla,171223,397
Shimla,171224,381
Shimla,171225,757
Shimla,171226,1499
Shimla,171301,797
Shimla,172001,2370
Shimla,172021,315
Shimla,172022,1426
Shimla,172024,460
Shimla,172027,239
Shimla,172028,139
Shimla,172029,577
Shimla,172030,470
Shimla,172031,198
Shimla,172034,86
Shimla,172101,832
Shimla,172102,656
Shimla,172201,761
Shimla,173216,18
Shimla,173217,510
Shimla,173219,52
Shivamogga,577115,875
Shivamogga,577201,8867
Shivamogga,577202,4325
Shivamogga,577203,3920
Shivamogga,577204,6091
Shivamogga,577205,4964
Shivamogga,577211,1543
Shivamogga,577213,2
Shivamogga,577214,2981
Shivamogga,577216,2229
Shivamogga,577217,2
Shivamogga,577220,217
Shivamogga,577222,3152
Shivamogga,577223,45
Shivamogga,577225,1167
Shivamogga,577226,330
Shivamogga,577227,4289
Shivamogga,577229,1630
Shivamogga,577232,353
Shivamogga,577233,2067
Shivamogga,577243,2388
Shivamogga,577245,1272
Shivamogga,577301,8275
Shivamogga,577302,1450
Shivamogga,577401,4950
Shivamogga,577411,210
Shivamogga,577412,1698
Shivamogga,577413,3346
Shivamogga,577414,955
Shivamogga,577415,934
Shivamogga,577416,855
Shivamogga,577417,412
Shivamogga,577418,1693
Shivamogga,577419,1552
Shivamogga,577421,401
Shivamogga,577422,604
Shivamogga,577423,1017
Shivamogga,577424,266
Shivamogga,577425,376
Shivamogga,577426,1010
Shivamogga,577427,7340
Shivamogga,577428,3660
Shivamogga,577429,3724
Shivamogga,577430,665
Shivamogga,577431,554
Shivamogga,577432,2562
Shivamogga,577433,1777
Shivamogga,577434,1272
Shivamogga,577435,87
Shivamogga,577436,333
Shivamogga,577444,7
Shivamogga,577447,1354
Shivamogga,577448,105
Shivamogga,577450,1360
Shivamogga,577451,75
Shivamogga,577452,103
Shivamogga,577453,118
Shivpuri,473551,49944
Shivpuri,473585,13459
Shivpuri,473638,390
Shivpuri,473660,20599
Shivpuri,473662,8188
Shivpuri,473665,13110
Shivpuri,473670,19926
Shivpuri,473770,15332
Shivpuri,473774,15154
Shivpuri,473775,24715
Shivpuri,473781,16518
Shivpuri,473793,16445
Shivpuri,473865,7561
Shivpuri,473880,16107
Shivpuri,473885,16274
Shivpuri,473990,13252
Shivpuri,473993,2
Shivpuri,473995,29291
Shivpuri,475001,14
Shivpuri,475005,30
Shivpuri,475110,470
Shivpuri,475115,34
Shivpuri,475220,4
Shrawasti,271201,118
Shrawasti,271801,13753
Shrawasti,271802,207
Shrawasti,271803,6116
Shrawasti,271804,25
Shrawasti,271805,4
Shrawasti,271821,4273
Shrawasti,271831,24375
Shrawasti,271835,9745
Shrawasti,271840,11754
Shrawasti,271845,16820
Shrawasti,271865,3796
Shrawasti,271870,1032
Shrawasti,271871,5098
Shrawasti,271872,271
Shrawasti,271875,3403
Shrawasti,271902,2
Shrawasti,285126,4
Shupiyan,190012,14
Shupiyan,192303,27657
Siang,791001,1148
Siang,791102,1185
Sibsagar,785107,2
Sibsagar,785640,2176
Sibsagar,785661,110
Sibsagar,785662,1737
Sibsagar,785663,795
Sibsagar,785664,346
Sibsagar,785665,119
Sibsagar,785666,289
Sibsagar,785667,419
Sibsagar,785669,45
Sibsagar,785670,87
Sibsagar,785671,1226
Sibsagar,785672,1121
Sibsagar,785673,168
Sibsagar,785674,451
Sibsagar,785680,1146
Sibsagar,785681,675
Sibsagar,785682,335
Sibsagar,785683,182
Sibsagar,785684,1850
Sibsagar,785685,2970
Sibsagar,785686,1137
Sibsagar,785687,584
Sibsagar,785688,23
Sibsagar,785689,80
Sibsagar,785690,100
Sibsagar,785691,64
Sibsagar,785692,82
Sibsagar,785693,27
Sibsagar,785696,654
Sibsagar,785697,905
Sibsagar,785698,87
Sibsagar,785701,287
Siddharthnagar,272126,9
Siddharthnagar,272148,1739
Siddharthnagar,272150,20
Siddharthnagar,272151,4606
Siddharthnagar,272152,9813
Siddharthnagar,272153,32935
Siddharthnagar,272154,4136
Siddharthnagar,272189,16191
Siddharthnagar,272191,4494
Siddharthnagar,272192,22996
Siddharthnagar,272193,6016
Siddharthnagar,272194,857
Siddharthnagar,272195,5068
Siddharthnagar,272201,10679
Siddharthnagar,272202,9884
Siddharthnagar,272203,2908
Siddharthnagar,272204,7962
Siddharthnagar,272205,14209
Siddharthnagar,272206,13479
Siddharthnagar,272207,13281
Siddharthnagar,272208,9884
Siddipet,502102,652
Siddipet,502103,4392
Siddipet,502107,985
Siddipet,502108,1759
Siddipet,502114,937
Siddipet,502247,602
Siddipet,502267,364
Siddipet,502276,1092
Siddipet,502277,470
Siddipet,502278,5934
Siddipet,502279,1743
Siddipet,502280,226
Siddipet,502281,820
Siddipet,502301,775
Siddipet,502310,153
Siddipet,502311,287
Siddipet,502312,396
Siddipet,502334,535
Siddipet,502336,503
Siddipet,502372,709
Siddipet,502375,526
Siddipet,505405,2
Siddipet,505466,577
Siddipet,505467,871
Siddipet,505472,48
Siddipet,505473,841
Siddipet,505481,27
Siddipet,505528,358
Siddipet,505530,246
Siddipet,506223,604
Siddipet,506224,141
Siddipet,506355,428
Siddipet,506367,880
Sidhi,484334,12
Sidhi,484661,4
Sidhi,486661,79561
Sidhi,486666,24637
Sidhi,486669,18789
Sidhi,486670,24535
Sidhi,486675,4
Sidhi,486771,38071
Sidhi,486775,17477
Sidhi,486776,8537
Sidhi,486881,46
Sidhi,486882,7
Sidhi,486884,2129
Sidhi,486885,4
Sidhi,486886,11
Sidhi,486889,14
Sidhi,486890,2142
Sidhi,486892,2
Sikar,331024,6707
Sikar,332001,24004
Sikar,332002,2887
Sikar,332021,4376
Sikar,332023,4441
Sikar,332024,3676
Sikar,332025,5627
Sikar,332026,2742
Sikar,332027,5062
Sikar,332028,3796
Sikar,332029,1953
Sikar,332030,2254
Sikar,332031,3886
Sikar,332041,4045
Sikar,332042,1110
Sikar,332301,17388
Sikar,332302,1331
Sikar,332303,4120
Sikar,332304,2055
Sikar,332305,1064
Sikar,332307,1160
Sikar,332311,11198
Sikar,332312,3411
Sikar,332315,3256
Sikar,332316,2240
Sikar,332317,2170
Sikar,332318,4594
Sikar,332401,3731
Sikar,332402,6194
Sikar,332403,4797
Sikar,332404,6933
Sikar,332405,2267
Sikar,332406,3131
Sikar,332411,1914
Sikar,332601,3951
Sikar,332602,4182
Sikar,332603,2436
Sikar,332701,9241
Sikar,332702,3193
Sikar,332703,2153
Sikar,332705,9273
Sikar,332706,4662
Sikar,332707,4088
Sikar,332708,8045
Sikar,332709,12928
Sikar,332710,3749
Sikar,332711,4888
Sikar,332712,4050
Sikar,332713,12732
Sikar,332714,3550
Sikar,332715,12792
Sikar,332718,11071
Sikar,332719,4473
Sikar,332721,1957
Sikar,332722,2459
Sikar,332742,2591
Simdega,835201,19851
Simdega,835207,5
Simdega,835211,21121
Simdega,835212,11100
Simdega,835223,25929
Simdega,835226,20533
Simdega,835228,7318
Simdega,835232,4
Simdega,835235,5886
Sindhudurg,416510,9549
Sindhudurg,416511,2887
Sindhudurg,416512,3375
Sindhudurg,416513,159
Sindhudurg,416514,1581
Sindhudurg,416515,274
Sindhudurg,416516,2308
Sindhudurg,416517,159
Sindhudurg,416518,1044
Sindhudurg,416519,3115
Sindhudurg,416520,6796
Sindhudurg,416521,1370
Sindhudurg,416522,681
Sindhudurg,416523,410
Sindhudurg,416524,661
Sindhudurg,416525,560
Sindhudurg,416528,912
Sindhudurg,416529,1687
Sindhudurg,416531,823
Sindhudurg,416534,976
Sindhudurg,416549,875
Sindhudurg,416550,7
Sindhudurg,416601,2689
Sindhudurg,416602,5608
Sindhudurg,416603,1561
Sindhudurg,416604,1900
Sindhudurg,416605,670
Sindhudurg,416606,3867
Sindhudurg,416608,788
Sindhudurg,416609,1094
Sindhudurg,416610,1873
Sindhudurg,416611,4011
Sindhudurg,416612,2684
Sindhudurg,416613,1522
Sindhudurg,416614,1242
Sindhudurg,416615,241
Sindhudurg,416616,1000
Sindhudurg,416620,519
Sindhudurg,416623,399
Sindhudurg,416626,203
Sindhudurg,416628,364
Sindhudurg,416630,805
Sindhudurg,416632,620
Sindhudurg,416703,1736
Sindhudurg,416704,80
Sindhudurg,416801,1866
Sindhudurg,416803,157
Sindhudurg,416804,896
Sindhudurg,416805,1085
Sindhudurg,416806,282
Sindhudurg,416807,225
Sindhudurg,416810,2641
Sindhudurg,416811,1360
Sindhudurg,416812,2012
Singrauli,486661,2
Singrauli,486666,2
Singrauli,486669,14843
Singrauli,486670,4123
Singrauli,486881,27021
Singrauli,486882,39705
Singrauli,486884,39
Singrauli,486885,3065
Singrauli,486886,70222
Singrauli,486887,4571
Singrauli,486888,282
Singrauli,486889,8687
Singrauli,486890,584
Singrauli,486892,20068
Sirmaur,171226,752
Sirmaur,173001,8883
Sirmaur,173020,192
Sirmaur,173021,1866
Sirmaur,173022,3409
Sirmaur,173023,4364
Sirmaur,173024,3264
Sirmaur,173025,10964
Sirmaur,173026,330
Sirmaur,173027,7113
Sirmaur,173028,159
Sirmaur,173029,5002
Sirmaur,173030,1835
Sirmaur,173101,2780
Sirmaur,173104,2480
Sirmaur,173212,5
Sirmaur,173223,1657
Sirmaur,173229,991
Sirohi,307001,8455
Sirohi,307019,1292
Sirohi,307022,13124
Sirohi,307023,6224
Sirohi,307024,5185
Sirohi,307026,35451
Sirohi,307027,3952
Sirohi,307028,4606
Sirohi,307031,1057
Sirohi,307042,1276
Sirohi,307043,2065
Sirohi,307501,2429
Sirohi,307510,4802
Sirohi,307511,6860
Sirohi,307512,3085
Sirohi,307513,3826
Sirohi,307514,7550
Sirohi,307801,7468
Sirohi,307802,6294
Sirsa,125047,4
Sirsa,125050,4
Sirsa,125051,2
Sirsa,125054,2488
Sirsa,125055,55781
Sirsa,125058,2509
Sirsa,125060,5836
Sirsa,125075,9353
Sirsa,125076,8935
Sirsa,125077,8131
Sirsa,125078,7274
Sirsa,125101,3011
Sirsa,125102,13462
Sirsa,125103,8539
Sirsa,125104,18199
Sirsa,125110,13425
Sirsa,125121,9
Sirsa,125201,16003
Sitamarhi,843117,11018
Sitamarhi,843301,3054
Sitamarhi,843302,41642
Sitamarhi,843311,5096
Sitamarhi,843313,10145
Sitamarhi,843314,19225
Sitamarhi,843315,10228
Sitamarhi,843316,11308
Sitamarhi,843317,16852
Sitamarhi,843318,8805
Sitamarhi,843319,7851
Sitamarhi,843320,16795
Sitamarhi,843322,8006
Sitamarhi,843323,14920
Sitamarhi,843324,30815
Sitamarhi,843325,8249
Sitamarhi,843326,8117
Sitamarhi,843327,15652
Sitamarhi,843328,10531
Sitamarhi,843329,5
Sitamarhi,843330,9867
Sitamarhi,843331,25970
Sitamarhi,843332,10756
Sitamarhi,843333,17935
Sitamarhi,843334,271
Sitamarhi,843351,1199
Sitapur,261001,43591
Sitapur,261121,22705
Sitapur,261125,6294
Sitapur,261131,17010
Sitapur,261135,35623
Sitapur,261136,14546
Sitapur,261141,24632
Sitapur,261145,7946
Sitapur,261151,10624
Sitapur,261201,44172
Sitapur,261202,15186
Sitapur,261203,28261
Sitapur,261204,24482
Sitapur,261205,28587
Sitapur,261206,13106
Sitapur,261207,11094
Sitapur,261208,18390
Sitapur,261301,17237
Sitapur,261302,16128
Sitapur,261303,26718
Sitapur,261401,12924
Sitapur,261402,3804
Sitapur,261403,14952
Sitapur,261404,4540
Sitapur,261405,8430
Sivaganga,614629,18
Sivaganga,621308,102
Sivaganga,621314,114
Sivaganga,622202,50
Sivaganga,622204,39
Sivaganga,622403,203
Sivaganga,622409,486
Sivaganga,623401,87
Sivaganga,623402,757
Sivaganga,623525,20
Sivaganga,623537,2
Sivaganga,623538,57
Sivaganga,623701,2972
Sivaganga,623705,36
Sivaganga,625009,404
Sivaganga,625020,45
Sivaganga,625022,130
Sivaganga,625102,109
Sivaganga,625103,78
Sivaganga,626607,45
Sivaganga,630001,8229
Sivaganga,630002,4735
Sivaganga,630003,1737
Sivaganga,630004,43
Sivaganga,630005,371
Sivaganga,630006,103
Sivaganga,630101,611
Sivaganga,630102,128
Sivaganga,630103,886
Sivaganga,630104,741
Sivaganga,630105,347
Sivaganga,630106,1666
Sivaganga,630107,1278
Sivaganga,630108,9150
Sivaganga,630201,1114
Sivaganga,630202,2347
Sivaganga,630203,1463
Sivaganga,630204,1565
Sivaganga,630205,1433
Sivaganga,630206,1110
Sivaganga,630207,925
Sivaganga,630208,889
Sivaganga,630210,1718
Sivaganga,630211,6698
Sivaganga,630212,1395
Sivaganga,630301,709
Sivaganga,630302,5292
Sivaganga,630303,2883
Sivaganga,630305,3644
Sivaganga,630306,1010
Sivaganga,630307,1759
Sivaganga,630309,3854
Sivaganga,630311,1411
Sivaganga,630312,725
Sivaganga,630313,1112
Sivaganga,630314,989
Sivaganga,630321,187
Sivaganga,630405,2545
Sivaganga,630408,998
Sivaganga,630410,3854
Sivaganga,630411,1894
Sivaganga,630501,2448
Sivaganga,630502,4738
Sivaganga,630551,4763
Sivaganga,630552,1215
Sivaganga,630553,2049
Sivaganga,630554,2530
Sivaganga,630555,1529
Sivaganga,630556,2172
Sivaganga,630557,1474
Sivaganga,630558,861
Sivaganga,630559,1985
Sivaganga,630561,10141
Sivaganga,630562,6426
Sivaganga,630566,1089
Sivaganga,630602,1089
Sivaganga,630606,8104
Sivaganga,630609,1971
Sivaganga,630610,3860
Sivaganga,630611,10414
Sivaganga,630702,5633
Sivaganga,630709,2919
Sivaganga,630710,1657
Sivaganga,630713,1253
Siwan,841203,4724
Siwan,841210,4145
Siwan,841223,246
Siwan,841226,23420
Siwan,841227,11281
Siwan,841231,6394
Siwan,841232,9758
Siwan,841233,5405
Siwan,841234,4291
Siwan,841235,4774
Siwan,841236,5164
Siwan,841237,4829
Siwan,841238,10104
Siwan,841239,12580
Siwan,841240,1704
Siwan,841241,7379
Siwan,841242,944
Siwan,841243,6919
Siwan,841244,3566
Siwan,841245,9043
Siwan,841286,5089
Siwan,841287,2199
Siwan,841404,1385
Siwan,841406,9988
Siwan,841407,871
Siwan,841408,3706
Siwan,841409,388
Siwan,841413,3651
Siwan,841416,5308
Siwan,841417,875
Siwan,841420,707
Siwan,841427,960
Siwan,841428,707
Siwan,841434,6078
Siwan,841435,7197
Siwan,841436,3605
Siwan,841438,6463
Siwan,841439,6419
Siwan,841446,339
Siwan,841502,1887
Siwan,841504,5271
Siwan,841506,9503
Siwan,841507,2753
Siwan,841509,2154
Solan,171102,4658
Solan,173201,214
Solan,173202,59
Solan,173204,274
Solan,173205,5025
Solan,173206,2819
Solan,173207,2242
Solan,173208,1739
Solan,173209,1716
Solan,173210,21
Solan,173211,2044
Solan,173212,3446
Solan,173213,1094
Solan,173214,364
Solan,173215,1948
Solan,173217,727
Solan,173218,1673
Solan,173220,2561
Solan,173221,1785
Solan,173222,141
Solan,173223,324
Solan,173225,481
Solan,173229,1447
Solan,173230,29
Solan,173233,1438
Solan,173234,811
Solan,173235,36
Solan,174101,14651
Solan,174102,3897
Solan,174103,2154
Solapur,413001,19803
Solapur,413002,40345
Solapur,413003,31210
Solapur,413004,19915
Solapur,413005,19193
Solapur,413006,33858
Solapur,413007,3648
Solapur,413008,2406
Solapur,413101,7466
Solapur,413107,5485
Solapur,413108,1671
Solapur,413109,10556
Solapur,413111,2712
Solapur,413112,6037
Solapur,413113,8723
Solapur,413118,2431
Solapur,413202,9314
Solapur,413203,16829
Solapur,413206,1853
Solapur,413208,11383
Solapur,413209,6527
Solapur,413210,3469
Solapur,413211,10392
Solapur,413212,2846
Solapur,413213,11793
Solapur,413214,3250
Solapur,413215,8204
Solapur,413216,16003
Solapur,413217,3293
Solapur,413218,3109
Solapur,413219,6950
Solapur,413220,2746
Solapur,413221,14546
Solapur,413222,11262
Solapur,413223,2270
Solapur,413224,5647
Solapur,413226,4441
Solapur,413227,4100
Solapur,413228,6871
Solapur,413248,5458
Solapur,413250,1187
Solapur,413251,2096
Solapur,413252,3434
Solapur,413253,6661
Solapur,413255,5119
Solapur,413301,3022
Solapur,413302,6037
Solapur,413303,1176
Solapur,413304,38456
Solapur,413305,15727
Solapur,413306,8847
Solapur,413307,15029
Solapur,413308,3102
Solapur,413309,11499
Solapur,413310,6973
Solapur,413314,3409
Solapur,413315,3318
Solapur,413317,6465
Solapur,413319,7719
Solapur,413322,7874
Solapur,413324,3163
Solapur,413401,20596
Solapur,413402,6748
Solapur,413403,2894
Solapur,413404,4581
Solapur,413406,4312
Solapur,413409,2074
Solapur,413410,1867
Solapur,413411,1974
Solapur,413412,2543
Solapur,416403,150
Sonapur,767016,6985
Sonapur,767017,3792
Sonapur,767018,10127
Sonapur,767019,7438
Sonapur,767020,756
Sonapur,767023,7334
Sonapur,767045,4095
Sonapur,767062,5073
Sonapur,767068,1310
Sonbhadra,231001,4
Sonbhadra,231205,12890
Sonbhadra,231206,1493
Sonbhadra,231207,5795
Sonbhadra,231208,21310
Sonbhadra,231209,601
Sonbhadra,231210,23557
Sonbhadra,231211,2
Sonbhadra,231212,7240
Sonbhadra,231213,17381
Sonbhadra,231215,1785
Sonbhadra,231216,34655
Sonbhadra,231217,4114
Sonbhadra,231218,5212
Sonbhadra,231219,10731
Sonbhadra,231220,1329
Sonbhadra,231221,1675
Sonbhadra,231222,3088
Sonbhadra,231223,11052
Sonbhadra,231224,2
Sonbhadra,231225,6570
Sonbhadra,231226,8617
Sonbhadra,231301,4
Sonbhadra,232221,5777
Sonipat,131001,33283
Sonipat,131021,4327
Sonipat,131022,2213
Sonipat,131023,5772
Sonipat,131024,3272
Sonipat,131027,4617
Sonipat,131028,3430
Sonipat,131029,4022
Sonipat,131039,3428
Sonipat,131101,16235
Sonipat,131102,3854
Sonipat,131103,3548
Sonipat,131301,25957
Sonipat,131302,7233
Sonipat,131304,4020
Sonipat,131305,2685
Sonipat,131306,5519
Sonipat,131402,7687
Sonipat,131403,2176
Sonipat,131408,5168
Sonipat,131409,2400
Sonitpur,784001,4264
Sonitpur,784025,1007
Sonitpur,784027,2931
Sonitpur,784028,782
Sonitpur,784101,1785
Sonitpur,784102,691
Sonitpur,784103,1543
Sonitpur,784104,362
Sonitpur,784105,1112
Sonitpur,784110,5020
Sonitpur,784111,1671
Sonitpur,784112,1468
Sonitpur,784113,4
Sonitpur,784117,2452
Sonitpur,784146,2
Sonitpur,784149,3142
Sonitpur,784150,175
Sonitpur,784153,668
Sonitpur,784154,360
Sonitpur,784166,184
Sonitpur,784167,560
Sonitpur,784168,814
Sonitpur,784169,267
Sonitpur,784170,934
Sonitpur,784171,907
Sonitpur,784172,510
Sonitpur,784173,59
Sonitpur,784174,169
Sonitpur,784175,1381
Sonitpur,784176,2464
Sonitpur,784177,107
Sonitpur,784178,800
Sonitpur,784179,1219
Sonitpur,784180,1311
Sonitpur,784182,4458
Sonitpur,784184,102
Sonitpur,784185,4
Sonitpur,784189,198
Sonitpur,784501,800
Sonitpur,784502,527
Sonitpur,784504,656
Sonitpur,784505,2716
Sonitpur,784506,2186
Sonitpur,784507,887
Sonitpur,784513,2
Sonitpur,784524,2
Sonitpur,784527,2
Sonitpur,784529,2
South,737107,7
South,737111,21
South,737113,7
South,737121,335
South,737126,2019
South,737128,666
South,737131,4
South,737132,219
South,737134,1254
South,737139,902
South 24 Pargana,743329,2
South 24 Pargana,743425,4
South 24 Pargana,743502,2
South Andaman,744101,2823
South Andaman,744102,1044
South Andaman,744103,3673
South Andaman,744104,166
South Andaman,744105,4118
South Andaman,744106,1042
South Andaman,744107,1365
South Andaman,744112,278
South Andaman,744206,1431
South Andaman,744207,2204
South Andaman,744210,4
South Andaman,744211,540
South Delhi,110003,1475
South Delhi,110013,5100
South Delhi,110014,6800
South Delhi,110016,3093
South Delhi,110017,16281
South Delhi,110019,23701
South Delhi,110020,15784
South Delhi,110024,4403
South Delhi,110025,31121
South Delhi,110030,22707
South Delhi,110044,81634
South Delhi,110047,15228
South Delhi,110048,3692
South Delhi,110049,5497
South Delhi,110062,89750
South Delhi,110065,11080
South Delhi,110068,6561
South Delhi,110074,21282
South Delhi,110076,24024
South Delhi,110080,8040
South Dinajpur,733101,20
South Dinajpur,733102,7
South Dinajpur,733103,52
South Dinajpur,733121,793
South Dinajpur,733124,629
South Dinajpur,733125,20
South Dinajpur,733126,442
South Dinajpur,733127,12
South Dinajpur,733128,2
South Dinajpur,733131,11
South Dinajpur,733132,1094
South Dinajpur,733133,73
South Dinajpur,733140,55
South Dinajpur,733141,41
South Dinajpur,733142,37
South Dinajpur,733145,125
South Dinajpur,733149,2
South Dinajpur,733151,2
South Dinajpur,733153,25
South Dinajpur,733155,344
South Dinajpur,733158,2
South Dumdum(M),700030,11
South East Delhi,110025,1037
South Garo Hills,794005,258
South Garo Hills,794102,704
South Garo Hills,794103,1105
South Garo Hills,794107,105
South Garo Hills,794114,118
South Goa,403401,4
South Goa,403404,4
South Goa,403406,577
South Goa,403409,118
South Goa,403410,426
South Goa,403601,5870
South Goa,403602,2293
South Goa,403604,61
South Goa,403701,328
South Goa,403702,4095
South Goa,403703,4373
South Goa,403704,1452
South Goa,403705,2994
South Goa,403706,1982
South Goa,403707,3651
South Goa,403708,1294
South Goa,403709,1851
South Goa,403710,1062
South Goa,403711,650
South Goa,403712,978
South Goa,403713,1149
South Goa,403714,734
South Goa,403715,1139
South Goa,403716,1123
South Goa,403717,162
South Goa,403718,723
South Goa,403719,102
South Goa,403720,1023
South Goa,403721,283
South Goa,403722,1101
South Goa,403723,711
South Goa,403724,34
South Goa,403725,162
South Goa,403726,2438
South Goa,403728,264
South Goa,403731,55
South Goa,403801,757
South Goa,403802,7010
South Goa,403803,266
South Goa,403804,1055
South Goa,403806,146
South Salmara Mankachar,783127,862
South Salmara Mankachar,783128,1566
South Salmara Mankachar,783131,2445
South Salmara Mankachar,783135,3765
South Sikkim,737111,5
South Sikkim,737113,4
South Sikkim,737121,7
South Sikkim,737126,1319
South Sikkim,737128,499
South Sikkim,737132,260
South Sikkim,737134,895
South Sikkim,737139,670
South Tripura,799013,1671
South Tripura,799045,18
South Tripura,799101,10307
South Tripura,799103,5
South Tripura,799104,6206
South Tripura,799105,2441
South Tripura,799108,729
South Tripura,799114,3485
South Tripura,799116,3676
South Tripura,799120,918
South Tripura,799125,3494
South Tripura,799141,8065
South Tripura,799142,2210
South Tripura,799143,13805
South Tripura,799144,7447
South Tripura,799145,12636
South Tripura,799149,29
South Tripura,799150,1962
South Tripura,799153,2953
South Tripura,799155,12727
South Tripura,799156,3225
South Tripura,799157,4273
South Tripura,799159,280
South Twenty Four Parganas,700008,1848
South Twenty Four Parganas,700018,656
South Twenty Four Parganas,700024,125
South Twenty Four Parganas,700039,6982
South Twenty Four Parganas,700059,634
South Twenty Four Parganas,700060,25
South Twenty Four Parganas,700061,4138
South Twenty Four Parganas,700063,2398
South Twenty Four Parganas,700066,2828
South Twenty Four Parganas,700070,1962
South Twenty Four Parganas,700082,1449
South Twenty Four Parganas,700084,3535
South Twenty Four Parganas,700088,233
South Twenty Four Parganas,700093,923
South Twenty Four Parganas,700094,18
South Twenty Four Parganas,700096,315
South Twenty Four Parganas,700099,1556
South Twenty Four Parganas,700100,864
South Twenty Four Parganas,700103,4922
South Twenty Four Parganas,700104,4792
South Twenty Four Parganas,700105,859
South Twenty Four Parganas,700106,2
South Twenty Four Parganas,700135,8318
South Twenty Four Parganas,700137,7621
South Twenty Four Parganas,700138,1805
South Twenty Four Parganas,700139,1461
South Twenty Four Parganas,700140,5659
South Twenty Four Parganas,700141,6333
South Twenty Four Parganas,700142,1041
South Twenty Four Parganas,700143,716
South Twenty Four Parganas,700144,3640
South Twenty Four Parganas,700145,5057
South Twenty Four Parganas,700146,572
South Twenty Four Parganas,700147,2306
South Twenty Four Parganas,700148,633
South Twenty Four Parganas,700149,1819
South Twenty Four Parganas,700150,9250
South Twenty Four Parganas,700151,987
South Twenty Four Parganas,700152,2997
South Twenty Four Parganas,700153,675
South Twenty Four Parganas,700154,2024
South Twenty Four Parganas,700156,9
South Twenty Four Parganas,743312,9380
South Twenty Four Parganas,743318,8181
South Twenty Four Parganas,743329,26781
South Twenty Four Parganas,743330,6752
South Twenty Four Parganas,743331,1987
South Twenty Four Parganas,743332,4564
South Twenty Four Parganas,743336,5932
South Twenty Four Parganas,743337,11763
South Twenty Four Parganas,743338,17775
South Twenty Four Parganas,743345,543
South Twenty Four Parganas,743347,14567
South Twenty Four Parganas,743348,2366
South Twenty Four Parganas,743349,16800
South Twenty Four Parganas,743351,4088
South Twenty Four Parganas,743354,8042
South Twenty Four Parganas,743355,11583
South Twenty Four Parganas,743356,55
South Twenty Four Parganas,743357,7566
South Twenty Four Parganas,743363,4286
South Twenty Four Parganas,743368,12449
South Twenty Four Parganas,743370,5494
South Twenty Four Parganas,743371,8013
South Twenty Four Parganas,743372,10186
South Twenty Four Parganas,743373,11342
South Twenty Four Parganas,743374,6650
South Twenty Four Parganas,743375,9642
South Twenty Four Parganas,743376,11328
South Twenty Four Parganas,743377,3696
South Twenty Four Parganas,743378,3300
South Twenty Four Parganas,743383,11461
South Twenty Four Parganas,743384,718
South Twenty Four Parganas,743385,207
South Twenty Four Parganas,743387,7101
South Twenty Four Parganas,743389,4
South Twenty Four Parganas,743390,69
South Twenty Four Parganas,743391,825
South Twenty Four Parganas,743392,43
South Twenty Four Parganas,743395,3056
South Twenty Four Parganas,743396,723
South Twenty Four Parganas,743398,895
South Twenty Four Parganas,743399,10741
South Twenty Four Parganas,743425,244
South Twenty Four Parganas,743502,21055
South Twenty Four Parganas,743503,19911
South Twenty Four Parganas,743504,8667
South Twenty Four Parganas,743507,1702
South Twenty Four Parganas,743513,5583
South Twenty Four Parganas,743601,640
South Twenty Four Parganas,743603,20
South Twenty Four Parganas,743606,153
South Twenty Four Parganas,743609,4720
South Twenty Four Parganas,743610,8138
South Twenty Four Parganas,743611,3207
South Twenty Four Parganas,743613,782
South West Delhi,110010,7949
South West Delhi,110016,226
South West Delhi,110021,2053
South West Delhi,110022,7087
South West Delhi,110023,4378
South West Delhi,110028,7735
South West Delhi,110029,2696
South West Delhi,110030,1431
South West Delhi,110037,17550
South West Delhi,110038,2940
South West Delhi,110043,53210
South West Delhi,110045,37490
South West Delhi,110046,18240
South West Delhi,110047,29
South West Delhi,110057,6037
South West Delhi,110061,6345
South West Delhi,110064,7742
South West Delhi,110066,2124
South West Delhi,110067,3865
South West Delhi,110070,7696
South West Delhi,110071,9082
South West Delhi,110072,3423
South West Delhi,110073,6322
South West Delhi,110075,8698
South West Delhi,110077,13227
South West Delhi,110078,14614
South West Garo Hills,794101,7
South West Garo Hills,794103,4
South West Garo Hills,794105,3243
South West Garo Hills,794106,2431
South West Garo Hills,794109,2
South West Garo Hills,794115,3072
South West Khasi Hills,793106,2420
South West Khasi Hills,793114,2958
South West Khasi Hills,793119,736
South West Khasi Hills,793120,2
Sri Muktsar Sahib,151202,736
Sri Muktsar Sahib,151204,75
Sri Muktsar Sahib,151210,5704
Sri Muktsar Sahib,151211,3705
Sri Muktsar Sahib,151212,2931
Sri Muktsar Sahib,152022,362
Sri Muktsar Sahib,152025,5214
Sri Muktsar Sahib,152026,21258
Sri Muktsar Sahib,152031,7005
Sri Muktsar Sahib,152032,6310
Sri Muktsar Sahib,152101,12548
Sri Muktsar Sahib,152107,13869
Sri Muktsar Sahib,152112,7589
Sri Muktsar Sahib,152113,6860
Sri Muktsar Sahib,152114,3649
Sri Muktsar Sahib,152115,2370
Sri Potti Sriramulu Nellore,523101,20
Sri Potti Sriramulu Nellore,523105,816
Sri Potti Sriramulu Nellore,523113,192
Sri Potti Sriramulu Nellore,523114,50
Sri Potti Sriramulu Nellore,523115,50
Sri Potti Sriramulu Nellore,523116,119
Sri Potti Sriramulu Nellore,523281,164
Sri Potti Sriramulu Nellore,523291,48
Sri Potti Sriramulu Nellore,523292,481
Sri Potti Sriramulu Nellore,524001,795
Sri Potti Sriramulu Nellore,524002,1953
Sri Potti Sriramulu Nellore,524003,823
Sri Potti Sriramulu Nellore,524004,1989
Sri Potti Sriramulu Nellore,524005,171
Sri Potti Sriramulu Nellore,524137,743
Sri Potti Sriramulu Nellore,524142,139
Sri Potti Sriramulu Nellore,524152,66
Sri Potti Sriramulu Nellore,524201,1306
Sri Potti Sriramulu Nellore,524203,61
Sri Potti Sriramulu Nellore,524218,16
Sri Potti Sriramulu Nellore,524221,36
Sri Potti Sriramulu Nellore,524222,66
Sri Potti Sriramulu Nellore,524223,244
Sri Potti Sriramulu Nellore,524224,105
Sri Potti Sriramulu Nellore,524225,43
Sri Potti Sriramulu Nellore,524226,164
Sri Potti Sriramulu Nellore,524227,37
Sri Potti Sriramulu Nellore,524228,511
Sri Potti Sriramulu Nellore,524230,116
Sri Potti Sriramulu Nellore,524234,27
Sri Potti Sriramulu Nellore,524236,109
Sri Potti Sriramulu Nellore,524239,41
Sri Potti Sriramulu Nellore,524240,41
Sri Potti Sriramulu Nellore,524301,84
Sri Potti Sriramulu Nellore,524302,251
Sri Potti Sriramulu Nellore,524303,244
Sri Potti Sriramulu Nellore,524304,45
Sri Potti Sriramulu Nellore,524305,620
Sri Potti Sriramulu Nellore,524306,53
Sri Potti Sriramulu Nellore,524307,164
Sri Potti Sriramulu Nellore,524308,298
Sri Potti Sriramulu Nellore,524309,96
Sri Potti Sriramulu Nellore,524310,143
Sri Potti Sriramulu Nellore,524311,146
Sri Potti Sriramulu Nellore,524312,55
Sri Potti Sriramulu Nellore,524313,246
Sri Potti Sriramulu Nellore,524314,433
Sri Potti Sriramulu Nellore,524315,460
Sri Potti Sriramulu Nellore,524316,118
Sri Potti Sriramulu Nellore,524317,82
Sri Potti Sriramulu Nellore,524318,194
Sri Potti Sriramulu Nellore,524319,7
Sri Potti Sriramulu Nellore,524320,301
Sri Potti Sriramulu Nellore,524321,61
Sri Potti Sriramulu Nellore,524322,289
Sri Potti Sriramulu Nellore,524323,43
Sri Potti Sriramulu Nellore,524341,46
Sri Potti Sriramulu Nellore,524342,9
Sri Potti Sriramulu Nellore,524343,445
Sri Potti Sriramulu Nellore,524344,273
Sri Potti Sriramulu Nellore,524345,492
Sri Potti Sriramulu Nellore,524346,69
Sri Potti Sriramulu Nellore,524347,11
Sri Potti Sriramulu Nellore,524366,62
Sri Potti Sriramulu Nellore,524405,223
Sri Potti Sriramulu Nellore,524407,103
Sri Potti Sriramulu Nellore,524408,219
Sri Potti Sriramulu Nellore,524409,82
Sri Potti Sriramulu Nellore,524411,2
Sri Potti Sriramulu Nellore,524414,50
Sri Sathya Sai,515101,321
Sri Sathya Sai,515110,551
Sri Sathya Sai,515122,367
Sri Sathya Sai,515123,385
Sri Sathya Sai,515124,315
Sri Sathya Sai,515133,237
Sri Sathya Sai,515134,364
Sri Sathya Sai,515144,114
Sri Sathya Sai,515154,87
Sri Sathya Sai,515159,93
Sri Sathya Sai,515164,93
Sri Sathya Sai,515201,1898
Sri Sathya Sai,515202,12
Sri Sathya Sai,515211,290
Sri Sathya Sai,515212,424
Sri Sathya Sai,515231,807
Sri Sathya Sai,515241,381
Sri Sathya Sai,515261,235
Sri Sathya Sai,515271,287
Sri Sathya Sai,515281,784
Sri Sathya Sai,515286,94
Sri Sathya Sai,515291,223
Sri Sathya Sai,515301,438
Sri Sathya Sai,515303,57
Sri Sathya Sai,515305,303
Sri Sathya Sai,515311,428
Sri Sathya Sai,515321,96
Sri Sathya Sai,515331,306
Sri Sathya Sai,515341,27
Sri Sathya Sai,515501,711
Sri Sathya Sai,515511,517
Sri Sathya Sai,515521,431
Sri Sathya Sai,515531,52
Sri Sathya Sai,515541,162
Sri Sathya Sai,515551,285
Sri Sathya Sai,515556,61
Sri Sathya Sai,515561,198
Sri Sathya Sai,515571,902
Sri Sathya Sai,515581,586
Sri Sathya Sai,515591,1101
Sri Sathya Sai,515601,36
Sri Sathya Sai,515621,118
Sri Sathya Sai,515631,162
Sri Sathya Sai,515641,141
Sri Sathya Sai,515651,37
Sri Sathya Sai,515661,472
Sri Sathya Sai,515671,2042
Sri Sathya Sai,515672,517
Sri Sathya Sai,535501,2
Sri Sathya Sai,535522,5
Sri Sathya Sai,535527,4
Sribhumi,788152,7
Sribhumi,788156,7
Sribhumi,788166,11
Sribhumi,788701,61
Sribhumi,788709,46
Sribhumi,788710,7
Sribhumi,788711,9
Sribhumi,788712,52
Sribhumi,788713,14
Sribhumi,788719,12
Sribhumi,788720,46
Sribhumi,788722,25
Sribhumi,788723,32
Sribhumi,788724,46
Sribhumi,788725,20
Sribhumi,788726,14
Sribhumi,788727,2
Sribhumi,788728,12
Sribhumi,788733,2
Sribhumi,788734,7
Sribhumi,788736,14
Sribhumi,788737,75
Sribhumi,788781,12
Sribhumi,788803,5
Sribhumi,788806,96
Srikakulam,532001,11679
Srikakulam,532005,3313
Srikakulam,532122,3851
Srikakulam,532123,6048
Srikakulam,532127,10722
Srikakulam,532148,4854
Srikakulam,532168,11479
Srikakulam,532185,12172
Srikakulam,532190,2325
Srikakulam,532195,8860
Srikakulam,532201,14797
Srikakulam,532211,4319
Srikakulam,532212,3576
Srikakulam,532213,5656
Srikakulam,532214,4619
Srikakulam,532215,2742
Srikakulam,532216,1962
Srikakulam,532218,4963
Srikakulam,532219,1609
Srikakulam,532220,3362
Srikakulam,532221,6290
Srikakulam,532222,7464
Srikakulam,532242,4783
Srikakulam,532243,4572
Srikakulam,532263,2906
Srikakulam,532264,5205
Srikakulam,532284,5483
Srikakulam,532290,4129
Srikakulam,532291,2676
Srikakulam,532292,3343
Srikakulam,532312,12718
Srikakulam,532322,4496
Srikakulam,532401,6513
Srikakulam,532402,3220
Srikakulam,532403,9430
Srikakulam,532404,3430
Srikakulam,532405,3505
Srikakulam,532406,2008
Srikakulam,532407,16878
Srikakulam,532408,3687
Srikakulam,532409,6477
Srikakulam,532410,3252
Srikakulam,532421,8888
Srikakulam,532425,3450
Srikakulam,532426,2762
Srikakulam,532427,2516
Srikakulam,532428,1440
Srikakulam,532429,3159
Srikakulam,532430,5276
Srikakulam,532432,2869
Srikakulam,532440,9353
Srikakulam,532443,3997
Srikakulam,532445,5007
Srikakulam,532455,7792
Srikakulam,532456,2974
Srikakulam,532457,3147
Srikakulam,532458,5950
Srikakulam,532459,7087
Srikakulam,532460,8616
Srikakulam,532461,2008
Srikakulam,532462,2883
Srikakulam,532474,2119
Srikakulam,532484,3879
Srikakulam,535125,1062
Srikakulam,535128,401
Srikakulam,535557,1196
Srikakulam,535593,5
Srinagar,190001,8605
Srinagar,190002,15674
Srinagar,190003,9777
Srinagar,190004,1039
Srinagar,190005,3721
Srinagar,190006,11529
Srinagar,190007,94
Srinagar,190008,3683
Srinagar,190009,2992
Srinagar,190010,6281
Srinagar,190011,11666
Srinagar,190012,2539
Srinagar,190014,1664
Srinagar,190015,9581
Srinagar,190017,8336
Srinagar,190018,5845
Srinagar,190019,2049
Srinagar,190020,4262
Srinagar,190021,668
Srinagar,190023,4400
Srinagar,190024,12
Srinagar,191101,5526
Srinagar,191121,4847
Srinagar,191123,2901
Srinagar,191131,622
Srinagar,191201,495
Srinagar,191202,993
Subarnapur,767016,2293
Subarnapur,767017,1117
Subarnapur,767018,2589
Subarnapur,767019,1778
Subarnapur,767020,84
Subarnapur,767023,2277
Subarnapur,767034,5
Subarnapur,767045,1103
Subarnapur,767062,11
Subarnapur,767068,333
Sukma,494111,23420
Sukma,494114,8373
Sukma,494115,9266
Sukma,494122,12643
Sukma,494556,4
Sultanpur,222301,2598
Sultanpur,222302,13787
Sultanpur,222303,6750
Sultanpur,227304,5551
Sultanpur,227405,7
Sultanpur,227406,4
Sultanpur,227407,23
Sultanpur,227408,4138
Sultanpur,227409,7
Sultanpur,227411,9
Sultanpur,227412,4
Sultanpur,227413,7
Sultanpur,227801,12
Sultanpur,227805,7090
Sultanpur,227806,2480
Sultanpur,227808,8799
Sultanpur,227809,7
Sultanpur,227811,5
Sultanpur,227812,2657
Sultanpur,227813,1969
Sultanpur,227814,3191
Sultanpur,227815,433
Sultanpur,227816,4729
Sultanpur,227817,5
Sultanpur,228001,21779
Sultanpur,228118,1989
Sultanpur,228119,6328
Sultanpur,228120,1399
Sultanpur,228121,6315
Sultanpur,228125,5442
Sultanpur,228131,9850
Sultanpur,228132,4255
Sultanpur,228133,1871
Sultanpur,228141,4993
Sultanpur,228142,5494
Sultanpur,228145,8829
Sultanpur,228151,9776
Sultanpur,228155,5187
Sultanpur,228159,1089
Sultanpur,228161,9197
Sultanpur,228171,6916
Sultanpur,228172,486
Sundargarh,769001,2361
Sundargarh,769002,203
Sundargarh,769003,845
Sundargarh,769004,1399
Sundargarh,769005,144
Sundargarh,769006,93
Sundargarh,769007,331
Sundargarh,769008,98
Sundargarh,769009,116
Sundargarh,769010,69
Sundargarh,769011,20
Sundargarh,769012,1329
Sundargarh,769013,613
Sundargarh,769014,205
Sundargarh,769015,225
Sundargarh,769016,55
Sundargarh,769042,267
Sundargarh,769043,14
Sundargarh,770001,217
Sundargarh,770002,846
Sundargarh,770011,440
Sundargarh,770012,1098
Sundargarh,770013,176
Sundargarh,770014,1016
Sundargarh,770015,1992
Sundargarh,770016,1308
Sundargarh,770017,1761
Sundargarh,770018,868
Sundargarh,770019,303
Sundargarh,770020,560
Sundargarh,770021,194
Sundargarh,770022,766
Sundargarh,770023,86
Sundargarh,770024,467
Sundargarh,770031,23
Sundargarh,770032,1117
Sundargarh,770033,2204
Sundargarh,770034,241
Sundargarh,770035,912
Sundargarh,770036,1438
Sundargarh,770037,5
Sundargarh,770039,533
Sundargarh,770040,2
Sundargarh,770043,4
Sundargarh,770046,62
Sundargarh,770051,2
Sundargarh,770070,53
Sundargarh,770072,96
Sundargarh,770073,520
Sundargarh,770074,845
Sundargarh,770075,130
Sundargarh,770076,171
Sundergarh,769001,5078
Sundergarh,769002,2283
Sundergarh,769003,3828
Sundergarh,769004,5353
Sundergarh,769005,1135
Sundergarh,769006,641
Sundergarh,769007,1513
Sundergarh,769008,691
Sundergarh,769009,1156
Sundergarh,769010,102
Sundergarh,769011,25
Sundergarh,769012,3325
Sundergarh,769013,1386
Sundergarh,769014,1328
Sundergarh,769015,2400
Sundergarh,769016,1344
Sundergarh,769042,2646
Sundergarh,769043,2596
Sundergarh,770001,1814
Sundergarh,770002,2543
Sundergarh,770011,1638
Sundergarh,770012,3662
Sundergarh,770013,1064
Sundergarh,770014,4052
Sundergarh,770015,4337
Sundergarh,770016,5478
Sundergarh,770017,8961
Sundergarh,770018,4426
Sundergarh,770019,1381
Sundergarh,770020,1994
Sundergarh,770021,996
Sundergarh,770022,2422
Sundergarh,770023,1632
Sundergarh,770024,1509
Sundergarh,770031,3109
Sundergarh,770032,2673
Sundergarh,770033,9220
Sundergarh,770034,2641
Sundergarh,770035,6372
Sundergarh,770036,6866
Sundergarh,770037,11689
Sundergarh,770038,3106
Sundergarh,770039,3207
Sundergarh,770040,8776
Sundergarh,770041,1233
Sundergarh,770042,321
Sundergarh,770043,3343
Sundergarh,770044,3963
Sundergarh,770046,854
Sundergarh,770048,3102
Sundergarh,770051,3525
Sundergarh,770052,650
Sundergarh,770070,1044
Sundergarh,770072,1181
Sundergarh,770073,1591
Sundergarh,770074,3191
Sundergarh,770075,797
Sundergarh,770076,770
Supaul,847402,716
Supaul,847408,5273
Supaul,847451,3836
Supaul,847452,11871
Supaul,852105,9291
Supaul,852108,5870
Supaul,852109,5472
Supaul,852110,5332
Supaul,852111,10127
Supaul,852112,723
Supaul,852123,1310
Supaul,852125,14206
Supaul,852130,8965
Supaul,852131,25209
Supaul,852137,12247
Supaul,852138,13664
Supaul,852139,11192
Supaul,852214,11693
Supaul,852215,11176
Supaul,852217,4
Supaul,852218,10414
Supaul,854338,2450
Supaul,854339,14617
Supaul,854340,4578
Surajpur,497001,12705
Surajpur,497116,1522
Surajpur,497220,4
Surajpur,497223,17107
Surajpur,497225,6909
Surajpur,497226,12862
Surajpur,497229,16191
Surajpur,497231,14051
Surajpur,497235,15405
Surajpur,497331,2650
Surajpur,497333,28570
Surajpur,497339,4
Surajpur,497559,5
Surat,394101,11538
Surat,394105,4129
Surat,394107,17486
Surat,394110,7835
Surat,394111,91
Surat,394120,3906
Surat,394125,804
Surat,394130,5068
Surat,394140,1873
Surat,394150,3746
Surat,394155,658
Surat,394160,6034
Surat,394163,3712
Surat,394170,2001
Surat,394180,5330
Surat,394185,3207
Surat,394190,2680
Surat,394210,59973
Surat,394220,1009
Surat,394221,15230
Surat,394230,10863
Surat,394235,2201
Surat,394240,1019
Surat,394245,561
Surat,394246,299
Surat,394248,1657
Surat,394250,1433
Surat,394270,543
Surat,394305,3977
Surat,394310,3052
Surat,394315,1397
Surat,394317,750
Surat,394320,1511
Surat,394325,1846
Surat,394326,2420
Surat,394327,3067
Surat,394330,1361
Surat,394335,2311
Surat,394340,1919
Surat,394345,102
Surat,394350,1796
Surat,394352,285
Surat,394355,1921
Surat,394360,472
Surat,394365,4
Surat,394370,5
Surat,394375,86
Surat,394380,2
Surat,394405,1805
Surat,394410,713
Surat,394421,955
Surat,394430,2516
Surat,394440,5618
Surat,394445,6727
Surat,394510,5335
Surat,394515,45
Surat,394516,21
Surat,394517,510
Surat,394518,36
Surat,394520,2721
Surat,394530,707
Surat,394540,5667
Surat,394550,1386
Surat,394601,7046
Surat,394620,834
Surat,394630,4
Surat,394633,2
Surat,394635,61
Surat,394640,4
Surat,394650,312
Surat,394651,73
Surat,394655,45
Surat,394670,5
Surat,394690,12
Surat,394710,4
Surat,394716,2
Surat,394730,11
Surat,395001,8639
Surat,395002,13051
Surat,395003,20416
Surat,395004,40583
Surat,395005,13368
Surat,395006,38265
Surat,395007,18245
Surat,395008,9628
Surat,395009,20579
Surat,395010,54894
Surat,395013,34
Surat,395017,9100
Surat,395023,6550
Surat,395345,262
Surat,395620,912
Surat,396466,9
Surat,396510,911
Surendra Nagar,360055,306
Surendra Nagar,363001,9681
Surendra Nagar,363002,2181
Surendra Nagar,363020,6096
Surendra Nagar,363030,7696
Surendra Nagar,363035,1178
Surendra Nagar,363040,4455
Surendra Nagar,363110,868
Surendra Nagar,363115,2532
Surendra Nagar,363310,22989
Surendra Nagar,363320,1691
Surendra Nagar,363330,8616
Surendra Nagar,363351,893
Surendra Nagar,363410,8167
Surendra Nagar,363415,2808
Surendra Nagar,363421,8359
Surendra Nagar,363423,1504
Surendra Nagar,363425,1429
Surendra Nagar,363427,4038
Surendra Nagar,363430,4191
Surendra Nagar,363435,1294
Surendra Nagar,363440,7684
Surendra Nagar,363510,6910
Surendra Nagar,363520,17703
Surendra Nagar,363530,12841
Surendra Nagar,363610,141
Surendra Nagar,363775,5
Surendra Nagar,382130,536
Surendra Nagar,382150,5
Surendra Nagar,382245,29
Surendra Nagar,382745,2785
Surendra Nagar,382750,5595
Surendra Nagar,382755,1602
Surendra Nagar,382760,1957
Surendra Nagar,382765,4827
Surendra Nagar,382775,5474
Surendra Nagar,382780,1484
Surendranagar,363001,100
Surendranagar,363002,12
Surendranagar,363020,29
Surendranagar,363030,180
Surendranagar,363040,39
Surendranagar,363310,105
Surendranagar,363320,128
Surendranagar,363351,2
Surendranagar,363410,14
Surendranagar,363421,189
Surendranagar,363423,2
Surendranagar,363427,11
Surendranagar,363430,4
Surendranagar,363440,9
Surendranagar,363510,69
Surendranagar,363520,4
Surendranagar,363530,4
Surendranagar,382745,2
Surendranagar,382750,20
Surendranagar,382755,16
Surendranagar,382780,2
Surguja,496223,262
Surguja,497001,45605
Surguja,497101,23448
Surguja,497111,16675
Surguja,497114,5214
Surguja,497116,25343
Surguja,497118,8395
Surguja,497119,2206
Surguja,497220,15423
Surguja,497223,55
Surguja,497224,2170
Surguja,497225,2700
Surguja,497226,4
Surguja,497229,148
Surguja,497333,4
Suryapet,505325,23
Suryapet,505331,2
Suryapet,508111,340
Suryapet,508201,1707
Suryapet,508204,5280
Suryapet,508206,8564
Suryapet,508212,1173
Suryapet,508213,4464
Suryapet,508214,2
Suryapet,508218,2153
Suryapet,508221,1595
Suryapet,508222,684
Suryapet,508223,884
Suryapet,508224,21
Suryapet,508233,2103
Suryapet,508234,1132
Suryapet,508238,444
Suryapet,508246,2865
Suryapet,508279,734
Suryapet,508280,1285
Suryapet,508355,16
Suryapet,508376,335
Tamenglong,795115,597
Tamenglong,795116,2
Tamenglong,795125,2087
Tamenglong,795126,433
Tamenglong,795141,6132
Tamenglong,795146,73
Tamenglong,795147,2349
Tamenglong,795159,2324
Tamulpur District,781354,7
Tamulpur District,781360,43
Tamulpur District,781364,21
Tamulpur District,781366,20
Tamulpur District,781367,20
Tamulpur District,781368,14
Tapi,393050,1630
Tapi,394246,241
Tapi,394250,37
Tapi,394340,734
Tapi,394360,805
Tapi,394365,5492
Tapi,394370,8167
Tapi,394375,7443
Tapi,394380,7940
Tapi,394620,52
Tapi,394630,3227
Tapi,394633,1823
Tapi,394635,4761
Tapi,394640,2138
Tapi,394641,470
Tapi,394650,8692
Tapi,394651,2828
Tapi,394655,3874
Tapi,394660,93
Tapi,394670,5636
Tapi,394680,1443
Tapi,394690,2081
Tapi,394716,1169
Tapi,394730,508
Tapi,395620,36
Tarn Taran,143003,4
Tarn Taran,143006,29
Tarn Taran,143009,666
Tarn Taran,143022,962
Tarn Taran,143105,1062
Tarn Taran,143107,160
Tarn Taran,143110,2
Tarn Taran,143111,878
Tarn Taran,143112,2814
Tarn Taran,143115,1898
Tarn Taran,143117,4749
Tarn Taran,143118,2625
Tarn Taran,143201,975
Tarn Taran,143301,6445
Tarn Taran,143302,6467
Tarn Taran,143303,5196
Tarn Taran,143304,6370
Tarn Taran,143305,7135
Tarn Taran,143401,23744
Tarn Taran,143406,4357
Tarn Taran,143407,3676
Tarn Taran,143408,3721
Tarn Taran,143409,5326
Tarn Taran,143410,4751
Tarn Taran,143411,5424
Tarn Taran,143412,3940
Tarn Taran,143413,141
Tarn Taran,143414,2416
Tarn Taran,143415,6345
Tarn Taran,143416,18760
Tarn Taran,143419,10276
Tarn Taran,143422,2482
Tarn Taran,143606,9
Tawang,790104,1522
Tawang,790105,1039
Tawang,790106,1830
Tehri Garhwal,249001,4036
Tehri Garhwal,249121,2124
Tehri Garhwal,249122,3594
Tehri Garhwal,249123,1739
Tehri Garhwal,249124,94
Tehri Garhwal,249125,519
Tehri Garhwal,249126,896
Tehri Garhwal,249128,50
Tehri Garhwal,249130,1732
Tehri Garhwal,249131,3471
Tehri Garhwal,249132,2801
Tehri Garhwal,249137,3204
Tehri Garhwal,249141,7
Tehri Garhwal,249145,5127
Tehri Garhwal,249146,3899
Tehri Garhwal,249151,465
Tehri Garhwal,249155,14956
Tehri Garhwal,249161,9797
Tehri Garhwal,249165,10308
Tehri Garhwal,249171,4
Tehri Garhwal,249175,4856
Tehri Garhwal,249180,6173
Tehri Garhwal,249181,6094
Tehri Garhwal,249185,2
Tehri Garhwal,249186,2208
Tehri Garhwal,249192,9881
Tehri Garhwal,249193,4
Tehri Garhwal,249196,1737
Tehri Garhwal,249199,2290
Tehri Garhwal,249301,4
Tenkasi,627202,7
Tenkasi,627412,107
Tenkasi,627413,29
Tenkasi,627415,424
Tenkasi,627418,82
Tenkasi,627423,132
Tenkasi,627602,36
Tenkasi,627713,48
Tenkasi,627719,467
Tenkasi,627751,1900
Tenkasi,627753,599
Tenkasi,627754,408
Tenkasi,627755,185
Tenkasi,627756,1415
Tenkasi,627757,226
Tenkasi,627758,317
Tenkasi,627759,278
Tenkasi,627760,86
Tenkasi,627761,71
Tenkasi,627802,55
Tenkasi,627803,422
Tenkasi,627804,189
Tenkasi,627805,326
Tenkasi,627806,335
Tenkasi,627807,151
Tenkasi,627808,1174
Tenkasi,627809,964
Tenkasi,627811,1199
Tenkasi,627812,269
Tenkasi,627813,355
Tenkasi,627814,449
Tenkasi,627818,119
Tenkasi,627851,943
Tenkasi,627852,217
Tenkasi,627853,378
Tenkasi,627854,148
Tenkasi,627855,1256
Tenkasi,627856,180
Tenkasi,627857,198
Tenkasi,627858,119
Tenkasi,627859,317
Tenkasi,627860,269
Tenkasi,627861,349
Tenkasi,627862,283
Tenkasi,627951,18
Tenkasi,627953,613
Tenkasi,628552,68
Thane,400601,22076
Thane,400602,6492
Thane,400603,6823
Thane,400604,33691
Thane,400605,28197
Thane,400606,23219
Thane,400607,15581
Thane,400608,2728
Thane,400610,7463
Thane,400612,64137
Thane,400614,4670
Thane,400615,11436
Thane,400701,17550
Thane,400703,14794
Thane,400705,10335
Thane,400706,19512
Thane,400708,21624
Thane,400709,19346
Thane,400710,1377
Thane,401101,16608
Thane,401102,3421
Thane,401103,1406
Thane,401104,237
Thane,401105,18696
Thane,401106,4159
Thane,401107,39771
Thane,401201,5203
Thane,401202,3477
Thane,401203,4453
Thane,401204,2277
Thane,401206,497
Thane,401207,772
Thane,401208,6835
Thane,401209,12602
Thane,401301,2039
Thane,401302,1016
Thane,401303,6557
Thane,401304,887
Thane,401305,9735
Thane,401401,412
Thane,401402,328
Thane,401403,2776
Thane,401404,6050
Thane,401405,214
Thane,401501,7204
Thane,401502,344
Thane,401503,513
Thane,401504,994
Thane,401506,153
Thane,401601,613
Thane,401602,15086
Thane,401603,3027
Thane,401604,3126
Thane,401605,1477
Thane,401606,8446
Thane,401607,5700
Thane,401608,7
Thane,401609,5
Thane,401610,437
Thane,401701,100
Thane,401702,331
Thane,401703,153
Thane,421001,11718
Thane,421002,19509
Thane,421003,649
Thane,421004,14680
Thane,421005,8111
Thane,421101,4583
Thane,421102,8090
Thane,421103,2138
Thane,421201,26087
Thane,421202,18245
Thane,421203,5296
Thane,421204,17021
Thane,421301,68390
Thane,421302,89059
Thane,421303,2938
Thane,421304,32
Thane,421305,17696
Thane,421306,40569
Thane,421308,9501
Thane,421311,5403
Thane,421312,1889
Thane,421401,13730
Thane,421402,4294
Thane,421403,5533
Thane,421501,18095
Thane,421502,1614
Thane,421503,32290
Thane,421505,7158
Thane,421506,504
Thane,421601,16198
Thane,421602,8805
Thane,421603,1016
Thane,421604,273
Thane,421605,7655
Thanjavur,609204,125
Thanjavur,609801,185
Thanjavur,609802,1189
Thanjavur,609804,1570
Thanjavur,609807,3026
Thanjavur,612001,16554
Thanjavur,612002,4175
Thanjavur,612101,2953
Thanjavur,612102,1764
Thanjavur,612103,3767
Thanjavur,612104,1361
Thanjavur,612105,1563
Thanjavur,612106,1115
Thanjavur,612201,560
Thanjavur,612202,2145
Thanjavur,612204,3968
Thanjavur,612301,3307
Thanjavur,612302,2860
Thanjavur,612303,2457
Thanjavur,612401,5622
Thanjavur,612402,2300
Thanjavur,612501,4686
Thanjavur,612502,1766
Thanjavur,612503,2887
Thanjavur,612504,2972
Thanjavur,612602,4152
Thanjavur,612604,59
Thanjavur,612605,1916
Thanjavur,612701,4
Thanjavur,612702,5054
Thanjavur,612703,2696
Thanjavur,612801,4
Thanjavur,612802,27
Thanjavur,612804,1051
Thanjavur,613001,10615
Thanjavur,613002,2753
Thanjavur,613003,2881
Thanjavur,613004,4319
Thanjavur,613005,2830
Thanjavur,613006,6492
Thanjavur,613007,2922
Thanjavur,613008,1335
Thanjavur,613009,3885
Thanjavur,613010,244
Thanjavur,613101,2839
Thanjavur,613102,2003
Thanjavur,613103,1320
Thanjavur,613104,4435
Thanjavur,613105,1641
Thanjavur,613201,1427
Thanjavur,613202,1265
Thanjavur,613203,1349
Thanjavur,613204,3854
Thanjavur,613205,1370
Thanjavur,613303,1638
Thanjavur,613401,971
Thanjavur,613402,3393
Thanjavur,613403,3010
Thanjavur,613501,3430
Thanjavur,613502,1773
Thanjavur,613503,39
Thanjavur,613504,2566
Thanjavur,613601,2192
Thanjavur,613602,5253
Thanjavur,614015,715
Thanjavur,614016,5
Thanjavur,614017,335
Thanjavur,614019,4847
Thanjavur,614201,1992
Thanjavur,614202,1720
Thanjavur,614203,3614
Thanjavur,614204,1948
Thanjavur,614205,2397
Thanjavur,614206,2625
Thanjavur,614207,1256
Thanjavur,614208,900
Thanjavur,614209,86
Thanjavur,614210,1361
Thanjavur,614211,1042
Thanjavur,614301,836
Thanjavur,614302,832
Thanjavur,614303,1176
Thanjavur,614401,2119
Thanjavur,614402,2110
Thanjavur,614403,78
Thanjavur,614601,6714
Thanjavur,614602,6575
Thanjavur,614612,2643
Thanjavur,614613,4229
Thanjavur,614614,5627
Thanjavur,614615,3261
Thanjavur,614616,9
Thanjavur,614623,1276
Thanjavur,614624,77
Thanjavur,614625,10292
Thanjavur,614626,4041
Thanjavur,614628,6743
Thanjavur,614630,347
Thanjavur,614701,6627
Thanjavur,614704,713
Thanjavur,614723,1263
Thanjavur,614802,2356
Thanjavur,614803,2379
Thanjavur,614804,6303
Thanjavur,614805,46
Thanjavur,614901,2655
Thanjavur,614902,6461
Thanjavur,614903,5328
Thanjavur,614904,5567
Thanjavur,614905,3052
Thanjavur,614906,1682
Thanjavur,622202,12
The Dangs,394710,23097
The Dangs,394715,5643
The Dangs,394716,10624
The Dangs,394720,1183
The Dangs,394730,9257
The Nilgiris,638451,69
The Nilgiris,641113,5
The Nilgiris,643001,4403
The Nilgiris,643002,2258
The Nilgiris,643003,1586
The Nilgiris,643004,2714
The Nilgiris,643005,1582
The Nilgiris,643006,1974
The Nilgiris,643007,918
The Nilgiris,643101,1367
The Nilgiris,643102,3751
The Nilgiris,643103,29
The Nilgiris,643104,996
The Nilgiris,643105,816
The Nilgiris,643201,1242
The Nilgiris,643202,2286
The Nilgiris,643203,663
The Nilgiris,643204,306
The Nilgiris,643205,1805
The Nilgiris,643206,948
The Nilgiris,643207,1269
The Nilgiris,643209,1429
The Nilgiris,643211,5747
The Nilgiris,643212,7701
The Nilgiris,643213,1167
The Nilgiris,643214,1164
The Nilgiris,643215,1410
The Nilgiris,643216,1506
The Nilgiris,643217,8509
The Nilgiris,643218,620
The Nilgiris,643219,1057
The Nilgiris,643220,1140
The Nilgiris,643221,540
The Nilgiris,643223,1092
The Nilgiris,643224,447
The Nilgiris,643225,1479
The Nilgiris,643226,1037
The Nilgiris,643228,456
The Nilgiris,643231,1418
The Nilgiris,643232,164
The Nilgiris,643233,1443
The Nilgiris,643236,299
The Nilgiris,643237,257
The Nilgiris,643238,239
The Nilgiris,643239,2455
The Nilgiris,643240,1490
The Nilgiris,643241,1846
The Nilgiris,643242,298
The Nilgiris,643243,205
The Nilgiris,643253,987
Theni,625203,1910
Theni,625512,9321
Theni,625513,9384
Theni,625515,12128
Theni,625516,15802
Theni,625517,3444
Theni,625518,5599
Theni,625519,94
Theni,625520,2675
Theni,625521,3322
Theni,625522,2126
Theni,625523,2190
Theni,625524,1764
Theni,625525,52
Theni,625526,1591
Theni,625528,4706
Theni,625530,4323
Theni,625531,20129
Theni,625532,2
Theni,625533,4644
Theni,625534,6996
Theni,625536,3384
Theni,625538,34
Theni,625540,2967
Theni,625547,282
Theni,625556,1379
Theni,625562,2115
Theni,625579,7571
Theni,625582,5275
Theni,625601,7005
Theni,625602,4747
Theni,625603,3642
Theni,625604,1324
Theni,625605,2607
Thiruvananthapuram,691574,11
Thiruvananthapuram,695001,852
Thiruvananthapuram,695002,3637
Thiruvananthapuram,695003,1641
Thiruvananthapuram,695004,1627
Thiruvananthapuram,695005,2163
Thiruvananthapuram,695006,2277
Thiruvananthapuram,695007,1050
Thiruvananthapuram,695008,7309
Thiruvananthapuram,695009,5645
Thiruvananthapuram,695010,957
Thiruvananthapuram,695011,3068
Thiruvananthapuram,695012,1657
Thiruvananthapuram,695013,6985
Thiruvananthapuram,695014,1529
Thiruvananthapuram,695015,1518
Thiruvananthapuram,695016,16
Thiruvananthapuram,695017,2044
Thiruvananthapuram,695018,747
Thiruvananthapuram,695019,752
Thiruvananthapuram,695020,5547
Thiruvananthapuram,695021,1465
Thiruvananthapuram,695022,5
Thiruvananthapuram,695023,335
Thiruvananthapuram,695024,1714
Thiruvananthapuram,695025,490
Thiruvananthapuram,695026,4503
Thiruvananthapuram,695027,2912
Thiruvananthapuram,695028,1862
Thiruvananthapuram,695029,1149
Thiruvananthapuram,695030,629
Thiruvananthapuram,695032,1176
Thiruvananthapuram,695033,86
Thiruvananthapuram,695034,14
Thiruvananthapuram,695035,1075
Thiruvananthapuram,695036,1103
Thiruvananthapuram,695038,43
Thiruvananthapuram,695040,66
Thiruvananthapuram,695042,1303
Thiruvananthapuram,695043,2063
Thiruvananthapuram,695099,7
Thiruvananthapuram,695101,2087
Thiruvananthapuram,695102,3341
Thiruvananthapuram,695103,2017
Thiruvananthapuram,695104,2473
Thiruvananthapuram,695121,2828
Thiruvananthapuram,695122,3993
Thiruvananthapuram,695123,2429
Thiruvananthapuram,695124,2705
Thiruvananthapuram,695125,3288
Thiruvananthapuram,695126,1483
Thiruvananthapuram,695132,1114
Thiruvananthapuram,695133,1508
Thiruvananthapuram,695134,77
Thiruvananthapuram,695141,3282
Thiruvananthapuram,695142,513
Thiruvananthapuram,695143,1613
Thiruvananthapuram,695144,820
Thiruvananthapuram,695145,1073
Thiruvananthapuram,695146,1303
Thiruvananthapuram,695301,2415
Thiruvananthapuram,695302,1012
Thiruvananthapuram,695303,2110
Thiruvananthapuram,695304,3047
Thiruvananthapuram,695305,2448
Thiruvananthapuram,695306,1796
Thiruvananthapuram,695307,465
Thiruvananthapuram,695308,1092
Thiruvananthapuram,695309,1258
Thiruvananthapuram,695310,1764
Thiruvananthapuram,695311,2821
Thiruvananthapuram,695312,1247
Thiruvananthapuram,695313,1167
Thiruvananthapuram,695316,1388
Thiruvananthapuram,695317,870
Thiruvananthapuram,695318,290
Thiruvananthapuram,695501,9241
Thiruvananthapuram,695502,3810
Thiruvananthapuram,695503,1704
Thiruvananthapuram,695504,2571
Thiruvananthapuram,695505,3822
Thiruvananthapuram,695506,2810
Thiruvananthapuram,695507,1005
Thiruvananthapuram,695508,1349
Thiruvananthapuram,695512,1985
Thiruvananthapuram,695513,1556
Thiruvananthapuram,695521,4384
Thiruvananthapuram,695522,1067
Thiruvananthapuram,695523,2990
Thiruvananthapuram,695524,1709
Thiruvananthapuram,695525,2192
Thiruvananthapuram,695526,4293
Thiruvananthapuram,695527,875
Thiruvananthapuram,695528,9
Thiruvananthapuram,695541,5690
Thiruvananthapuram,695542,3835
Thiruvananthapuram,695543,2076
Thiruvananthapuram,695551,3238
Thiruvananthapuram,695561,1613
Thiruvananthapuram,695562,2815
Thiruvananthapuram,695563,2366
Thiruvananthapuram,695564,2940
Thiruvananthapuram,695568,1181
Thiruvananthapuram,695571,3983
Thiruvananthapuram,695572,4537
Thiruvananthapuram,695573,5437
Thiruvananthapuram,695574,1242
Thiruvananthapuram,695575,1650
Thiruvananthapuram,695581,1370
Thiruvananthapuram,695582,1900
Thiruvananthapuram,695583,1199
Thiruvananthapuram,695584,4050
Thiruvananthapuram,695585,114
Thiruvananthapuram,695586,855
Thiruvananthapuram,695587,2333
Thiruvananthapuram,695588,135
Thiruvananthapuram,695589,315
Thiruvananthapuram,695601,2901
Thiruvananthapuram,695602,1851
Thiruvananthapuram,695603,2951
Thiruvananthapuram,695604,2014
Thiruvananthapuram,695605,3334
Thiruvananthapuram,695606,1167
Thiruvananthapuram,695607,2924
Thiruvananthapuram,695608,1559
Thiruvananthapuram,695609,2448
Thiruvananthapuram,695610,640
Thiruvananthapuram,695611,699
Thiruvananthapuram,695612,1388
Thiruvananthapuram,695614,1094
Thiruvananthapuram,695615,1798
Thiruvarur,609403,2480
Thiruvarur,609405,1440
Thiruvarur,609501,2933
Thiruvarur,609502,613
Thiruvarur,609503,2603
Thiruvarur,609504,740
Thiruvarur,609603,513
Thiruvarur,609608,1659
Thiruvarur,609802,2
Thiruvarur,609807,2
Thiruvarur,610001,6053
Thiruvarur,610003,317
Thiruvarur,610004,239
Thiruvarur,610101,2277
Thiruvarur,610102,2265
Thiruvarur,610103,1630
Thiruvarur,610104,2393
Thiruvarur,610105,2872
Thiruvarur,610106,1194
Thiruvarur,610107,1775
Thiruvarur,610109,1463
Thiruvarur,610201,923
Thiruvarur,610202,1103
Thiruvarur,610203,2716
Thiruvarur,610205,1559
Thiruvarur,610206,2156
Thiruvarur,610211,78
Thiruvarur,611101,1675
Thiruvarur,612201,800
Thiruvarur,612203,285
Thiruvarur,612601,1798
Thiruvarur,612603,1664
Thiruvarur,612604,2010
Thiruvarur,612605,132
Thiruvarur,612610,652
Thiruvarur,612701,1458
Thiruvarur,612801,1483
Thiruvarur,612802,1276
Thiruvarur,612803,1543
Thiruvarur,612804,1905
Thiruvarur,613701,2384
Thiruvarur,613702,1046
Thiruvarur,613703,1903
Thiruvarur,613704,952
Thiruvarur,613705,841
Thiruvarur,614001,7147
Thiruvarur,614013,1584
Thiruvarur,614014,2792
Thiruvarur,614015,1224
Thiruvarur,614016,3097
Thiruvarur,614017,1160
Thiruvarur,614018,4252
Thiruvarur,614019,1221
Thiruvarur,614020,1595
Thiruvarur,614101,2803
Thiruvarur,614102,1589
Thiruvarur,614103,1670
Thiruvarur,614202,4
Thiruvarur,614205,157
Thiruvarur,614208,661
Thiruvarur,614302,923
Thiruvarur,614401,36
Thiruvarur,614403,551
Thiruvarur,614404,2466
Thiruvarur,614702,1203
Thiruvarur,614703,2675
Thiruvarur,614704,3051
Thiruvarur,614705,2464
Thiruvarur,614706,1559
Thiruvarur,614708,2040
Thiruvarur,614710,2113
Thiruvarur,614711,1905
Thiruvarur,614713,2135
Thiruvarur,614715,3794
Thiruvarur,614716,1023
Thiruvarur,614717,2700
Thiruvarur,614738,315
Thiruvarur,614903,9
Thoothukkudi,626202,381
Thoothukkudi,626205,260
Thoothukkudi,627352,1224
Thoothukkudi,627713,1258
Thoothukkudi,627951,84
Thoothukkudi,628001,9539
Thoothukkudi,628002,21969
Thoothukkudi,628003,5212
Thoothukkudi,628004,323
Thoothukkudi,628005,4334
Thoothukkudi,628006,668
Thoothukkudi,628007,27
Thoothukkudi,628008,11820
Thoothukkudi,628101,1755
Thoothukkudi,628102,1682
Thoothukkudi,628103,4120
Thoothukkudi,628104,1117
Thoothukkudi,628105,1901
Thoothukkudi,628151,4255
Thoothukkudi,628152,1386
Thoothukkudi,628201,584
Thoothukkudi,628202,3576
Thoothukkudi,628203,5472
Thoothukkudi,628204,5251
Thoothukkudi,628205,1149
Thoothukkudi,628206,3031
Thoothukkudi,628207,2014
Thoothukkudi,628208,590
Thoothukkudi,628209,421
Thoothukkudi,628210,2420
Thoothukkudi,628211,258
Thoothukkudi,628212,64
Thoothukkudi,628213,1543
Thoothukkudi,628215,4350
Thoothukkudi,628216,1124
Thoothukkudi,628217,324
Thoothukkudi,628218,340
Thoothukkudi,628219,492
Thoothukkudi,628228,5
Thoothukkudi,628229,2
Thoothukkudi,628251,2352
Thoothukkudi,628252,2881
Thoothukkudi,628301,462
Thoothukkudi,628302,609
Thoothukkudi,628303,1481
Thoothukkudi,628304,413
Thoothukkudi,628401,2525
Thoothukkudi,628402,1465
Thoothukkudi,628501,10542
Thoothukkudi,628502,14469
Thoothukkudi,628503,882
Thoothukkudi,628552,3853
Thoothukkudi,628601,2192
Thoothukkudi,628612,3681
Thoothukkudi,628613,3348
Thoothukkudi,628614,349
Thoothukkudi,628615,903
Thoothukkudi,628616,1269
Thoothukkudi,628617,4435
Thoothukkudi,628618,178
Thoothukkudi,628619,2580
Thoothukkudi,628620,1785
Thoothukkudi,628621,1335
Thoothukkudi,628622,2455
Thoothukkudi,628623,1322
Thoothukkudi,628653,2185
Thoothukkudi,628656,1408
Thoothukkudi,628701,825
Thoothukkudi,628702,1308
Thoothukkudi,628703,2937
Thoothukkudi,628704,5118
Thoothukkudi,628712,3222
Thoothukkudi,628714,4376
Thoothukkudi,628716,2113
Thoothukkudi,628718,2047
Thoothukkudi,628720,2751
Thoothukkudi,628721,2217
Thoothukkudi,628722,1475
Thoothukkudi,628751,955
Thoothukkudi,628752,629
Thoothukkudi,628753,659
Thoothukkudi,628801,2468
Thoothukkudi,628802,1746
Thoothukkudi,628809,2231
Thoothukkudi,628851,2051
Thoothukkudi,628901,2245
Thoothukkudi,628902,7643
Thoothukkudi,628903,2815
Thoothukkudi,628904,3526
Thoothukkudi,628905,3500
Thoothukkudi,628906,927
Thoothukkudi,628907,6394
Thoothukkudi,628908,1778
Thoothukkudi,628952,3576
Thoubal,795101,3582
Thoubal,795103,22497
Thoubal,795130,11955
Thoubal,795132,7775
Thoubal,795135,470
Thoubal,795138,27328
Thoubal,795148,20091
Thoubal,795149,6167
Thrissur,679105,695
Thrissur,679106,661
Thrissur,679531,3585
Thrissur,679532,3220
Thrissur,679561,1976
Thrissur,679562,2220
Thrissur,679563,695
Thrissur,679564,1249
Thrissur,680001,2311
Thrissur,680002,572
Thrissur,680003,1003
Thrissur,680004,556
Thrissur,680005,1418
Thrissur,680006,1345
Thrissur,680007,2103
Thrissur,680008,353
Thrissur,680009,18
Thrissur,680010,984
Thrissur,680011,41
Thrissur,680012,2056
Thrissur,680013,836
Thrissur,680014,3085
Thrissur,680015,48
Thrissur,680020,160
Thrissur,680021,25
Thrissur,680022,94
Thrissur,680026,1021
Thrissur,680027,1556
Thrissur,680028,1149
Thrissur,680101,761
Thrissur,680102,1144
Thrissur,680103,577
Thrissur,680104,668
Thrissur,680121,2176
Thrissur,680122,668
Thrissur,680123,2051
Thrissur,680125,1251
Thrissur,680301,2541
Thrissur,680302,2493
Thrissur,680303,2443
Thrissur,680304,666
Thrissur,680305,1385
Thrissur,680306,5469
Thrissur,680307,1791
Thrissur,680308,3498
Thrissur,680309,1809
Thrissur,680310,1285
Thrissur,680311,1630
Thrissur,680312,2313
Thrissur,680317,1559
Thrissur,680501,3179
Thrissur,680502,814
Thrissur,680503,638
Thrissur,680504,540
Thrissur,680505,1121
Thrissur,680506,5920
Thrissur,680507,2122
Thrissur,680508,1511
Thrissur,680509,750
Thrissur,680510,960
Thrissur,680511,2104
Thrissur,680512,2119
Thrissur,680513,486
Thrissur,680514,1073
Thrissur,680515,1876
Thrissur,680516,613
Thrissur,680517,1973
Thrissur,680518,2056
Thrissur,680519,2928
Thrissur,680520,490
Thrissur,680521,59
Thrissur,680522,214
Thrissur,680523,1256
Thrissur,680524,558
Thrissur,680541,1589
Thrissur,680542,1869
Thrissur,680543,1379
Thrissur,680544,870
Thrissur,680545,650
Thrissur,680546,479
Thrissur,680551,1190
Thrissur,680552,1711
Thrissur,680553,112
Thrissur,680555,98
Thrissur,680561,1684
Thrissur,680562,1967
Thrissur,680563,2448
Thrissur,680564,1402
Thrissur,680565,866
Thrissur,680566,1082
Thrissur,680567,2393
Thrissur,680568,1101
Thrissur,680569,3452
Thrissur,680570,563
Thrissur,680571,980
Thrissur,680581,2922
Thrissur,680582,121
Thrissur,680583,2609
Thrissur,680584,4111
Thrissur,680585,2227
Thrissur,680586,4118
Thrissur,680587,3616
Thrissur,680588,2382
Thrissur,680589,1850
Thrissur,680590,2167
Thrissur,680591,754
Thrissur,680594,1711
Thrissur,680596,449
Thrissur,680601,1903
Thrissur,680602,1340
Thrissur,680604,1392
Thrissur,680611,260
Thrissur,680612,481
Thrissur,680613,1201
Thrissur,680614,2564
Thrissur,680615,1044
Thrissur,680616,1516
Thrissur,680617,715
Thrissur,680618,46
Thrissur,680619,914
Thrissur,680620,1085
Thrissur,680623,1723
Thrissur,680631,584
Thrissur,680641,1757
Thrissur,680642,221
Thrissur,680651,2017
Thrissur,680652,2963
Thrissur,680653,529
Thrissur,680654,271
Thrissur,680655,943
Thrissur,680656,46
Thrissur,680661,629
Thrissur,680662,1604
Thrissur,680663,1165
Thrissur,680664,2839
Thrissur,680665,659
Thrissur,680666,4494
Thrissur,680667,118
Thrissur,680668,1837
Thrissur,680669,1607
Thrissur,680670,618
Thrissur,680671,4601
Thrissur,680681,3045
Thrissur,680682,1244
Thrissur,680683,4284
Thrissur,680684,3282
Thrissur,680685,1274
Thrissur,680686,2051
Thrissur,680687,1673
Thrissur,680688,1805
Thrissur,680689,1035
Thrissur,680691,975
Thrissur,680697,1115
Thrissur,680699,2211
Thrissur,680701,960
Thrissur,680702,1545
Thrissur,680703,757
Thrissur,680711,1912
Thrissur,680712,1215
Thrissur,680721,3516
Thrissur,680722,1169
Thrissur,680724,1933
Thrissur,680731,1132
Thrissur,680732,1641
Thrissur,680733,1051
Thrissur,680734,1450
Thrissur,680741,2069
Thrissur,680751,3758
Tikamgarh,472001,38463
Tikamgarh,472005,7333
Tikamgarh,472010,16597
Tikamgarh,472101,13922
Tikamgarh,472111,31959
Tikamgarh,472115,35840
Tikamgarh,472118,29865
Tikamgarh,472221,21481
Tikamgarh,472246,8685
Tikamgarh,472331,18247
Tikamgarh,472336,11
Tikamgarh,472337,11868
Tikamgarh,472338,15107
Tikamgarh,472339,11577
Tikamgarh,472442,8382
Tikamgarh,472445,5356
Tikamgarh,472446,3674
Tikamgarh,472447,7839
Tinsukia,786125,3099
Tinsukia,786126,93
Tinsukia,786145,241
Tinsukia,786146,478
Tinsukia,786147,666
Tinsukia,786150,827
Tinsukia,786151,2491
Tinsukia,786152,2520
Tinsukia,786153,702
Tinsukia,786154,1876
Tinsukia,786155,577
Tinsukia,786156,1718
Tinsukia,786157,3461
Tinsukia,786158,1755
Tinsukia,786159,12
Tinsukia,786160,1173
Tinsukia,786170,2671
Tinsukia,786171,2096
Tinsukia,786173,4
Tinsukia,786174,1338
Tinsukia,786179,73
Tinsukia,786181,896
Tinsukia,786182,1491
Tinsukia,786183,1050
Tinsukia,786187,71
Tinsukia,786188,1037
Tinsukia,786189,18
Tinsukia,786190,524
Tinsukia,786192,184
Tinsukia,786601,1160
Tirap,786629,260
Tirap,786630,474
Tirap,786631,77
Tirap,792129,511
Tirap,792130,2042
Tirap,792131,9
Tiruchirappalli,613102,77
Tiruchirappalli,620001,13992
Tiruchirappalli,620002,6073
Tiruchirappalli,620003,7816
Tiruchirappalli,620004,4565
Tiruchirappalli,620005,5250
Tiruchirappalli,620006,5759
Tiruchirappalli,620007,5153
Tiruchirappalli,620008,12146
Tiruchirappalli,620009,5864
Tiruchirappalli,620010,5747
Tiruchirappalli,620011,3610
Tiruchirappalli,620012,8731
Tiruchirappalli,620013,6786
Tiruchirappalli,620014,1976
Tiruchirappalli,620015,4168
Tiruchirappalli,620016,1493
Tiruchirappalli,620017,9343
Tiruchirappalli,620018,1401
Tiruchirappalli,620019,5255
Tiruchirappalli,620020,3653
Tiruchirappalli,620021,4435
Tiruchirappalli,620022,1901
Tiruchirappalli,620023,1240
Tiruchirappalli,620024,2
Tiruchirappalli,620025,2659
Tiruchirappalli,620026,2031
Tiruchirappalli,620101,3011
Tiruchirappalli,620102,11290
Tiruchirappalli,621001,2554
Tiruchirappalli,621002,4209
Tiruchirappalli,621003,3564
Tiruchirappalli,621004,1278
Tiruchirappalli,621005,9548
Tiruchirappalli,621006,2940
Tiruchirappalli,621007,1151
Tiruchirappalli,621008,2627
Tiruchirappalli,621009,2680
Tiruchirappalli,621010,3767
Tiruchirappalli,621011,2623
Tiruchirappalli,621012,3190
Tiruchirappalli,621014,1712
Tiruchirappalli,621016,36
Tiruchirappalli,621018,5
Tiruchirappalli,621104,1180
Tiruchirappalli,621105,3468
Tiruchirappalli,621106,50
Tiruchirappalli,621109,1272
Tiruchirappalli,621111,962
Tiruchirappalli,621112,4572
Tiruchirappalli,621202,2621
Tiruchirappalli,621203,2368
Tiruchirappalli,621204,1584
Tiruchirappalli,621205,2055
Tiruchirappalli,621206,2712
Tiruchirappalli,621207,3835
Tiruchirappalli,621208,2518
Tiruchirappalli,621209,2293
Tiruchirappalli,621210,2313
Tiruchirappalli,621211,6112
Tiruchirappalli,621213,2815
Tiruchirappalli,621214,3322
Tiruchirappalli,621215,3997
Tiruchirappalli,621216,4654
Tiruchirappalli,621217,2179
Tiruchirappalli,621218,2924
Tiruchirappalli,621302,4991
Tiruchirappalli,621303,150
Tiruchirappalli,621304,11
Tiruchirappalli,621305,3297
Tiruchirappalli,621306,12650
Tiruchirappalli,621307,7309
Tiruchirappalli,621308,5438
Tiruchirappalli,621310,5604
Tiruchirappalli,621311,303
Tiruchirappalli,621312,2249
Tiruchirappalli,621313,125
Tiruchirappalli,621314,11260
Tiruchirappalli,621315,6263
Tiruchirappalli,621601,3918
Tiruchirappalli,621651,2443
Tiruchirappalli,621652,1951
Tiruchirappalli,621653,2206
Tiruchirappalli,621702,2719
Tiruchirappalli,621703,3001
Tiruchirappalli,621706,1791
Tiruchirappalli,621711,4608
Tiruchirappalli,621712,4120
Tiruchirappalli,621722,665
Tiruchirappalli,621803,5
Tiruchirappalli,622002,125
Tiruchirappalli,622102,691
Tiruchirappalli,622104,37
Tiruchirappalli,622515,69
Tiruchirappalli,637020,11
Tiruchirappalli,639101,1812
Tiruchirappalli,639103,4163
Tiruchirappalli,639112,1636
Tiruchirappalli,639115,2190
Tirunelveli,626111,426
Tirunelveli,626139,45
Tirunelveli,626140,123
Tirunelveli,627001,2967
Tirunelveli,627002,8831
Tirunelveli,627003,1119
Tirunelveli,627004,3710
Tirunelveli,627005,15722
Tirunelveli,627006,6784
Tirunelveli,627007,6590
Tirunelveli,627008,1529
Tirunelveli,627009,266
Tirunelveli,627010,3200
Tirunelveli,627011,8883
Tirunelveli,627012,463
Tirunelveli,627101,1853
Tirunelveli,627102,2151
Tirunelveli,627103,4287
Tirunelveli,627104,1377
Tirunelveli,627105,1532
Tirunelveli,627106,1449
Tirunelveli,627107,2058
Tirunelveli,627108,6443
Tirunelveli,627109,3550
Tirunelveli,627110,1497
Tirunelveli,627111,2001
Tirunelveli,627112,1698
Tirunelveli,627113,934
Tirunelveli,627114,2113
Tirunelveli,627115,1841
Tirunelveli,627116,2333
Tirunelveli,627117,4808
Tirunelveli,627118,1085
Tirunelveli,627119,9
Tirunelveli,627120,1458
Tirunelveli,627127,567
Tirunelveli,627130,205
Tirunelveli,627131,11
Tirunelveli,627133,937
Tirunelveli,627151,1670
Tirunelveli,627152,3031
Tirunelveli,627201,6568
Tirunelveli,627202,1862
Tirunelveli,627351,4141
Tirunelveli,627352,2954
Tirunelveli,627353,2249
Tirunelveli,627354,2019
Tirunelveli,627355,1867
Tirunelveli,627356,2807
Tirunelveli,627357,7049
Tirunelveli,627358,4594
Tirunelveli,627359,1907
Tirunelveli,627401,4173
Tirunelveli,627412,1862
Tirunelveli,627413,2789
Tirunelveli,627414,2571
Tirunelveli,627415,4375
Tirunelveli,627416,6534
Tirunelveli,627417,1091
Tirunelveli,627418,1593
Tirunelveli,627420,27
Tirunelveli,627421,592
Tirunelveli,627422,25
Tirunelveli,627423,3699
Tirunelveli,627424,1057
Tirunelveli,627425,7639
Tirunelveli,627426,3863
Tirunelveli,627427,41
Tirunelveli,627428,166
Tirunelveli,627451,1037
Tirunelveli,627452,816
Tirunelveli,627453,1810
Tirunelveli,627501,3835
Tirunelveli,627502,1732
Tirunelveli,627551,20
Tirunelveli,627601,2457
Tirunelveli,627602,2751
Tirunelveli,627603,312
Tirunelveli,627604,2119
Tirunelveli,627651,2981
Tirunelveli,627652,1213
Tirunelveli,627654,1185
Tirunelveli,627657,5798
Tirunelveli,627659,590
Tirunelveli,627713,342
Tirunelveli,627719,3293
Tirunelveli,627751,13124
Tirunelveli,627753,2929
Tirunelveli,627754,3295
Tirunelveli,627755,2696
Tirunelveli,627756,9808
Tirunelveli,627757,6648
Tirunelveli,627758,6105
Tirunelveli,627759,2306
Tirunelveli,627760,2096
Tirunelveli,627761,748
Tirunelveli,627802,752
Tirunelveli,627803,3785
Tirunelveli,627804,1885
Tirunelveli,627805,1818
Tirunelveli,627806,6449
Tirunelveli,627807,1700
Tirunelveli,627808,8489
Tirunelveli,627809,4539
Tirunelveli,627810,638
Tirunelveli,627811,6903
Tirunelveli,627812,2388
Tirunelveli,627813,2748
Tirunelveli,627814,4109
Tirunelveli,627818,1335
Tirunelveli,627851,7906
Tirunelveli,627852,2233
Tirunelveli,627853,3872
Tirunelveli,627854,3102
Tirunelveli,627855,8541
Tirunelveli,627856,2213
Tirunelveli,627857,3576
Tirunelveli,627858,1028
Tirunelveli,627859,5613
Tirunelveli,627860,3158
Tirunelveli,627861,3870
Tirunelveli,627862,3617
Tirunelveli,627951,5985
Tirunelveli,627953,5506
Tirunelveli,628502,11
Tirunelveli,628552,1135
Tirunelveli,628622,32
Tirunelveli,628809,55
Tirunelveli,628952,4
Tirupathur,635751,98
Tirupathur,635852,7
Tirupati,517101,112
Tirupati,517102,283
Tirupati,517112,519
Tirupati,517152,98
Tirupati,517193,55
Tirupati,517194,257
Tirupati,517214,16
Tirupati,517501,3281
Tirupati,517502,422
Tirupati,517503,645
Tirupati,517504,11
Tirupati,517505,576
Tirupati,517506,14
Tirupati,517507,1187
Tirupati,517520,780
Tirupati,517526,68
Tirupati,517536,50
Tirupati,517541,144
Tirupati,517551,210
Tirupati,517561,244
Tirupati,517571,148
Tirupati,517581,410
Tirupati,517583,1078
Tirupati,517584,127
Tirupati,517587,205
Tirupati,517588,260
Tirupati,517589,330
Tirupati,517619,207
Tirupati,517620,148
Tirupati,517640,266
Tirupati,517641,82
Tirupati,517642,48
Tirupati,517643,228
Tirupati,517644,588
Tirupati,517645,27
Tirupati,524101,688
Tirupati,524121,504
Tirupati,524123,255
Tirupati,524124,11
Tirupati,524126,973
Tirupati,524127,128
Tirupati,524129,100
Tirupati,524131,39
Tirupati,524132,752
Tirupati,524134,306
Tirupati,524401,80
Tirupati,524402,150
Tirupati,524403,32
Tirupati,524404,207
Tirupati,524406,78
Tirupati,524407,11
Tirupati,524409,7
Tirupati,524410,30
Tirupati,524411,139
Tirupati,524412,593
Tirupati,524413,98
Tirupati,524415,151
Tirupati,524421,73
Tirupattur,635601,1344
Tirupattur,635602,976
Tirupattur,635651,1201
Tirupattur,635652,467
Tirupattur,635653,1092
Tirupattur,635654,168
Tirupattur,635655,453
Tirupattur,635701,478
Tirupattur,635702,396
Tirupattur,635710,433
Tirupattur,635751,2313
Tirupattur,635752,950
Tirupattur,635754,1053
Tirupattur,635801,775
Tirupattur,635802,3008
Tirupattur,635804,68
Tirupattur,635807,219
Tirupattur,635808,372
Tirupattur,635811,713
Tirupattur,635812,69
Tirupattur,635814,624
Tirupattur,635815,299
Tirupattur,635851,1139
Tirupattur,635852,948
Tirupattur,635853,339
Tirupattur,635854,925
Tirupattur,635901,761
Tiruppur,638051,87
Tiruppur,638056,1598
Tiruppur,638103,6999
Tiruppur,638105,2413
Tiruppur,638106,3813
Tiruppur,638108,1461
Tiruppur,638110,287
Tiruppur,638111,9011
Tiruppur,638402,11
Tiruppur,638459,319
Tiruppur,638460,814
Tiruppur,638462,134
Tiruppur,638656,5353
Tiruppur,638657,6105
Tiruppur,638660,1990
Tiruppur,638661,2537
Tiruppur,638672,1524
Tiruppur,638673,3528
Tiruppur,638701,8879
Tiruppur,638702,4523
Tiruppur,638703,1319
Tiruppur,638706,957
Tiruppur,638751,2256
Tiruppur,638752,2475
Tiruppur,638812,2003
Tiruppur,639201,406
Tiruppur,639202,756
Tiruppur,639204,23
Tiruppur,641016,7
Tiruppur,641062,4
Tiruppur,641103,21
Tiruppur,641107,2
Tiruppur,641201,2
Tiruppur,641302,2
Tiruppur,641401,139
Tiruppur,641402,4
Tiruppur,641407,5
Tiruppur,641601,2954
Tiruppur,641602,12928
Tiruppur,641603,13940
Tiruppur,641604,17768
Tiruppur,641605,10128
Tiruppur,641606,8707
Tiruppur,641607,10169
Tiruppur,641652,8653
Tiruppur,641653,5
Tiruppur,641654,11116
Tiruppur,641655,3845
Tiruppur,641658,1875
Tiruppur,641659,5
Tiruppur,641662,4225
Tiruppur,641663,7301
Tiruppur,641664,13108
Tiruppur,641665,3389
Tiruppur,641666,7274
Tiruppur,641667,2137
Tiruppur,641668,1964
Tiruppur,641669,39
Tiruppur,641670,1935
Tiruppur,641671,1181
Tiruppur,641687,6914
Tiruppur,641697,2
Tiruppur,642102,675
Tiruppur,642111,718
Tiruppur,642112,2880
Tiruppur,642113,2463
Tiruppur,642120,741
Tiruppur,642122,1689
Tiruppur,642126,6130
Tiruppur,642128,1467
Tiruppur,642132,1087
Tiruppur,642133,2
Tiruppur,642154,4576
Tiruppur,642201,2855
Tiruppur,642202,903
Tiruppur,642203,4998
Tiruppur,642204,4277
Tiruppur,642205,2655
Tiruppur,642206,968
Tiruppur,642207,2689
Tiruvallur,600019,19165
Tiruvallur,600037,9808
Tiruvallur,600049,3591
Tiruvallur,600050,6244
Tiruvallur,600051,3801
Tiruvallur,600052,16232
Tiruvallur,600053,21570
Tiruvallur,600054,7425
Tiruvallur,600055,6656
Tiruvallur,600056,10811
Tiruvallur,600057,8788
Tiruvallur,600058,2231
Tiruvallur,600060,4202
Tiruvallur,600062,15357
Tiruvallur,600065,290
Tiruvallur,600066,6313
Tiruvallur,600067,6235
Tiruvallur,600068,6978
Tiruvallur,600071,9460
Tiruvallur,600072,7883
Tiruvallur,600076,1903
Tiruvallur,600077,14949
Tiruvallur,600080,3127
Tiruvallur,600087,6066
Tiruvallur,600089,4407
Tiruvallur,600095,11212
Tiruvallur,600098,606
Tiruvallur,600099,17037
Tiruvallur,600101,3756
Tiruvallur,600103,4216
Tiruvallur,600107,5618
Tiruvallur,600109,1600
Tiruvallur,600110,3537
Tiruvallur,600116,7979
Tiruvallur,600120,3507
Tiruvallur,600123,2582
Tiruvallur,600124,3820
Tiruvallur,601101,2521
Tiruvallur,601102,4107
Tiruvallur,601103,4293
Tiruvallur,601201,11805
Tiruvallur,601202,2919
Tiruvallur,601203,7245
Tiruvallur,601204,8553
Tiruvallur,601205,4045
Tiruvallur,601206,2899
Tiruvallur,602001,7252
Tiruvallur,602002,6071
Tiruvallur,602003,1928
Tiruvallur,602021,4027
Tiruvallur,602022,732
Tiruvallur,602023,3778
Tiruvallur,602024,15977
Tiruvallur,602025,5198
Tiruvallur,602026,4724
Tiruvallur,602027,807
Tiruvallur,602028,663
Tiruvallur,602105,1101
Tiruvallur,602106,4
Tiruvallur,602108,1212
Tiruvallur,603403,2
Tiruvallur,631201,1324
Tiruvallur,631202,2598
Tiruvallur,631203,9496
Tiruvallur,631204,2281
Tiruvallur,631205,4466
Tiruvallur,631206,2172
Tiruvallur,631207,3297
Tiruvallur,631208,6242
Tiruvallur,631209,7579
Tiruvallur,631210,3339
Tiruvallur,631211,932
Tiruvallur,631212,923
Tiruvallur,631213,492
Tiruvallur,631301,1782
Tiruvallur,631302,3569
Tiruvallur,631303,2058
Tiruvallur,631304,1509
Tiruvallur,631402,4008
Tiruvannamalai,604401,1941
Tiruvannamalai,604402,2646
Tiruvannamalai,604403,2331
Tiruvannamalai,604404,1352
Tiruvannamalai,604405,2637
Tiruvannamalai,604406,4453
Tiruvannamalai,604407,7871
Tiruvannamalai,604408,7817
Tiruvannamalai,604409,1570
Tiruvannamalai,604410,2602
Tiruvannamalai,604501,3061
Tiruvannamalai,604502,1491
Tiruvannamalai,604503,3054
Tiruvannamalai,604504,2511
Tiruvannamalai,604505,1807
Tiruvannamalai,604601,4585
Tiruvannamalai,606601,11935
Tiruvannamalai,606603,4813
Tiruvannamalai,606604,4430
Tiruvannamalai,606611,3963
Tiruvannamalai,606701,2774
Tiruvannamalai,606702,3453
Tiruvannamalai,606703,4439
Tiruvannamalai,606704,5041
Tiruvannamalai,606705,3149
Tiruvannamalai,606706,2716
Tiruvannamalai,606707,5478
Tiruvannamalai,606708,10209
Tiruvannamalai,606709,5242
Tiruvannamalai,606710,3166
Tiruvannamalai,606751,4236
Tiruvannamalai,606752,3689
Tiruvannamalai,606753,5841
Tiruvannamalai,606754,4449
Tiruvannamalai,606755,4084
Tiruvannamalai,606801,3781
Tiruvannamalai,606802,3068
Tiruvannamalai,606803,9681
Tiruvannamalai,606804,3694
Tiruvannamalai,606805,2434
Tiruvannamalai,606806,2240
Tiruvannamalai,606807,1336
Tiruvannamalai,606808,2140
Tiruvannamalai,606811,1301
Tiruvannamalai,606901,3510
Tiruvannamalai,606902,6280
Tiruvannamalai,606903,4836
Tiruvannamalai,606904,2917
Tiruvannamalai,606905,3616
Tiruvannamalai,606906,1443
Tiruvannamalai,606907,4081
Tiruvannamalai,606908,2281
Tiruvannamalai,631701,2117
Tiruvannamalai,631702,3129
Tiruvannamalai,632102,3074
Tiruvannamalai,632301,5782
Tiruvannamalai,632311,2587
Tiruvannamalai,632312,1014
Tiruvannamalai,632313,2684
Tiruvannamalai,632314,2078
Tiruvannamalai,632315,4004
Tiruvannamalai,632316,4382
Tiruvannamalai,632317,5928
Tiruvannamalai,632318,93
Tiruvannamalai,632319,7
Tiruvannamalai,632326,1629
Tiruvannamalai,632506,34
Tiruvannamalai,632511,2119
Tiruvannamalai,632512,916
Tiruvannamalai,632518,467
Tiruvannamalai,635655,2
Tiruvannamalai,635703,6541
Tiruvarur,614019,5
Tiswadi,403002,2
Tiswadi,403006,2
Tonk,304001,34067
Tonk,304021,14959
Tonk,304022,3387
Tonk,304023,8505
Tonk,304024,12541
Tonk,304025,8024
Tonk,304501,1233
Tonk,304502,13493
Tonk,304503,2773
Tonk,304504,7201
Tonk,304505,9576
Tonk,304507,3184
Tonk,304801,6228
Tonk,304802,9633
Tonk,304803,2240
Tonk,304804,5373
Tseminyu,797105,4
Tseminyu,797109,328
Tuensang,798601,743
Tuensang,798611,52
Tuensang,798612,11333
Tuensang,798616,2710
Tuensang,798620,2
Tuensang,798625,14
Tuensang,798626,2445
Tumakuru,561202,8854
Tumakuru,572101,9001
Tumakuru,572102,8241
Tumakuru,572103,2978
Tumakuru,572104,6951
Tumakuru,572105,2447
Tumakuru,572106,6253
Tumakuru,572107,4268
Tumakuru,572111,1720
Tumakuru,572112,3428
Tumakuru,572113,3455
Tumakuru,572114,1206
Tumakuru,572115,1299
Tumakuru,572116,2808
Tumakuru,572117,2896
Tumakuru,572118,3323
Tumakuru,572119,2350
Tumakuru,572120,3364
Tumakuru,572121,2336
Tumakuru,572122,2509
Tumakuru,572123,2639
Tumakuru,572124,1862
Tumakuru,572125,3918
Tumakuru,572126,1654
Tumakuru,572127,2692
Tumakuru,572128,2402
Tumakuru,572129,5684
Tumakuru,572130,6805
Tumakuru,572132,6312
Tumakuru,572133,2030
Tumakuru,572134,169
Tumakuru,572135,2735
Tumakuru,572136,1901
Tumakuru,572137,10453
Tumakuru,572138,2279
Tumakuru,572139,3102
Tumakuru,572140,2381
Tumakuru,572141,3359
Tumakuru,572142,613
Tumakuru,572168,2
Tumakuru,572175,1923
Tumakuru,572201,8416
Tumakuru,572202,30
Tumakuru,572211,916
Tumakuru,572212,838
Tumakuru,572213,2195
Tumakuru,572214,3981
Tumakuru,572215,1213
Tumakuru,572216,3573
Tumakuru,572217,1547
Tumakuru,572218,6089
Tumakuru,572219,2194
Tumakuru,572220,579
Tumakuru,572221,2771
Tumakuru,572222,1914
Tumakuru,572223,1664
Tumakuru,572224,3193
Tumakuru,572225,829
Tumakuru,572226,768
Tumakuru,572227,3526
Tumakuru,572228,2183
Tuticorin,628102,2
Tuticorin,628209,2
Tuticorin,628501,4
Tuticorin,628712,2
Tuticorin,628716,2
Udaipur,307025,12356
Udaipur,313001,35496
Udaipur,313002,8398
Udaipur,313003,2655
Udaipur,313004,1306
Udaipur,313011,9213
Udaipur,313015,1903
Udaipur,313022,3657
Udaipur,313024,4765
Udaipur,313025,87
Udaipur,313026,7541
Udaipur,313027,16987
Udaipur,313031,16180
Udaipur,313038,8979
Udaipur,313201,5597
Udaipur,313202,2333
Udaipur,313203,4899
Udaipur,313204,3669
Udaipur,313205,3275
Udaipur,313206,1682
Udaipur,313322,1345
Udaipur,313324,2
Udaipur,313325,80
Udaipur,313341,4
Udaipur,313601,5503
Udaipur,313602,7256
Udaipur,313603,9439
Udaipur,313604,11828
Udaipur,313605,9
Udaipur,313611,2
Udaipur,313701,11082
Udaipur,313702,8730
Udaipur,313703,6561
Udaipur,313704,9437
Udaipur,313705,7388
Udaipur,313706,7577
Udaipur,313708,8796
Udaipur,313801,9549
Udaipur,313802,11379
Udaipur,313803,12484
Udaipur,313804,9940
Udaipur,313901,3309
Udaipur,313902,8058
Udaipur,313903,7644
Udaipur,313904,611
Udaipur,313905,4760
Udaipur,313906,6602
Udalguri,784026,2
Udalguri,784110,23
Udalguri,784111,7
Udalguri,784112,27
Udalguri,784113,814
Udalguri,784114,2635
Udalguri,784115,39
Udalguri,784116,57
Udalguri,784117,604
Udalguri,784145,14
Udalguri,784146,32
Udalguri,784147,11
Udalguri,784148,9
Udalguri,784149,50
Udalguri,784153,4
Udalguri,784154,2
Udalguri,784190,1850
Udalguri,784504,2
Udalguri,784506,25
Udalguri,784507,3031
Udalguri,784508,2119
Udalguri,784509,6777
Udalguri,784510,1835
Udalguri,784513,328
Udalguri,784514,2668
Udalguri,784521,1732
Udalguri,784522,3284
Udalguri,784523,1716
Udalguri,784524,1048
Udalguri,784525,4510
Udalguri,784526,2222
Udalguri,784527,1208
Udalguri,784528,1139
Udham Singh Nagar,244712,19072
Udham Singh Nagar,244713,57936
Udham Singh Nagar,244714,14
Udham Singh Nagar,244715,2
Udham Singh Nagar,244716,306
Udham Singh Nagar,244717,75
Udham Singh Nagar,262308,36364
Udham Singh Nagar,262311,8669
Udham Singh Nagar,262401,30482
Udham Singh Nagar,262405,22165
Udham Singh Nagar,263145,1388
Udham Singh Nagar,263146,151
Udham Singh Nagar,263148,26023
Udham Singh Nagar,263149,957
Udham Singh Nagar,263150,440
Udham Singh Nagar,263151,5725
Udham Singh Nagar,263152,12828
Udham Singh Nagar,263153,28368
Udham Singh Nagar,263160,7176
Udhampur,182101,8879
Udhampur,182104,4
Udhampur,182117,2901
Udhampur,182121,8371
Udhampur,182122,19361
Udhampur,182124,6408
Udhampur,182125,8443
Udhampur,182126,4483
Udhampur,182128,6456
Udhampur,182141,6570
Udhampur,182142,1974
Udhampur,182144,1108
Udhampur,182147,2
Udhampur,182161,770
Udhampur,182301,367
Udhampur,182311,347
Udhampur,182312,18
Udhampur,182313,48
Udhampur,182315,201
Udhampur,184121,201
Udhampur,184205,3582
Udhampur,185203,558
Udupi,574101,586
Udupi,574102,533
Udupi,574103,552
Udupi,574104,1085
Udupi,574105,982
Udupi,574106,1588
Udupi,574107,702
Udupi,574108,551
Udupi,574109,29
Udupi,574110,699
Udupi,574111,759
Udupi,574112,41
Udupi,574113,160
Udupi,574114,668
Udupi,574115,285
Udupi,574116,982
Udupi,574117,866
Udupi,574118,1246
Udupi,574119,157
Udupi,574122,1133
Udupi,574129,107
Udupi,574244,210
Udupi,576101,1634
Udupi,576102,1317
Udupi,576103,1037
Udupi,576104,706
Udupi,576105,1306
Udupi,576106,634
Udupi,576107,978
Udupi,576108,677
Udupi,576111,356
Udupi,576112,1278
Udupi,576113,754
Udupi,576114,219
Udupi,576115,807
Udupi,576117,1311
Udupi,576120,486
Udupi,576121,656
Udupi,576122,139
Udupi,576124,946
Udupi,576201,1067
Udupi,576210,1048
Udupi,576211,1438
Udupi,576212,944
Udupi,576213,1773
Udupi,576214,2470
Udupi,576215,403
Udupi,576216,923
Udupi,576217,968
Udupi,576218,48
Udupi,576219,2126
Udupi,576220,242
Udupi,576221,1103
Udupi,576222,2361
Udupi,576223,454
Udupi,576224,1115
Udupi,576225,777
Udupi,576226,932
Udupi,576227,1035
Udupi,576228,1449
Udupi,576229,923
Udupi,576230,1249
Udupi,576231,538
Udupi,576232,1392
Udupi,576233,2092
Udupi,576234,898
Udupi,576235,470
Udupi,576247,543
Udupi,576257,401
Udupi,576282,262
Udupi,576283,1091
Udupi *,576211,2
Udupi *,576214,2
Udupi *,576233,2
Ujjain,456001,21707
Ujjain,456003,2415
Ujjain,456006,36266
Ujjain,456010,22723
Ujjain,456221,7206
Ujjain,456222,7705
Ujjain,456224,19505
Ujjain,456313,8904
Ujjain,456331,3396
Ujjain,456335,12147
Ujjain,456337,7457
Ujjain,456440,7014
Ujjain,456441,15039
Ujjain,456443,19405
Ujjain,456550,16007
Ujjain,456661,5021
Ujjain,456664,5900
Ujjain,456665,14874
Ujjain,456668,11363
Ujjain,456770,8649
Ujjain,456771,11287
Ujjain,456776,3193
Ujjain,465001,12
Ujjain,465106,2
Ujjain,465445,2
Ukhrul,795010,394
Ukhrul,795142,14535
Ukhrul,795143,100
Ukhrul,795144,1126
Ukhrul,795145,6969
Ukhrul,795149,1271
Umaria,484001,5440
Umaria,484551,6638
Umaria,484552,2559
Umaria,484555,9207
Umaria,484660,12623
Umaria,484661,25825
Umaria,484665,7598
Umaria,484881,2
Umaria,484886,4
Umaria,486661,43
Umaria,486771,2
Umaria,486775,11
Umaria,486886,9
Una,174301,4207
Una,174302,536
Una,174303,7767
Una,174306,2452
Una,174307,1960
Una,174308,1440
Una,174314,1025
Una,174315,3216
Una,174316,515
Una,174317,438
Una,174319,622
Una,174320,494
Una,174321,2682
Una,174503,782
Una,174507,69
Una,176601,2632
Una,177031,857
Una,177038,25
Una,177039,545
Una,177041,20
Una,177109,636
Una,177110,1149
Una,177201,1212
Una,177202,321
Una,177203,2482
Una,177204,2243
Una,177205,335
Una,177206,1203
Una,177207,1450
Una,177208,2292
Una,177209,1418
Una,177210,1928
Una,177211,2131
Una,177212,1164
Una,177213,1377
Una,177219,404
Una,177220,2186
Unakoti,799254,4
Unakoti,799263,5057
Unakoti,799264,4961
Unakoti,799277,5116
Unakoti,799279,2259
Unakoti,799280,2329
Unakoti,799281,4066
Unakoti,799288,1262
Unakoti,799290,2981
Unnao,209115,4
Unnao,209308,2
Unnao,209312,2
Unnao,209506,4524
Unnao,209801,53109
Unnao,209821,23436
Unnao,209825,14549
Unnao,209827,3106
Unnao,209831,10079
Unnao,209841,64
Unnao,209859,14897
Unnao,209861,14539
Unnao,209862,4881
Unnao,209863,543
Unnao,209864,1566
Unnao,209865,666
Unnao,209866,264
Unnao,209867,89
Unnao,209868,180
Unnao,209869,643
Unnao,209870,342
Unnao,209871,210
Unnao,209881,68
Unnao,229501,5394
Unnao,229502,1397
Unnao,229503,4451
Unnao,229504,4195
Unnao,229841,6777
Unnao,229881,7721
Unnao,241501,21153
Unnao,241502,8047
Unnao,241503,27907
Unnao,241504,26052
Upper Siang,791002,2532
Upper Siang,791102,2
Upper Siang,791105,5
Upper Siang,792061,661
Upper Subansiri,791122,7424
Uttar Bastar Kanker,494224,178
Uttar Bastar Kanker,494230,4147
Uttar Bastar Kanker,494331,2
Uttar Bastar Kanker,494333,9401
Uttar Bastar Kanker,494334,19744
Uttar Bastar Kanker,494335,14143
Uttar Bastar Kanker,494336,9042
Uttar Bastar Kanker,494337,14712
Uttar Bastar Kanker,494635,7454
Uttar Bastar Kanker,494661,636
Uttar Bastar Kanker,494665,12819
Uttar Bastar Kanker,494669,14883
Uttar Bastar Kanker,494670,12727
Uttar Bastar Kanker,494771,7568
Uttar Bastar Kanker,494776,12810
Uttar Bastar Kanker,494777,8535
Uttar Bastar Kanker,496001,2
Uttar Bastar Kanker,496118,7
Uttar Dinajpur,733123,4872
Uttar Dinajpur,733125,123
Uttar Dinajpur,733128,6723
Uttar Dinajpur,733129,8956
Uttar Dinajpur,733130,2454
Uttar Dinajpur,733132,576
Uttar Dinajpur,733134,14535
Uttar Dinajpur,733143,4523
Uttar Dinajpur,733144,1009
Uttar Dinajpur,733150,46
Uttar Dinajpur,733156,6711
Uttar Dinajpur,733157,686
Uttar Dinajpur,733201,12559
Uttar Dinajpur,733202,17974
Uttar Dinajpur,733207,17997
Uttar Dinajpur,733208,16212
Uttar Dinajpur,733209,7851
Uttar Dinajpur,733210,23946
Uttar Dinajpur,733211,2165
Uttar Dinajpur,733212,984
Uttar Dinajpur,733213,1447
Uttar Dinajpur,733214,690
Uttar Dinajpur,733215,9074
Uttar Dinajpur,733216,1085
Uttar Dinajpur,733252,306
Uttara Kannada,581121,98
Uttara Kannada,581129,622
Uttara Kannada,581186,305
Uttara Kannada,581187,388
Uttara Kannada,581301,1221
Uttara Kannada,581302,105
Uttara Kannada,581303,456
Uttara Kannada,581304,766
Uttara Kannada,581305,34
Uttara Kannada,581306,814
Uttara Kannada,581307,134
Uttara Kannada,581308,61
Uttara Kannada,581314,1737
Uttara Kannada,581315,554
Uttara Kannada,581316,654
Uttara Kannada,581317,296
Uttara Kannada,581318,1565
Uttara Kannada,581319,374
Uttara Kannada,581320,6597
Uttara Kannada,581321,328
Uttara Kannada,581322,666
Uttara Kannada,581323,732
Uttara Kannada,581324,1003
Uttara Kannada,581325,3687
Uttara Kannada,581326,399
Uttara Kannada,581327,871
Uttara Kannada,581328,127
Uttara Kannada,581329,5032
Uttara Kannada,581330,549
Uttara Kannada,581331,349
Uttara Kannada,581332,581
Uttara Kannada,581333,543
Uttara Kannada,581334,2420
Uttara Kannada,581335,406
Uttara Kannada,581336,841
Uttara Kannada,581337,356
Uttara Kannada,581338,437
Uttara Kannada,581339,472
Uttara Kannada,581340,716
Uttara Kannada,581341,360
Uttara Kannada,581342,718
Uttara Kannada,581343,1472
Uttara Kannada,581344,697
Uttara Kannada,581345,264
Uttara Kannada,581346,1821
Uttara Kannada,581347,611
Uttara Kannada,581348,1107
Uttara Kannada,581349,4073
Uttara Kannada,581350,1310
Uttara Kannada,581351,818
Uttara Kannada,581352,800
Uttara Kannada,581353,568
Uttara Kannada,581354,966
Uttara Kannada,581355,2199
Uttara Kannada,581356,1470
Uttara Kannada,581357,321
Uttara Kannada,581358,1725
Uttara Kannada,581359,1878
Uttara Kannada,581360,123
Uttara Kannada,581361,699
Uttara Kannada,581362,659
Uttara Kannada,581363,506
Uttara Kannada,581365,20
Uttara Kannada,581384,519
Uttara Kannada,581396,69
Uttara Kannada,581400,880
Uttara Kannada,581401,1381
Uttara Kannada,581402,4701
Uttara Kannada,581403,991
Uttara Kannada,581411,561
Uttara Kannada,581412,957
Uttara Kannada,581421,1254
Uttara Kannada,581423,633
Uttara Kannada,581440,766
Uttara Kannada,581450,333
Uttara Kannada,581453,1374
Uttarkashi,249123,9
Uttarkashi,249128,5
Uttarkashi,249131,127
Uttarkashi,249135,1709
Uttarkashi,249141,4558
Uttarkashi,249146,4
Uttarkashi,249151,2780
Uttarkashi,249152,5378
Uttarkashi,249165,3145
Uttarkashi,249171,3787
Uttarkashi,249181,7
Uttarkashi,249185,8703
Uttarkashi,249186,2
Uttarkashi,249193,8314
Uttarkashi,249194,640
Uttarkashi,249196,4433
Vadodara,388710,219
Vadodara,390001,10153
Vadodara,390002,7703
Vadodara,390003,169
Vadodara,390004,7129
Vadodara,390006,11231
Vadodara,390007,6028
Vadodara,390008,2796
Vadodara,390009,6885
Vadodara,390010,6057
Vadodara,390011,9701
Vadodara,390012,9223
Vadodara,390013,2967
Vadodara,390014,3042
Vadodara,390016,7076
Vadodara,390017,5745
Vadodara,390018,4515
Vadodara,390019,26884
Vadodara,390020,7030
Vadodara,390021,7840
Vadodara,390022,7956
Vadodara,390023,4084
Vadodara,390024,6522
Vadodara,390025,6438
Vadodara,391101,1691
Vadodara,391105,2058
Vadodara,391107,2548
Vadodara,391110,7718
Vadodara,391115,1347
Vadodara,391120,59
Vadodara,391121,12
Vadodara,391125,2903
Vadodara,391130,1017
Vadodara,391135,7347
Vadodara,391140,2812
Vadodara,391145,2053
Vadodara,391150,7759
Vadodara,391152,4312
Vadodara,391155,2523
Vadodara,391156,766
Vadodara,391160,16028
Vadodara,391165,16725
Vadodara,391168,7530
Vadodara,391170,7988
Vadodara,391175,1249
Vadodara,391210,2056
Vadodara,391220,1875
Vadodara,391240,7039
Vadodara,391243,878
Vadodara,391244,1630
Vadodara,391250,1935
Vadodara,391310,3297
Vadodara,391320,62
Vadodara,391330,6770
Vadodara,391340,1680
Vadodara,391345,87
Vadodara,391346,93
Vadodara,391350,2222
Vadodara,391410,4660
Vadodara,391421,1513
Vadodara,391430,2983
Vadodara,391440,12848
Vadodara,391445,3024
Vadodara,391450,1606
Vadodara,391510,3853
Vadodara,391520,1657
Vadodara,391530,3345
Vadodara,391740,5326
Vadodara,391745,1588
Vadodara,391750,20
Vadodara,391760,4649
Vadodara,391761,2270
Vadodara,391770,5059
Vadodara,391774,3382
Vadodara,391775,2286
Vadodara,391780,2919
Vadodara,392130,14
Vadodara,392210,2
Vadodara,392220,1069
Vadodara,392310,836
Vadodara,393105,536
Vaishali,843102,2195
Vaishali,843104,1058
Vaishali,843105,45
Vaishali,843110,7481
Vaishali,843114,16684
Vaishali,844101,12457
Vaishali,844102,18821
Vaishali,844103,9
Vaishali,844111,7074
Vaishali,844112,6251
Vaishali,844113,9309
Vaishali,844114,14820
Vaishali,844115,4294
Vaishali,844116,4433
Vaishali,844117,3771
Vaishali,844118,7669
Vaishali,844119,4120
Vaishali,844120,960
Vaishali,844121,13564
Vaishali,844122,24628
Vaishali,844123,9450
Vaishali,844124,6394
Vaishali,844125,8847
Vaishali,844126,10212
Vaishali,844128,4129
Vaishali,844131,996
Vaishali,844134,1160
Vaishali,844139,1529
Vaishali,844141,841
Vaishali,844501,4278
Vaishali,844502,8094
Vaishali,844503,11666
Vaishali,844504,15932
Vaishali,844505,15439
Vaishali,844506,15695
Vaishali,844507,6771
Vaishali,844508,13311
Vaishali,844509,5260
Valsad,396001,11395
Valsad,396002,866
Valsad,396007,3238
Valsad,396020,2390
Valsad,396030,1119
Valsad,396035,504
Valsad,396045,1723
Valsad,396050,17101
Valsad,396051,8471
Valsad,396055,2053
Valsad,396065,23901
Valsad,396105,7187
Valsad,396115,52
Valsad,396120,2990
Valsad,396125,5529
Valsad,396126,4802
Valsad,396130,1395
Valsad,396135,779
Valsad,396140,923
Valsad,396145,2411
Valsad,396150,2880
Valsad,396155,3623
Valsad,396165,1953
Valsad,396170,3166
Valsad,396171,488
Valsad,396180,242
Valsad,396185,2660
Valsad,396191,18826
Valsad,396193,4512
Valsad,396195,4626
Valsad,396215,87
Valsad,396230,2012
Valsad,396235,1835
Valsad,396240,677
Valsad,396375,2035
Valsad,396385,1272
Varanasi,221001,47962
Varanasi,221002,19054
Varanasi,221003,10861
Varanasi,221004,2516
Varanasi,221005,10273
Varanasi,221006,1336
Varanasi,221007,22181
Varanasi,221008,5248
Varanasi,221010,15323
Varanasi,221011,9138
Varanasi,221012,5
Varanasi,221101,16613
Varanasi,221102,20
Varanasi,221103,3234
Varanasi,221104,17579
Varanasi,221105,9293
Varanasi,221106,6880
Varanasi,221107,10904
Varanasi,221108,5066
Varanasi,221109,4569
Varanasi,221110,5
Varanasi,221111,552
Varanasi,221112,4195
Varanasi,221113,7
Varanasi,221116,2286
Varanasi,221201,8159
Varanasi,221202,11009
Varanasi,221204,11419
Varanasi,221206,7450
Varanasi,221207,5756
Varanasi,221208,7778
Varanasi,221209,852
Varanasi,221210,1078
Varanasi,221301,16
Varanasi,221302,6137
Varanasi,221305,3411
Varanasi,221307,12750
Varanasi,221311,8170
Varanasi,221313,829
Varanasi,221314,2
Varanasi,221403,8929
Varanasi,221404,2
Varanasi,221405,6162
Varanasi,221407,7
Varanasi,221505,2
Varanasi,232105,7
Varanasi,232106,4
Varanasi,232107,4
Varanasi,232108,2
Varanasi,232110,2
Varanasi,232115,2
Varanasi,232116,2
Varanasi,232119,5
Vellore,517401,30
Vellore,604407,191
Vellore,631001,1718
Vellore,631002,4234
Vellore,631003,5650
Vellore,631004,1342
Vellore,631005,499
Vellore,631006,12
Vellore,631051,3990
Vellore,631052,6228
Vellore,631101,1798
Vellore,631102,6092
Vellore,631151,2080
Vellore,631152,14
Vellore,632001,13026
Vellore,632002,8470
Vellore,632004,3202
Vellore,632006,5793
Vellore,632007,4888
Vellore,632008,1559
Vellore,632009,6978
Vellore,632010,971
Vellore,632011,1809
Vellore,632012,3582
Vellore,632013,2322
Vellore,632014,823
Vellore,632055,1108
Vellore,632057,857
Vellore,632058,747
Vellore,632059,937
Vellore,632101,3311
Vellore,632102,1385
Vellore,632103,4412
Vellore,632104,2751
Vellore,632105,2808
Vellore,632106,1814
Vellore,632107,2226
Vellore,632113,1973
Vellore,632114,1696
Vellore,632201,1066
Vellore,632202,4571
Vellore,632203,574
Vellore,632204,1944
Vellore,632209,1741
Vellore,632311,690
Vellore,632312,889
Vellore,632318,1148
Vellore,632319,1304
Vellore,632401,3254
Vellore,632403,964
Vellore,632404,2725
Vellore,632405,1392
Vellore,632406,392
Vellore,632501,4025
Vellore,632502,2338
Vellore,632503,5027
Vellore,632504,891
Vellore,632505,3448
Vellore,632506,4022
Vellore,632507,1823
Vellore,632508,4562
Vellore,632509,4161
Vellore,632510,2520
Vellore,632511,337
Vellore,632512,2849
Vellore,632513,6454
Vellore,632514,1728
Vellore,632515,1588
Vellore,632516,1048
Vellore,632517,2317
Vellore,632518,1089
Vellore,632519,1418
Vellore,632520,1606
Vellore,632521,1636
Vellore,632531,2331
Vellore,632601,5718
Vellore,632602,10656
Vellore,632603,2120
Vellore,632604,53
Vellore,635601,6310
Vellore,635602,6010
Vellore,635651,5419
Vellore,635652,3981
Vellore,635653,6037
Vellore,635654,2113
Vellore,635655,2293
Vellore,635701,2297
Vellore,635702,2349
Vellore,635710,1677
Vellore,635751,10408
Vellore,635752,3689
Vellore,635754,4086
Vellore,635801,3523
Vellore,635802,11306
Vellore,635803,3758
Vellore,635804,2443
Vellore,635805,2739
Vellore,635806,1878
Vellore,635807,1247
Vellore,635808,2732
Vellore,635809,4328
Vellore,635810,11374
Vellore,635811,3544
Vellore,635812,663
Vellore,635813,1547
Vellore,635814,2402
Vellore,635815,1406
Vellore,635851,5401
Vellore,635852,3633
Vellore,635853,2498
Vellore,635854,3728
Vellore,635901,3218
Vidisha,464001,39069
Vidisha,464111,12969
Vidisha,464113,4291
Vidisha,464114,27125
Vidisha,464220,4875
Vidisha,464221,36435
Vidisha,464224,22424
Vidisha,464226,4498
Vidisha,464228,41726
Vidisha,464240,2
Vidisha,464258,5528
Vidisha,464331,16971
Vidisha,464334,2
Vidisha,464337,6631
Vidisha,464661,2
Vijayanagara,583101,27
Vijayanagara,583102,21
Vijayanagara,583103,5
Vijayanagara,583104,14
Vijayanagara,583111,4
Vijayanagara,583113,2
Vijayanagara,583115,4
Vijayanagara,583116,5
Vijayanagara,583117,11
Vijayanagara,583119,2
Vijayanagara,583120,2
Vijayanagara,583123,4
Vijayanagara,583125,2398
Vijayanagara,583126,3790
Vijayanagara,583127,830
Vijayanagara,583130,6814
Vijayanagara,583131,2024
Vijayanagara,583132,12
Vijayanagara,583134,1115
Vijayanagara,583135,3361
Vijayanagara,583136,6442
Vijayanagara,583137,1349
Vijayanagara,583201,2238
Vijayanagara,583203,7
Vijayanagara,583211,48
Vijayanagara,583212,638
Vijayanagara,583213,798
Vijayanagara,583214,53
Vijayanagara,583215,2
Vijayanagara,583216,75
Vijayanagara,583217,146
Vijayanagara,583218,1654
Vijayanagara,583219,346
Vijayanagara,583220,59
Vijayanagara,583221,166
Vijayanagara,583222,720
Vijayanagara,583223,221
Vijayanagara,583224,55
Vijayanagara,583225,41
Vijayanagara,583239,43
Vijayapura,494111,4
Vijayapura,494441,1226
Vijayapura,494444,22082
Vijayapura,494446,3845
Vijayapura,494447,11436
Vijayapura,494448,5177
Vijayapura,494449,2
Vijayapura,494450,5916
Vijayapura,586101,15556
Vijayapura,586102,3583
Vijayapura,586103,3931
Vijayapura,586104,9205
Vijayapura,586108,3580
Vijayapura,586109,2910
Vijayapura,586111,2696
Vijayapura,586112,7411
Vijayapura,586113,5718
Vijayapura,586114,2258
Vijayapura,586115,4850
Vijayapura,586116,2274
Vijayapura,586117,5472
Vijayapura,586118,3628
Vijayapura,586119,2819
Vijayapura,586120,3696
Vijayapura,586121,1924
Vijayapura,586122,2817
Vijayapura,586123,4875
Vijayapura,586124,2997
Vijayapura,586125,3831
Vijayapura,586126,14
Vijayapura,586127,4225
Vijayapura,586128,12017
Vijayapura,586129,2436
Vijayapura,586130,3336
Vijayapura,586201,2215
Vijayapura,586202,5314
Vijayapura,586203,8888
Vijayapura,586204,4861
Vijayapura,586205,4501
Vijayapura,586206,1536
Vijayapura,586207,2716
Vijayapura,586208,3705
Vijayapura,586209,3277
Vijayapura,586210,2995
Vijayapura,586211,3168
Vijayapura,586212,3248
Vijayapura,586213,4629
Vijayapura,586214,6796
Vijayapura,586215,4726
Vijayapura,586216,3384
Vijayapura,586217,5059
Vijayapura,586245,3662
Vijayapura,587117,66
Vikarabad,501101,3131
Vikarabad,501102,5
Vikarabad,501106,1750
Vikarabad,501111,298
Vikarabad,501121,902
Vikarabad,501141,2265
Vikarabad,501142,1761
Vikarabad,501143,1436
Vikarabad,501144,1199
Vikarabad,501158,84
Vikarabad,501202,1645
Vikarabad,501203,66
Vikarabad,501501,2455
Vikarabad,501502,1586
Vikarabad,501503,62
Vikarabad,502210,16
Vikarabad,502321,7
Vikarabad,502345,50
Vikarabad,504296,2
Vikarabad,504299,11
Vikarabad,509335,1365
Vikarabad,509336,1183
Vikarabad,509338,2247
Vikarabad,509339,57
Vikarabad,509340,485
Vikarabad,509350,1278
Villupuram,604001,6784
Villupuram,604101,1044
Villupuram,604102,2447
Villupuram,604151,2135
Villupuram,604152,1720
Villupuram,604153,1336
Villupuram,604154,1269
Villupuram,604201,2978
Villupuram,604202,3753
Villupuram,604203,1406
Villupuram,604204,3035
Villupuram,604205,2680
Villupuram,604206,1969
Villupuram,604207,2263
Villupuram,604208,1785
Villupuram,604210,1199
Villupuram,604301,2318
Villupuram,604302,1803
Villupuram,604303,5093
Villupuram,604304,2254
Villupuram,604305,194
Villupuram,604306,1454
Villupuram,604307,1287
Villupuram,605006,14
Villupuram,605014,921
Villupuram,605101,533
Villupuram,605102,1358
Villupuram,605103,3136
Villupuram,605104,2801
Villupuram,605105,2336
Villupuram,605106,1237
Villupuram,605107,905
Villupuram,605108,3519
Villupuram,605109,1712
Villupuram,605110,39
Villupuram,605111,1750
Villupuram,605201,2243
Villupuram,605202,1575
Villupuram,605203,2169
Villupuram,605301,2245
Villupuram,605302,1078
Villupuram,605401,2521
Villupuram,605402,3138
Villupuram,605403,21
Villupuram,605501,2126
Villupuram,605502,470
Villupuram,605601,2785
Villupuram,605602,7652
Villupuram,605651,1766
Villupuram,605652,3493
Villupuram,605701,3621
Villupuram,605702,2896
Villupuram,605751,2842
Villupuram,605752,1965
Villupuram,605754,2046
Villupuram,605755,3040
Villupuram,605756,761
Villupuram,605757,1235
Villupuram,605758,1333
Villupuram,605759,1459
Villupuram,605766,2393
Villupuram,605801,2815
Villupuram,605802,2614
Villupuram,605803,3505
Villupuram,606102,3911
Villupuram,606104,732
Villupuram,606107,4220
Villupuram,606115,991
Villupuram,606201,6360
Villupuram,606202,4018
Villupuram,606203,2167
Villupuram,606204,2823
Villupuram,606205,4638
Villupuram,606206,5317
Villupuram,606207,9120
Villupuram,606208,2046
Villupuram,606213,2652
Villupuram,606301,2946
Villupuram,606302,2
Villupuram,606305,1502
Villupuram,606401,5920
Villupuram,606402,3589
Villupuram,606754,77
Villupuram,607101,474
Villupuram,607104,219
Villupuram,607107,1746
Villupuram,607109,55
Villupuram,607201,2046
Villupuram,607202,1508
Villupuram,607203,2652
Villupuram,607204,3758
Villupuram,607209,2156
Villupuram,607402,91
Villupuram,607805,69
Viluppuram,604001,4171
Viluppuram,604101,670
Viluppuram,604102,1969
Viluppuram,604151,1810
Viluppuram,604152,1456
Viluppuram,604153,964
Viluppuram,604154,627
Viluppuram,604201,2092
Viluppuram,604202,2480
Viluppuram,604203,1019
Viluppuram,604204,1919
Viluppuram,604205,1540
Viluppuram,604206,1600
Viluppuram,604207,1791
Viluppuram,604208,1062
Viluppuram,604210,1021
Viluppuram,604301,2652
Viluppuram,604302,1228
Viluppuram,604303,4704
Viluppuram,604304,1712
Viluppuram,604305,134
Viluppuram,604306,1126
Viluppuram,604307,1149
Viluppuram,605007,4
Viluppuram,605014,449
Viluppuram,605101,86
Viluppuram,605102,978
Viluppuram,605103,2256
Viluppuram,605104,1609
Viluppuram,605105,1600
Viluppuram,605106,720
Viluppuram,605107,469
Viluppuram,605108,2284
Viluppuram,605109,1303
Viluppuram,605110,32
Viluppuram,605111,797
Viluppuram,605201,1552
Viluppuram,605202,1156
Viluppuram,605203,1720
Viluppuram,605301,1700
Viluppuram,605302,761
Viluppuram,605401,1664
Viluppuram,605402,3147
Viluppuram,605501,2055
Viluppuram,605502,262
Viluppuram,605601,1921
Viluppuram,605602,3599
Viluppuram,605651,1254
Viluppuram,605652,2479
Viluppuram,605701,2609
Viluppuram,605702,1793
Viluppuram,605751,2505
Viluppuram,605752,1443
Viluppuram,605754,1983
Viluppuram,605755,2566
Viluppuram,605756,419
Viluppuram,605757,549
Viluppuram,605758,1107
Viluppuram,605759,677
Viluppuram,605766,2158
Viluppuram,605801,1949
Viluppuram,605802,2160
Viluppuram,605803,2149
Viluppuram,606102,3934
Viluppuram,606104,262
Viluppuram,606107,2867
Viluppuram,606115,497
Viluppuram,606201,3630
Viluppuram,606202,2443
Viluppuram,606203,2322
Viluppuram,606204,1679
Viluppuram,606205,3990
Viluppuram,606206,3448
Viluppuram,606207,5109
Viluppuram,606208,1178
Viluppuram,606213,2381
Viluppuram,606301,1481
Viluppuram,606305,1032
Viluppuram,606401,3165
Viluppuram,606402,2094
Viluppuram,606754,94
Viluppuram,607101,285
Viluppuram,607104,173
Viluppuram,607107,1504
Viluppuram,607109,4
Viluppuram,607201,1992
Viluppuram,607202,820
Viluppuram,607203,2142
Viluppuram,607204,2867
Viluppuram,607209,1992
Viluppuram,607402,68
Viluppuram,607805,37
Virudhunagar,623603,2
Virudhunagar,623605,143
Virudhunagar,623608,148
Virudhunagar,625703,18
Virudhunagar,626001,16007
Virudhunagar,626002,185
Virudhunagar,626003,2972
Virudhunagar,626004,2758
Virudhunagar,626005,2589
Virudhunagar,626101,12572
Virudhunagar,626102,3279
Virudhunagar,626103,2728
Virudhunagar,626104,2773
Virudhunagar,626105,1324
Virudhunagar,626106,10387
Virudhunagar,626107,702
Virudhunagar,626108,1826
Virudhunagar,626109,2263
Virudhunagar,626110,1693
Virudhunagar,626111,2575
Virudhunagar,626112,2669
Virudhunagar,626113,1673
Virudhunagar,626114,2087
Virudhunagar,626115,11
Virudhunagar,626116,998
Virudhunagar,626117,12427
Virudhunagar,626118,1445
Virudhunagar,626119,1281
Virudhunagar,626121,3817
Virudhunagar,626122,1276
Virudhunagar,626123,7416
Virudhunagar,626124,8687
Virudhunagar,626125,11003
Virudhunagar,626126,1484
Virudhunagar,626127,2122
Virudhunagar,626128,2306
Virudhunagar,626129,4940
Virudhunagar,626130,10143
Virudhunagar,626131,3721
Virudhunagar,626132,1851
Virudhunagar,626133,2657
Virudhunagar,626134,827
Virudhunagar,626135,34
Virudhunagar,626136,2030
Virudhunagar,626137,1762
Virudhunagar,626138,3047
Virudhunagar,626139,1007
Virudhunagar,626140,1173
Virudhunagar,626141,1876
Virudhunagar,626142,2660
Virudhunagar,626144,2
Virudhunagar,626145,53
Virudhunagar,626149,5674
Virudhunagar,626154,39
Virudhunagar,626159,2
Virudhunagar,626188,643
Virudhunagar,626189,16036
Virudhunagar,626201,2543
Virudhunagar,626202,2074
Virudhunagar,626203,12311
Virudhunagar,626204,3434
Virudhunagar,626205,1810
Virudhunagar,626607,2635
Virudhunagar,626612,1711
Virudhunagar,627713,171
Virudhunagar,630606,52
Virudhunagar,630610,399
Virudhunagar,630611,1174
Visakhapatnam,530001,12431
Visakhapatnam,530002,5239
Visakhapatnam,530003,1989
Visakhapatnam,530004,5763
Visakhapatnam,530005,1691
Visakhapatnam,530007,4685
Visakhapatnam,530008,9927
Visakhapatnam,530009,2290
Visakhapatnam,530011,8261
Visakhapatnam,530012,6060
Visakhapatnam,530013,6613
Visakhapatnam,530014,43
Visakhapatnam,530015,4
Visakhapatnam,530016,14715
Visakhapatnam,530017,11534
Visakhapatnam,530018,4328
Visakhapatnam,530020,2088
Visakhapatnam,530022,2758
Visakhapatnam,530024,2808
Visakhapatnam,530026,13969
Visakhapatnam,530027,9597
Visakhapatnam,530028,2046
Visakhapatnam,530029,1855
Visakhapatnam,530031,1447
Visakhapatnam,530032,681
Visakhapatnam,530035,2
Visakhapatnam,530040,10864
Visakhapatnam,530041,4054
Visakhapatnam,530043,1167
Visakhapatnam,530044,8986
Visakhapatnam,530045,2700
Visakhapatnam,530046,9175
Visakhapatnam,530047,4815
Visakhapatnam,530048,7579
Visakhapatnam,530049,549
Visakhapatnam,530051,3437
Visakhapatnam,530052,2292
Visakhapatnam,530053,424
Visakhapatnam,531001,9047
Visakhapatnam,531002,3215
Visakhapatnam,531011,5260
Visakhapatnam,531019,2659
Visakhapatnam,531020,2514
Visakhapatnam,531021,3904
Visakhapatnam,531022,2215
Visakhapatnam,531023,2493
Visakhapatnam,531024,8780
Visakhapatnam,531025,5492
Visakhapatnam,531026,5299
Visakhapatnam,531027,5978
Visakhapatnam,531028,4767
Visakhapatnam,531029,14769
Visakhapatnam,531030,7142
Visakhapatnam,531031,6639
Visakhapatnam,531032,4790
Visakhapatnam,531033,4790
Visakhapatnam,531034,3952
Visakhapatnam,531035,8329
Visakhapatnam,531036,9450
Visakhapatnam,531040,18475
Visakhapatnam,531055,10442
Visakhapatnam,531060,2384
Visakhapatnam,531061,6543
Visakhapatnam,531075,2498
Visakhapatnam,531077,14206
Visakhapatnam,531081,7456
Visakhapatnam,531082,1643
Visakhapatnam,531083,4571
Visakhapatnam,531084,5234
Visakhapatnam,531085,4453
Visakhapatnam,531087,3165
Visakhapatnam,531105,4508
Visakhapatnam,531111,11205
Visakhapatnam,531113,7621
Visakhapatnam,531114,7030
Visakhapatnam,531115,5781
Visakhapatnam,531116,16944
Visakhapatnam,531117,3865
Visakhapatnam,531118,16
Visakhapatnam,531126,8391
Visakhapatnam,531127,4428
Visakhapatnam,531133,7083
Visakhapatnam,531149,17242
Visakhapatnam,531151,17997
Visakhapatnam,531162,10469
Visakhapatnam,531163,9859
Visakhapatnam,531173,12049
Visakhapatnam,531219,4788
Visakhapatnam,533483,4
Visakhapatnam,535005,766
Visakhapatnam,535145,9517
Visakhapatnam,535183,1206
Visakhapatnam,535250,185
Visakhapatnam,535273,2347
Vizianagaram,531162,2780
Vizianagaram,531173,397
Vizianagaram,532122,1812
Vizianagaram,532123,237
Vizianagaram,532127,3006
Vizianagaram,532148,29
Vizianagaram,532168,385
Vizianagaram,532407,29
Vizianagaram,532440,100
Vizianagaram,532445,5
Vizianagaram,532460,12
Vizianagaram,532461,153
Vizianagaram,532462,11
Vizianagaram,535001,3200
Vizianagaram,535002,12302
Vizianagaram,535003,10499
Vizianagaram,535004,3603
Vizianagaram,535005,2808
Vizianagaram,535006,2922
Vizianagaram,535101,5665
Vizianagaram,535102,3487
Vizianagaram,535124,3503
Vizianagaram,535125,4075
Vizianagaram,535126,3787
Vizianagaram,535128,7274
Vizianagaram,535145,7620
Vizianagaram,535148,1924
Vizianagaram,535160,2097
Vizianagaram,535161,4551
Vizianagaram,535183,9827
Vizianagaram,535204,7122
Vizianagaram,535213,2750
Vizianagaram,535214,1434
Vizianagaram,535215,4448
Vizianagaram,535216,6185
Vizianagaram,535217,6274
Vizianagaram,535218,6094
Vizianagaram,535220,2349
Vizianagaram,535221,1825
Vizianagaram,535240,2655
Vizianagaram,535250,4330
Vizianagaram,535260,3489
Vizianagaram,535270,7178
Vizianagaram,535273,1869
Vizianagaram,535280,2413
Vizianagaram,535281,3241
Vizianagaram,535463,3279
Vizianagaram,535501,7304
Vizianagaram,535502,18
Vizianagaram,535521,8687
Vizianagaram,535522,3705
Vizianagaram,535523,5171
Vizianagaram,535524,3733
Vizianagaram,535525,3083
Vizianagaram,535526,4717
Vizianagaram,535527,3428
Vizianagaram,535534,3910
Vizianagaram,535546,6035
Vizianagaram,535547,6472
Vizianagaram,535557,5681
Vizianagaram,535558,12138
Vizianagaram,535568,2030
Vizianagaram,535573,2983
Vizianagaram,535578,5462
Vizianagaram,535579,7464
Vizianagaram,535580,5269
Vizianagaram,535581,1691
Vizianagaram,535591,12374
Vizianagaram,535592,3908
Vizianagaram,535593,4806
Wanaparthy,509103,3183
Wanaparthy,509104,3074
Wanaparthy,509105,975
Wanaparthy,509110,1374
Wanaparthy,509120,2165
Wanaparthy,509130,720
Wanaparthy,509131,1042
Wanaparthy,509203,27
Wanaparthy,509206,1958
Wanaparthy,509235,96
Wanaparthy,509380,912
Wanaparthy,509381,1908
Wanaparthy,509382,339
Warangal,506001,12365
Warangal,506002,14998
Warangal,506003,5328
Warangal,506004,1042
Warangal,506005,3106
Warangal,506006,6527
Warangal,506007,347
Warangal,506009,2587
Warangal,506011,159
Warangal,506013,1187
Warangal,506015,3188
Warangal,506101,13598
Warangal,506104,3248
Warangal,506105,4166
Warangal,506112,5921
Warangal,506122,4193
Warangal,506132,6092
Warangal,506134,3505
Warangal,506135,3070
Warangal,506142,3273
Warangal,506143,2833
Warangal,506144,957
Warangal,506145,2267
Warangal,506151,1538
Warangal,506163,4809
Warangal,506164,5107
Warangal,506165,3854
Warangal,506166,144
Warangal,506167,6046
Warangal,506168,2603
Warangal,506169,3514
Warangal,506172,2423
Warangal,506201,1395
Warangal,506221,3387
Warangal,506222,4619
Warangal,506223,5816
Warangal,506224,2099
Warangal,506244,5905
Warangal,506252,3642
Warangal,506301,1208
Warangal,506302,3567
Warangal,506303,2338
Warangal,506310,2905
Warangal,506313,2994
Warangal,506314,3281
Warangal,506315,5811
Warangal,506316,2429
Warangal,506317,2308
Warangal,506318,1089
Warangal,506319,1908
Warangal,506324,4881
Warangal,506330,3933
Warangal,506331,4576
Warangal,506332,2434
Warangal,506342,3730
Warangal,506343,1873
Warangal,506344,1944
Warangal,506345,2921
Warangal,506347,1828
Warangal,506348,2987
Warangal,506349,4629
Warangal,506352,1165
Warangal,506355,1941
Warangal,506356,3190
Warangal,506365,1889
Warangal,506366,1467
Warangal,506367,3133
Warangal,506368,3783
Warangal,506369,1260
Warangal,506370,2019
Warangal,506371,3054
Warangal,506381,4633
Warangal,506391,1504
Warangal (Urban),505101,2
Warangal (Urban),505102,4
Warangal (Urban),505476,12
Warangal (Urban),505498,2
Warangal Rural,506005,191
Warangal Rural,506006,627
Warangal Rural,506112,50
Warangal Rural,506122,1206
Warangal Rural,506132,508
Warangal Rural,506134,125
Warangal Rural,506163,46
Warangal Rural,506164,861
Warangal Rural,506310,593
Warangal Rural,506313,1021
Warangal Rural,506314,1518
Warangal Rural,506316,103
Warangal Rural,506319,175
Warangal Rural,506330,1404
Warangal Rural,506331,1456
Warangal Rural,506332,549
Warangal Rural,506342,709
Warangal Rural,506349,998
Warangal Rural,506365,244
Warangal Rural,506369,191
Warangal Rural,506391,200
Warangal Urban,505101,46
Warangal Urban,505102,426
Warangal Urban,505122,7
Warangal Urban,505466,4
Warangal Urban,505471,134
Warangal Urban,505480,12
Warangal Urban,505497,121
Warangal Urban,506001,2425
Warangal Urban,506002,5855
Warangal Urban,506003,964
Warangal Urban,506004,116
Warangal Urban,506005,873
Warangal Urban,506006,1124
Warangal Urban,506007,114
Warangal Urban,506009,301
Warangal Urban,506011,34
Warangal Urban,506013,650
Warangal Urban,506015,592
Warangal Urban,506142,449
Warangal Urban,506144,12
Warangal Urban,506145,30
Warangal Urban,506151,134
Warangal Urban,506166,52
Warangal Urban,506370,337
Warangal Urban,506371,481
Wardha,442001,51038
Wardha,442003,9
Wardha,442005,128
Wardha,442101,15435
Wardha,442102,10699
Wardha,442103,278
Wardha,442104,14496
Wardha,442105,2010
Wardha,442106,6964
Wardha,442110,45
Wardha,442111,886
Wardha,442201,13149
Wardha,442202,8327
Wardha,442203,17303
Wardha,442301,32800
Wardha,442302,13393
Wardha,442303,189
Wardha,442304,6579
Wardha,442305,16397
Wardha,442306,7265
Wardha,442307,7953
Washim,444105,29233
Washim,444107,3149
Washim,444110,7457
Washim,444402,7987
Washim,444403,36640
Washim,444404,30655
Washim,444405,93
Washim,444407,2
Washim,444409,385
Washim,444502,2
Washim,444503,31020
Washim,444504,17185
Washim,444505,39664
Washim,444506,22588
Washim,444507,12155
Washim,444510,8799
Washim *,444105,125
Washim *,444402,2
Washim *,444403,294
Washim *,444404,210
Washim *,444503,103
Washim *,444504,59
Washim *,444505,428
Washim *,444506,216
Washim *,444507,34
Washim *,444510,25
Wayanad,670644,3099
Wayanad,670645,9535
Wayanad,670646,3099
Wayanad,670721,4000
Wayanad,670731,2723
Wayanad,673121,6107
Wayanad,673122,2887
Wayanad,673123,1089
Wayanad,673124,68
Wayanad,673575,3284
Wayanad,673576,1190
Wayanad,673577,3466
Wayanad,673579,8952
Wayanad,673581,980
Wayanad,673591,2653
Wayanad,673592,7203
Wayanad,673593,1591
Wayanad,673595,1862
Wayanad,673596,1547
Wayanad,673613,335
West,737111,1540
West,737113,1867
West,737121,2979
West Champaran,845101,16520
West Champaran,845102,1299
West Champaran,845103,9694
West Champaran,845104,57
West Champaran,845105,26595
West Champaran,845106,22491
West Champaran,845107,4799
West Champaran,845306,9125
West Champaran,845307,15546
West Champaran,845404,15986
West Champaran,845438,39919
West Champaran,845449,18015
West Champaran,845450,11698
West Champaran,845451,13944
West Champaran,845452,18363
West Champaran,845453,15544
West Champaran,845454,21656
West Champaran,845455,24361
West Champaran,845459,11645
West Delhi,110015,20692
West Delhi,110018,37344
West Delhi,110026,3594
West Delhi,110027,25806
West Delhi,110041,80994
West Delhi,110043,7582
West Delhi,110058,7244
West Delhi,110059,101684
West Delhi,110063,13803
West Delhi,110064,21
West Delhi,110087,9941
West Garo Hills,794001,2548
West Garo Hills,794002,2213
West Garo Hills,794003,274
West Garo Hills,794005,1367
West Garo Hills,794101,1099
West Garo Hills,794103,3261
West Garo Hills,794104,33520
West Garo Hills,794105,8655
West Garo Hills,794106,2
West Garo Hills,794109,6693
West Garo Hills,794115,9
West Godavari,507114,5002
West Godavari,507121,2179
West Godavari,507135,1180
West Godavari,507301,392
West Godavari,521105,1126
West Godavari,521333,12
West Godavari,534001,10617
West Godavari,534002,6121
West Godavari,534003,3008
West Godavari,534004,4161
West Godavari,534005,3473
West Godavari,534006,565
West Godavari,534007,3150
West Godavari,534101,11465
West Godavari,534102,3291
West Godavari,534111,1728
West Godavari,534112,4027
West Godavari,534122,2386
West Godavari,534123,3174
West Godavari,534124,2129
West Godavari,534126,1748
West Godavari,534134,6349
West Godavari,534145,2922
West Godavari,534146,3202
West Godavari,534156,2341
West Godavari,534165,1082
West Godavari,534166,3029
West Godavari,534176,1949
West Godavari,534186,1780
West Godavari,534195,1349
West Godavari,534196,1700
West Godavari,534197,1422
West Godavari,534198,3662
West Godavari,534199,5889
West Godavari,534201,9801
West Godavari,534202,4469
West Godavari,534204,1413
West Godavari,534206,2021
West Godavari,534207,1860
West Godavari,534208,1793
West Godavari,534209,1363
West Godavari,534210,2124
West Godavari,534211,8432
West Godavari,534215,116
West Godavari,534216,2350
West Godavari,534217,3232
West Godavari,534218,2356
West Godavari,534222,2928
West Godavari,534225,1650
West Godavari,534227,1253
West Godavari,534230,1347
West Godavari,534235,7669
West Godavari,534236,1983
West Godavari,534237,3293
West Godavari,534238,1272
West Godavari,534239,3879
West Godavari,534240,1748
West Godavari,534243,1973
West Godavari,534244,1746
West Godavari,534245,3322
West Godavari,534247,2172
West Godavari,534250,2489
West Godavari,534260,10798
West Godavari,534265,2047
West Godavari,534266,3555
West Godavari,534267,2192
West Godavari,534268,2614
West Godavari,534269,2773
West Godavari,534275,12607
West Godavari,534280,3195
West Godavari,534281,6411
West Godavari,534301,8897
West Godavari,534302,2853
West Godavari,534305,3101
West Godavari,534311,2484
West Godavari,534312,9302
West Godavari,534313,4774
West Godavari,534315,3373
West Godavari,534316,4533
West Godavari,534318,4767
West Godavari,534320,5078
West Godavari,534324,1618
West Godavari,534326,1917
West Godavari,534327,989
West Godavari,534328,2347
West Godavari,534329,3213
West Godavari,534330,3033
West Godavari,534331,1427
West Godavari,534338,1058
West Godavari,534340,2347
West Godavari,534341,2721
West Godavari,534342,5052
West Godavari,534343,2
West Godavari,534350,7103
West Godavari,534401,2819
West Godavari,534406,3705
West Godavari,534411,2721
West Godavari,534416,1604
West Godavari,534425,5242
West Godavari,534426,4506
West Godavari,534427,2270
West Godavari,534432,1458
West Godavari,534435,5
West Godavari,534437,2210
West Godavari,534442,1524
West Godavari,534447,9742
West Godavari,534448,3115
West Godavari,534449,2839
West Godavari,534450,3142
West Godavari,534451,4875
West Godavari,534452,3858
West Godavari,534455,45
West Godavari,534456,3211
West Godavari,534460,6281
West Godavari,534461,1987
West Godavari,534462,4562
West Godavari,534467,2120
West Godavari,534475,3074
West Jaintia Hills,793109,1000
West Jaintia Hills,793150,7301
West Jaintia Hills,793151,2589
West Jaintia Hills,793161,118
West Kameng,790001,2393
West Kameng,790002,854
West Kameng,790003,1023
West Kameng,790101,4882
West Kameng,790102,467
West Kameng,790114,577
West Kameng,790116,802
West Karbi Anglong,782410,62
West Karbi Anglong,782446,14
West Karbi Anglong,782448,16
West Karbi Anglong,782450,96
West Karbi Anglong,782485,29
West Karbi Anglong,782486,5827
West Khasi Hills,793008,4
West Khasi Hills,793017,4
West Khasi Hills,793106,2
West Khasi Hills,793119,7611
West Khasi Hills,793120,3168
West Midnapore,721101,2308
West Midnapore,721102,2161
West Midnapore,721122,9
West Midnapore,721124,12
West Midnapore,721126,39
West Midnapore,721131,84
West Midnapore,721133,3368
West Midnapore,721135,650
West Midnapore,721136,16
West Midnapore,721139,2
West Midnapore,721140,55
West Midnapore,721144,14
West Midnapore,721145,1178
West Midnapore,721146,14
West Midnapore,721148,25
West Midnapore,721149,570
West Midnapore,721150,481
West Midnapore,721152,7
West Midnapore,721153,2
West Midnapore,721155,12
West Midnapore,721156,12
West Midnapore,721160,9
West Midnapore,721166,558
West Midnapore,721170,4
West Midnapore,721201,503
West Midnapore,721211,21
West Midnapore,721212,989
West Midnapore,721222,330
West Midnapore,721232,1557
West Midnapore,721242,1044
West Midnapore,721260,103
West Midnapore,721301,4207
West Midnapore,721302,14
West Midnapore,721303,7
West Midnapore,721304,936
West Midnapore,721305,1686
West Midnapore,721306,674
West Midnapore,721420,73
West Midnapore,721424,640
West Midnapore,721426,1846
West Midnapore,721435,50
West Midnapore,721436,1051
West Midnapore,721437,12
West Midnapore,721443,23
West Midnapore,721445,2
West Midnapore,721451,1472
West Midnapore,721457,620
West Midnapore,721467,57
West Midnapore,721501,4
West Midnapore,721503,4
West Midnapore,721504,2
West Midnapore,721505,7
West Midnapore,721506,2520
West Midnapore,721507,814
West Midnapore,721513,216
West Midnapore,721515,4
West Midnapore,721516,2
West Midnapore,721517,727
West Midnapore,721641,9
West Midnapore,721663,2
West Nimar,450116,310
West Nimar,450331,12
West Nimar,450551,4
West Nimar,450661,1017
West Nimar,450771,299
West Nimar,450881,62
West Nimar,451001,6973
West Nimar,451111,779
West Nimar,451113,61
West Nimar,451115,560
West Nimar,451220,14
West Nimar,451221,237
West Nimar,451224,421
West Nimar,451225,57
West Nimar,451228,1438
West Nimar,451331,125
West Nimar,451332,52
West Nimar,451335,848
West Nimar,451440,1470
West Nimar,451441,1693
West Nimar,451442,932
West Nimar,451660,132
West Siang,791001,5378
West Siang,791101,1798
West Siang,791125,975
West Siang,792051,128
West Sikkim,737111,2014
West Sikkim,737113,1987
West Sikkim,737121,1864
West Singhbhum,831001,4
West Singhbhum,831002,176
West Singhbhum,831009,36
West Singhbhum,831011,110
West Singhbhum,831013,4
West Singhbhum,831015,27
West Singhbhum,832107,23
West Singhbhum,832108,30
West Singhbhum,832109,14
West Singhbhum,832301,5
West Singhbhum,833102,33707
West Singhbhum,833103,15202
West Singhbhum,833104,19847
West Singhbhum,833105,13769
West Singhbhum,833106,2821
West Singhbhum,833201,38374
West Singhbhum,833202,2
West Singhbhum,833203,10276
West Singhbhum,833212,2229
West Singhbhum,833213,1693
West Singhbhum,833214,48533
West Singhbhum,833215,22278
West Singhbhum,833216,4
West Singhbhum,833217,1830
West Singhbhum,833218,8810
West Singhbhum,833220,2
West Singhbhum,833221,2067
West Singhbhum,833222,1704
West Singhbhum,833223,346
West Singhbhum,835216,9829
West Singhbhum,835225,4
West Singhbhum,835227,11
West Tripura,799001,9175
West Tripura,799002,5077
West Tripura,799003,12317
West Tripura,799004,17178
West Tripura,799005,1695
West Tripura,799006,5020
West Tripura,799007,1467
West Tripura,799008,7151
West Tripura,799009,3562
West Tripura,799010,4
West Tripura,799012,1491
West Tripura,799014,1121
West Tripura,799015,2931
West Tripura,799022,280
West Tripura,799035,7249
West Tripura,799045,8035
West Tripura,799046,14
West Tripura,799055,119
West Tripura,799100,1869
West Tripura,799102,9195
West Tripura,799103,7046
West Tripura,799105,789
West Tripura,799106,176
West Tripura,799115,5654
West Tripura,799116,14
West Tripura,799130,4751
West Tripura,799131,4
West Tripura,799132,312
West Tripura,799153,9
West Tripura,799181,4547
West Tripura,799201,7869
West Tripura,799202,736
West Tripura,799203,5798
West Tripura,799205,6903
West Tripura,799207,4218
West Tripura,799210,5285
West Tripura,799211,10763
West Tripura,799212,4325
West Tripura,799213,253
Wokha,797100,939
Wokha,797111,11370
Wokha,797112,21
Wokha,798601,12
Y. S. R,516001,1741
Y. S. R,516002,1313
Y. S. R,516003,1645
Y. S. R,516004,408
Y. S. R,516152,29
Y. S. R,516162,168
Y. S. R,516163,21
Y. S. R,516172,759
Y. S. R,516173,64
Y. S. R,516175,253
Y. S. R,516193,547
Y. S. R,516203,184
Y. S. R,516213,43
Y. S. R,516216,168
Y. S. R,516217,102
Y. S. R,516218,57
Y. S. R,516227,845
Y. S. R,516228,68
Y. S. R,516233,73
Y. S. R,516237,32
Y. S. R,516247,66
Y. S. R,516257,2
Y. S. R,516259,94
Y. S. R,516289,182
Y. S. R,516293,86
Y. S. R,516309,283
Y. S. R,516310,46
Y. S. R,516311,2
Y. S. R,516312,11
Y. S. R,516321,61
Y. S. R,516329,458
Y. S. R,516339,64
Y. S. R,516349,75
Y. S. R,516350,37
Y. S. R,516355,29
Y. S. R,516356,7
Y. S. R,516359,105
Y. S. R,516360,2190
Y. S. R,516361,2
Y. S. R,516362,419
Y. S. R,516380,98
Y. S. R,516390,902
Y. S. R,516396,39
Y. S. R,516401,14
Y. S. R,516411,45
Y. S. R,516421,23
Y. S. R,516431,59
Y. S. R,516432,23
Y. S. R,516433,80
Y. S. R,516434,723
Y. S. R,516439,14
Y. S. R,516444,50
Y. S. R,516454,27
Y. S. R,516464,36
Y. S. R,516474,39
Y. S. R,516484,29
Y. S. R,516501,200
Y. S. R,516502,41
Y. S. R,516503,130
Y. S. R,516505,32
Yadadri.,508101,1613
Yadadri.,508105,850
Yadadri.,508111,893
Yadadri.,508112,1488
Yadadri.,508113,1867
Yadadri.,508115,930
Yadadri.,508116,2921
Yadadri.,508126,1497
Yadadri.,508223,144
Yadadri.,508252,3598
Yadadri.,508253,2668
Yadadri.,508277,1843
Yadadri.,508284,624
Yadadri.,508285,891
Yadadri.,508286,759
Yadgir,585201,4961
Yadgir,585202,16151
Yadgir,585214,6950
Yadgir,585215,5789
Yadgir,585216,10120
Yadgir,585218,1012
Yadgir,585219,875
Yadgir,585220,2495
Yadgir,585221,6360
Yadgir,585223,9927
Yadgir,585224,1780
Yadgir,585237,3510
Yadgir,585287,2801
Yadgir,585290,7247
Yadgir,585291,3354
Yadgir,585304,2705
Yadgir,585309,5269
Yadgir,585315,4152
Yadgir,585317,7
Yadgir,585319,4988
Yadgir,585321,8541
Yadgir,585323,3525
Yadgir,585355,3633
Yamuna Nagar,133103,9924
Yamuna Nagar,133105,770
Yamuna Nagar,133202,1135
Yamuna Nagar,133204,10870
Yamuna Nagar,133206,4259
Yamuna Nagar,134202,2
Yamuna Nagar,134203,2
Yamuna Nagar,135001,50977
Yamuna Nagar,135002,4501
Yamuna Nagar,135003,16889
Yamuna Nagar,135021,5759
Yamuna Nagar,135101,10994
Yamuna Nagar,135102,10733
Yamuna Nagar,135103,9523
Yamuna Nagar,135106,4225
Yamuna Nagar,135133,17545
Yamunanagar,133103,2
Yamunanagar,133204,7
Yamunanagar,135001,1335
Yamunanagar,135002,93
Yamunanagar,135003,102
Yamunanagar,135021,4
Yamunanagar,135101,11
Yamunanagar,135102,5
Yamunanagar,135103,7
Yamunanagar,135106,2
Yamunanagar,135133,5
Yanam,533464,397
Yavatmal,445001,40494
Yavatmal,445002,15414
Yavatmal,445003,5
Yavatmal,445101,13220
Yavatmal,445102,26715
Yavatmal,445103,15305
Yavatmal,445105,10966
Yavatmal,445106,5241
Yavatmal,445109,7652
Yavatmal,445110,11032
Yavatmal,445201,17534
Yavatmal,445202,28817
Yavatmal,445203,36442
Yavatmal,445204,50117
Yavatmal,445205,27705
Yavatmal,445206,26299
Yavatmal,445207,16975
Yavatmal,445209,7908
Yavatmal,445210,5367
Yavatmal,445211,8316
Yavatmal,445215,35321
Yavatmal,445216,1830
Yavatmal,445230,15009
Yavatmal,445301,18373
Yavatmal,445302,24514
Yavatmal,445303,17752
Yavatmal,445304,44420
Yavatmal,445305,11502
Yavatmal,445306,7491
Yavatmal,445307,6044
Yavatmal,445308,4073
Yavatmal,445323,9204
Yavatmal,445401,9163
Yavatmal,445402,6802
Zunheboto,797104,25
Zunheboto,797105,11
Zunheboto,797109,1851
Zunheboto,798601,144
Zunheboto,798619,225
Zunheboto,798620,11896
Zunheboto,798627,37
